Date,FX
2016-01-01,15.46
2016-01-02,15.46
2016-01-03,15.46064
2016-01-04,15.523
2016-01-05,15.63765
2016-01-06,15.85788
2016-01-07,16.05868
2016-01-08,16.12
2016-01-09,16.28551
2016-01-10,16.8172
2016-01-11,16.84924
2016-01-12,16.6255
2016-01-13,16.571
2016-01-14,16.42068
2016-01-15,16.755
2016-01-16,16.76023
2016-01-17,16.87037
2016-01-18,16.83909
2016-01-19,16.73427
2016-01-20,16.71
2016-01-21,16.52091
2016-01-22,16.4054
2016-01-23,16.4625
2016-01-24,16.40698
2016-01-25,16.53639
2016-01-26,16.35556
2016-01-27,16.43858
2016-01-28,16.167
2016-01-29,15.864
2016-01-31,15.86128
2016-02-01,15.92008
2016-02-02,16.2857
2016-02-03,15.93229
2016-02-04,15.84285
2016-02-05,16.0227
2016-02-07,16.00649
2016-02-08,16.11597
2016-02-09,16.04532
2016-02-10,15.90035
2016-02-11,15.8243
2016-02-12,15.8656
2016-02-14,15.86608
2016-02-15,15.71418
2016-02-16,15.7728
2016-02-17,15.4598
2016-02-18,15.38
2016-02-19,15.3755
2016-02-21,15.3776
2016-02-22,15.18336
2016-02-23,15.2291
2016-02-24,15.59698
2016-02-25,15.58518
2016-02-26,16.1412
2016-02-28,16.16004
2016-02-29,15.84028
2016-03-01,15.56986
2016-03-02,15.54973
2016-03-03,15.5881
2016-03-04,15.22502
2016-03-06,15.30315
2016-03-07,15.24158
2016-03-08,15.42038
2016-03-09,15.2103
2016-03-10,15.36342
2016-03-11,15.205
2016-03-13,15.22618
2016-03-14,15.52243
2016-03-15,15.9578
2016-03-16,15.67748
2016-03-17,15.16898
2016-03-18,15.2065
2016-03-20,15.27936
2016-03-21,15.22337
2016-03-22,15.19408
2016-03-23,15.3391
2016-03-24,15.43508
2016-03-25,15.39
2016-03-27,15.42345
2016-03-28,15.43755
2016-03-29,15.20058
2016-03-30,14.9095
2016-03-31,14.63419
2016-04-01,14.57457
2016-04-03,14.6916
2016-04-04,14.771
2016-04-05,15.08345
2016-04-06,15.07917
2016-04-07,15.24498
2016-04-08,14.9631
2016-04-10,14.92193
2016-04-11,14.75467
2016-04-12,14.70155
2016-04-13,14.5242
2016-04-14,14.5416
2016-04-15,14.521
2016-04-17,14.68259
2016-04-18,14.45735
2016-04-19,14.28718
2016-04-20,14.2
2016-04-21,14.3127
2016-04-22,14.3869
2016-04-24,14.37775
2016-04-25,14.43388
2016-04-26,14.37907
2016-04-27,14.354
2016-04-28,14.28576
2016-04-29,14.21
2016-05-01,14.17686
2016-05-02,14.256
2016-05-03,14.63618
2016-05-04,14.94708
2016-05-05,14.94767
2016-05-06,14.7343
2016-05-08,14.819
2016-05-09,15.13819
2016-05-10,15.0931
2016-05-11,15.01141
2016-05-12,15.03783
2016-05-13,15.4058
2016-05-15,15.45799
2016-05-16,15.63948
2016-05-17,15.61398
2016-05-18,15.86318
2016-05-19,15.7895
2016-05-20,15.6154
2016-05-22,15.6195
2016-05-23,15.72025
2016-05-24,15.65008
2016-05-25,15.65247
2016-05-26,15.51768
2016-05-27,15.711
2016-05-29,15.7021
2016-05-30,15.80372
2016-05-31,15.71166
2016-06-01,15.58133
2016-06-02,15.556
2016-06-03,15.0802
2016-06-05,15.11499
2016-06-06,14.889
2016-06-07,14.91804
2016-06-08,14.73166
2016-06-09,14.80854
2016-06-10,15.16257
2016-06-12,15.22615
2016-06-13,15.12448
2016-06-14,15.3338
2016-06-15,15.17088
2016-06-16,15.32009
2016-06-17,15.12
2016-06-19,15.03588
2016-06-20,14.82368
2016-06-21,14.75008
2016-06-22,14.56598
2016-06-23,14.54938
2016-06-24,14.9525
2016-06-26,15.20192
2016-06-27,15.39325
2016-06-28,15.14388
2016-06-29,14.77125
2016-06-30,14.7355
2016-07-01,14.5265
2016-07-03,14.59088
2016-07-04,14.57475
2016-07-05,14.76448
2016-07-06,14.72
2016-07-07,14.76889
2016-07-08,14.47
2016-07-10,14.54865
2016-07-11,14.44628
2016-07-12,14.34125
2016-07-13,14.47654
2016-07-14,14.25708
2016-07-15,14.568
2016-07-17,14.39888
2016-07-18,14.23695
2016-07-19,14.33145
2016-07-20,14.29
2016-07-21,14.22075
2016-07-22,14.2974
2016-07-24,14.28837
2016-07-25,14.35847
2016-07-26,14.33175
2016-07-27,14.20768
2016-07-28,14.1339
2016-07-29,13.8415
2016-07-31,13.89365
2016-08-01,13.92225
2016-08-02,14.00709
2016-08-03,13.9055
2016-08-04,13.69158
2016-08-05,13.68
2016-08-07,13.75189
2016-08-08,13.5875
2016-08-09,13.42682
2016-08-10,13.24017
2016-08-11,13.3937
2016-08-12,13.43155
2016-08-14,13.447
2016-08-15,13.288
2016-08-16,13.4089
2016-08-17,13.3624
2016-08-18,13.3535
2016-08-19,13.49
2016-08-21,13.4837
2016-08-22,13.5608
2016-08-23,13.88675
2016-08-24,14.1551
2016-08-25,14.1918
2016-08-26,14.3227
2016-08-28,14.2918
2016-08-29,14.3959
2016-08-30,14.4695
2016-08-31,14.6793
2016-09-01,14.5762
2016-09-02,14.4513
2016-09-03,14.4653
2016-09-04,14.47521
2016-09-05,14.3793
2016-09-06,13.99057
2016-09-07,13.9964
2016-09-08,14.11705
2016-09-09,14.4087
2016-09-10,14.4075
2016-09-11,14.37898
2016-09-12,14.24468
2016-09-13,14.43086
2016-09-14,14.30692
2016-09-15,14.1919
2016-09-16,14.1678
2016-09-18,14.1957
2016-09-19,13.9973
2016-09-20,13.8942
2016-09-21,13.5772
2016-09-22,13.61345
2016-09-23,13.6989
2016-09-24,13.707
2016-09-25,13.74907
2016-09-26,13.69628
2016-09-27,13.4403
2016-09-28,13.6232
2016-09-29,13.9181
2016-09-30,13.715
2016-10-01,13.7156
2016-10-02,13.7368
2016-10-03,13.5967
2016-10-04,13.8203
2016-10-05,13.72128
2016-10-06,13.88338
2016-10-07,13.84441
2016-10-09,13.7843
2016-10-10,13.7767
2016-10-11,14.3337
2016-10-12,14.2284
2016-10-13,14.2498
2016-10-14,14.31672
2016-10-15,14.3095
2016-10-16,14.295
2016-10-17,14.128
2016-10-18,13.8666
2016-10-19,13.8184
2016-10-20,13.9328
2016-10-21,13.9738
2016-10-22,13.9685
2016-10-23,13.93068
2016-10-24,13.90657
2016-10-25,13.7458
2016-10-26,13.8724
2016-10-27,13.8447
2016-10-28,13.80499
2016-10-29,13.8185
2016-10-30,13.7766
2016-10-31,13.462
2016-11-01,13.61214
2016-11-02,13.4442
2016-11-03,13.4314
2016-11-04,13.5841
2016-11-05,13.5841
2016-11-06,13.5283
2016-11-07,13.3752
2016-11-08,13.23121
2016-11-09,13.4785
2016-11-10,14.0695
2016-11-11,14.21
2016-11-13,14.2393
2016-11-14,14.4018
2016-11-15,14.1615
2016-11-16,14.2805
2016-11-17,14.42445
2016-11-18,14.205
2016-11-20,14.4234
2016-11-21,14.2089
2016-11-22,14.06238
2016-11-23,14.1267
2016-11-24,14.138
2016-11-25,14.09739
2016-11-26,14.13
2016-11-27,14.02298
2016-11-28,13.72418
2016-11-29,13.8726
2016-11-30,14.08938
2016-12-01,14.0918
2016-12-02,13.7936
2016-12-03,13.77211
2016-12-04,13.90778
2016-12-05,13.70911
2016-12-06,13.6345
2016-12-07,13.45887
2016-12-08,13.64098
2016-12-09,13.7838
2016-12-10,13.8246
2016-12-11,13.8069
2016-12-12,13.6001
2016-12-13,13.5809
2016-12-14,13.95249
2016-12-15,13.9575
2016-12-16,13.93516
2016-12-17,13.9869
2016-12-18,14.005
2016-12-19,14.13078
2016-12-20,13.91838
2016-12-21,13.9667
2016-12-22,14.0317
2016-12-23,13.9025
2016-12-24,13.985
2016-12-25,14.0276
2016-12-26,13.9938
2016-12-27,13.9164
2016-12-28,13.8546
2016-12-29,13.5743
2016-12-30,13.68865
2016-12-31,13.6782
2017-01-01,13.73569
2017-01-02,13.7104
2017-01-03,13.79659
2017-01-04,13.5974
2017-01-05,13.5715
2017-01-06,13.745
2017-01-07,13.7433
2017-01-08,13.7449
2017-01-09,13.6445
2017-01-10,13.7269
2017-01-11,13.7182
2017-01-12,13.523
2017-01-13,13.43715
2017-01-14,13.5006
2017-01-15,13.52615
2017-01-16,13.66298
2017-01-17,13.45436
2017-01-18,13.6175
2017-01-19,13.542
2017-01-20,13.5713
2017-01-21,13.5801
2017-01-22,13.60689
2017-01-23,13.4539
2017-01-24,13.36187
2017-01-25,13.2308
2017-01-26,13.33947
2017-01-27,13.46
2017-01-28,13.465
2017-01-29,13.46817
2017-01-30,13.50808
2017-01-31,13.46736
2017-02-01,13.4565
2017-02-02,13.3734
2017-02-03,13.2588
2017-02-04,13.25507
2017-02-05,13.2539
2017-02-06,13.28262
2017-02-07,13.4268
2017-02-08,13.4069
2017-02-09,13.41819
2017-02-10,13.25
2017-02-11,13.3538
2017-02-12,13.36888
2017-02-13,13.3152
2017-02-14,13.0766
2017-02-15,12.9007
2017-02-16,13.0088
2017-02-17,12.9334
2017-02-18,13.06
2017-02-19,13.06583
2017-02-20,13.05248
2017-02-21,13.14442
2017-02-22,12.99801
2017-02-23,12.8535
2017-02-24,12.9415
2017-02-25,12.881
2017-02-26,12.9235
2017-02-27,12.9917
2017-02-28,13.1229
2017-03-01,13.0088
2017-03-02,13.1432
2017-03-03,13.0237
2017-03-04,13.01
2017-03-05,12.9989
2017-03-06,13.0038
2017-03-07,12.9571
2017-03-08,13.14038
2017-03-09,13.3139
2017-03-10,13.1618
2017-03-12,13.19544
2017-03-13,13.12288
2017-03-14,13.1397
2017-03-15,12.8094
2017-03-16,12.7574
2017-03-17,12.6825
2017-03-18,12.7063
2017-03-19,12.69895
2017-03-20,12.63802
2017-03-21,12.6719
2017-03-22,12.55937
2017-03-23,12.4556
2017-03-24,12.422
2017-03-25,12.422
2017-03-26,12.39896
2017-03-27,12.7389
2017-03-28,12.97658
2017-03-29,13.0408
2017-03-30,13.4326
2017-03-31,13.4104
2017-04-01,13.41275
2017-04-02,13.35569
2017-04-03,13.6907
2017-04-04,13.6013
2017-04-05,13.78008
2017-04-06,13.7719
2017-04-07,13.7227
2017-04-08,13.7688
2017-04-09,13.7577
2017-04-10,13.9137
2017-04-11,13.80515
2017-04-12,13.4618
2017-04-13,13.4381
2017-04-14,13.3887
2017-04-15,13.4071
2017-04-16,13.39268
2017-04-17,13.292
2017-04-18,13.26328
2017-04-19,13.2651
2017-04-20,13.1314
2017-04-21,13.1046
2017-04-22,13.11408
2017-04-23,12.9809
2017-04-24,13.0195
2017-04-25,13.07068
2017-04-26,13.24742
2017-04-27,13.339
2017-04-28,13.36
2017-04-29,13.3634
2017-04-30,13.3338
2017-05-01,13.3858
2017-05-02,13.3378
2017-05-03,13.4328
2017-05-04,13.6325
2017-05-05,13.4047
2017-05-06,13.40856
2017-05-07,13.45108
2017-05-08,13.60702
2017-05-09,13.6215
2017-05-10,13.4883
2017-05-11,13.3558
2017-05-12,13.3516
2017-05-13,13.33434
2017-05-14,13.3668
2017-05-15,13.168
2017-05-16,13.0707
2017-05-17,13.2572
2017-05-18,13.40925
2017-05-19,13.2238
2017-05-20,13.2277
2017-05-21,13.2011
2017-05-22,13.2337
2017-05-23,13.092
2017-05-24,12.8897
2017-05-25,12.9161
2017-05-26,12.8587
2017-05-27,12.8544
2017-05-28,12.81991
2017-05-29,12.99144
2017-05-30,13.11018
2017-05-31,13.0755
2017-06-01,12.88739
2017-06-02,12.7801
2017-06-03,12.8015
2017-06-04,12.814
2017-06-05,12.69053
2017-06-06,12.809
2017-06-07,12.8157
2017-06-08,12.91717
2017-06-09,12.9375
2017-06-10,12.8794
2017-06-11,12.91112
2017-06-12,12.81986
2017-06-13,12.77304
2017-06-14,12.62761
2017-06-15,12.8686
2017-06-16,12.795
2017-06-17,12.7941
2017-06-18,12.793
2017-06-19,12.97757
2017-06-20,13.0585
2017-06-21,13.0587
2017-06-22,12.9623
2017-06-23,12.9087
2017-06-24,12.9266
2017-06-25,12.9118
2017-06-26,12.8653
2017-06-27,13.00911
2017-06-28,12.9256
2017-06-29,12.9865
2017-06-30,13.0624
2017-07-01,13.0993
2017-07-02,13.0495
2017-07-03,13.1948
2017-07-04,13.1832
2017-07-05,13.3856
2017-07-06,13.4095
2017-07-07,13.3602
2017-07-08,13.39
2017-07-09,13.3769
2017-07-10,13.444
2017-07-11,13.5336
2017-07-12,13.2431
2017-07-13,13.2
2017-07-14,13.0225
2017-07-15,13.01389
2017-07-16,13.0206
2017-07-17,12.9416
2017-07-18,12.90289
2017-07-19,12.92828
2017-07-20,13.0202
2017-07-21,12.9088
2017-07-22,12.9008
2017-07-23,12.9123
2017-07-24,12.9519
2017-07-25,13.0649
2017-07-26,12.8931
2017-07-27,13.00029
2017-07-28,12.9775
2017-07-29,12.9885
2017-07-30,12.989
2017-07-31,13.1614
2017-08-01,13.24856
2017-08-02,13.2136
2017-08-03,13.3677
2017-08-04,13.42
2017-08-05,13.418
2017-08-06,13.4011
2017-08-07,13.21737
2017-08-08,13.3561
2017-08-09,13.4259
2017-08-10,13.44798
2017-08-11,13.4449
2017-08-12,13.4645
2017-08-13,13.4314
2017-08-14,13.2929
2017-08-15,13.3074
2017-08-16,13.1689
2017-08-17,13.28479
2017-08-18,13.1463
2017-08-19,13.1412
2017-08-20,13.1594
2017-08-21,13.1494
2017-08-22,13.2046
2017-08-23,13.1478
2017-08-24,13.19626
2017-08-25,13.0025
2017-08-26,13.0047
2017-08-27,13.001
2017-08-28,13.07415
2017-08-29,12.9891
2017-08-30,13.0065
2017-08-31,12.9859
2017-09-01,12.9291
2017-09-02,12.9254
2017-09-03,12.94245
2017-09-04,12.9354
2017-09-05,12.9011
2017-09-06,12.7882
2017-09-07,12.79842
2017-09-08,12.8997
2017-09-09,12.8936
2017-09-10,12.903
2017-09-11,12.96424
2017-09-12,12.97738
2017-09-13,13.1409
2017-09-14,13.1165
2017-09-15,13.1307
2017-09-16,13.13071
2017-09-17,13.151
2017-09-18,13.2846
2017-09-19,13.32448
2017-09-20,13.3195
2017-09-21,13.28398
2017-09-22,13.2344
2017-09-23,13.23131
2017-09-24,13.2344
2017-09-25,13.3251
2017-09-26,13.3591
2017-09-27,13.5739
2017-09-28,13.5101
2017-09-29,13.5473
2017-09-30,13.54731
2017-10-01,13.5473
2017-10-02,13.5821
2017-10-03,13.6421
2017-10-04,13.5656
2017-10-05,13.66414
2017-10-06,13.765
2017-10-07,13.7091
2017-10-08,13.7562
2017-10-09,13.7905
2017-10-10,13.6839
2017-10-11,13.5123
2017-10-12,13.4638
2017-10-13,13.2558
2017-10-14,13.2528
2017-10-15,13.2636
2017-10-16,13.32788
2017-10-17,13.3809
2017-10-18,13.554
2017-10-19,13.504
2017-10-20,13.6309
2017-10-21,13.6284
2017-10-22,13.6919
2017-10-23,13.687
2017-10-24,13.7385
2017-10-25,14.0726
2017-10-26,14.23728
2017-10-27,14.0888
2017-10-28,14.10309
2017-10-29,14.09952
2017-10-30,14.0461
2017-10-31,14.1193
2017-11-01,14.0523
2017-11-02,13.972
2017-11-03,14.209
2017-11-04,14.209
2017-11-05,14.1927
2017-11-06,14.10259
2017-11-07,14.2086
2017-11-08,14.14794
2017-11-09,14.24815
2017-11-10,14.3494
2017-11-11,14.3654
2017-11-12,14.382
2017-11-13,14.4579
2017-11-14,14.3602
2017-11-15,14.3922
2017-11-16,14.1383
2017-11-17,13.965
2017-11-18,13.9761
2017-11-19,13.9932
2017-11-20,14.0351
2017-11-21,13.9639
2017-11-22,13.8178
2017-11-23,13.8721
2017-11-24,14.1283
2017-11-25,13.8729
2017-11-26,14.04962
2017-11-27,13.74909
2017-11-28,13.66382
2017-11-29,13.64883
2017-11-30,13.7125
2017-12-01,13.6888
2017-12-02,13.7018
2017-12-03,13.7496
2017-12-04,13.5175
2017-12-05,13.44788
2017-12-06,13.5216
2017-12-07,13.7195
2017-12-08,13.6613
2017-12-09,13.64
2017-12-10,13.6643
2017-12-11,13.5996
2017-12-12,13.6585
2017-12-13,13.4612
2017-12-14,13.4876
2017-12-15,13.0174
2017-12-16,13.08973
2017-12-17,13.0854
2017-12-18,12.72832
2017-12-19,12.72407
2017-12-20,12.73026
2017-12-21,12.746
2017-12-22,12.5406
2017-12-23,12.5837
2017-12-24,12.5921
2017-12-25,12.5916
2017-12-26,12.4875
2017-12-27,12.2524
2017-12-28,12.3955
2017-12-29,12.1036
2017-12-30,12.3574
2017-12-31,12.31999
2018-01-01,12.387
2018-01-02,12.43562
2018-01-03,12.361
2018-01-04,12.2872
2018-01-05,12.2765
2018-01-06,12.28169
2018-01-07,12.29554
2018-01-08,12.3724
2018-01-09,12.3315
2018-01-10,12.419
2018-01-11,12.37839
2018-01-12,12.3721
2018-01-13,12.3517
2018-01-14,12.36862
2018-01-15,12.2873
2018-01-16,12.25434
2018-01-17,12.30578
2018-01-18,12.114
2018-01-19,12.129
2018-01-20,12.186
2018-01-21,12.0755
2018-01-22,12.0421
2018-01-23,12.0251
2018-01-24,11.8736
2018-01-25,11.9085
2018-01-26,11.85
2018-01-27,11.84779
2018-01-28,11.8519
2018-01-29,11.9365
2018-01-30,11.9611
2018-01-31,11.8384
2018-02-01,11.8362
2018-02-02,12.075
2018-02-03,12.0766
2018-02-04,12.06077
2018-02-05,12.1049
2018-02-06,11.9288
2018-02-07,12.06018
2018-02-08,12.14497
2018-02-09,11.9824
2018-02-10,11.9824
2018-02-11,12.02052
2018-02-12,11.8927
2018-02-13,11.9592
2018-02-14,11.7165
2018-02-15,11.6176
2018-02-16,11.6125
2018-02-17,11.6125
2018-02-18,11.6151
2018-02-19,11.67318
2018-02-20,11.7175
2018-02-21,11.6617
2018-02-22,11.6506
2018-02-23,11.5538
2018-02-24,11.5538
2018-02-25,11.56729
2018-02-26,11.5638
2018-02-27,11.6993
2018-02-28,11.776
2018-03-01,11.846
2018-03-02,11.9079
2018-03-03,11.9079
2018-03-04,11.91745
2018-03-05,11.83222
2018-03-06,11.8448
2018-03-07,11.83839
2018-03-08,11.90765
2018-03-09,11.8022
2018-03-10,11.8003
2018-03-11,11.81022
2018-03-12,11.809
2018-03-13,11.7792
2018-03-14,11.7627
2018-03-15,11.8971
2018-03-16,11.96
2018-03-17,11.96
2018-03-18,11.97678
2018-03-19,12.0081
2018-03-20,11.9496
2018-03-21,11.82247
2018-03-22,11.8774
2018-03-23,11.7225
2018-03-24,11.7225
2018-03-25,11.6955
2018-03-26,11.6366
2018-03-27,11.64468
2018-03-28,11.7682
2018-03-29,11.83108
2018-03-30,11.8168
2018-03-31,11.8168
2018-04-01,11.83418
2018-04-02,11.85196
2018-04-03,11.8166
2018-04-04,11.8622
2018-04-05,11.98848
2018-04-06,12.017
2018-04-07,12.017
2018-04-08,12.02456
2018-04-09,12.08783
2018-04-10,12.0265
2018-04-11,11.9432
2018-04-12,12.0417
2018-04-13,12.0713
2018-04-14,12.0713
2018-04-15,12.07851
2018-04-16,12.033
2018-04-17,11.9812
2018-04-18,11.92418
2018-04-19,11.9669
2018-04-20,12.0885
2018-04-21,12.0935
2018-04-22,12.0917
2018-04-23,12.3372
2018-04-24,12.3134
2018-04-25,12.4311
2018-04-26,12.3766
2018-04-27,12.3132
2018-04-28,12.3142
2018-04-29,12.3187
2018-04-30,12.44297
2018-05-01,12.6605
2018-05-02,12.6898
2018-05-03,12.5876
2018-05-04,12.4847
2018-05-05,12.4953
2018-05-06,12.4971
2018-05-07,12.52997
2018-05-08,12.57742
2018-05-09,12.55356
2018-05-10,12.30681
2018-05-11,12.249
2018-05-12,12.2285
2018-05-13,12.2455
2018-05-14,12.3153
2018-05-15,12.57049
2018-05-16,12.42875
2018-05-17,12.60612
2018-05-18,12.7563
2018-05-19,12.7563
2018-05-20,12.7507
2018-05-21,12.66902
2018-05-22,12.5569
2018-05-23,12.4544
2018-05-24,12.4154
2018-05-25,12.4838
2018-05-26,12.4838
2018-05-27,12.4745
2018-05-28,12.45176
2018-05-29,12.68988
2018-05-30,12.5179
2018-05-31,12.70072
2018-06-01,12.6756
2018-06-03,12.6681
2018-06-04,12.56735
2018-06-05,12.74732
2018-06-06,12.7006
2018-06-07,12.9655
2018-06-08,13.0566
2018-06-09,13.058
2018-06-10,13.0564
2018-06-11,13.1461
2018-06-12,13.2929
2018-06-13,13.30733
2018-06-14,13.4371
2018-06-15,13.417
2018-06-16,13.417
2018-06-17,13.4136
2018-06-18,13.6488
2018-06-19,13.73431
2018-06-20,13.65634
2018-06-21,13.58198
2018-06-22,13.4179
2018-06-23,13.4183
2018-06-24,13.40458
2018-06-25,13.5112
2018-06-26,13.5157
2018-06-27,13.8492
2018-06-28,13.7671
2018-06-29,13.7141
2018-06-30,13.7141
2018-07-01,13.7091
2018-07-02,13.8275
2018-07-03,13.67738
2018-07-04,13.6689
2018-07-05,13.5311
2018-07-06,13.4552
2018-07-07,13.4552
2018-07-08,13.4462
2018-07-09,13.3978
2018-07-10,13.3697
2018-07-11,13.5471
2018-07-12,13.3041
2018-07-13,13.261
2018-07-14,13.261
2018-07-15,13.2507
2018-07-16,13.21158
2018-07-17,13.2698
2018-07-18,13.26785
2018-07-19,13.53617
2018-07-20,13.4102
2018-07-21,13.4
2018-07-22,13.3828
2018-07-23,13.4484
2018-07-24,13.2685
2018-07-25,13.0975
2018-07-26,13.2327
2018-07-27,13.1643
2018-07-28,13.16421
2018-07-29,13.175
2018-07-30,13.15527
2018-07-31,13.2329
2018-08-01,13.21438
2018-08-02,13.4325
2018-08-03,13.3102
2018-08-04,13.31019
2018-08-05,13.33908
2018-08-06,13.4304
2018-08-07,13.3158
2018-08-08,13.3935
2018-08-09,13.6848
2018-08-10,14.075
2018-08-11,14.075
2018-08-12,14.23765
2018-08-13,14.3775
2018-08-14,14.2682
2018-08-15,14.59156
2018-08-16,14.7108
2018-08-17,14.6204
2018-08-18,14.639
2018-08-19,14.7428
2018-08-20,14.5008
2018-08-21,14.3843
2018-08-22,14.1592
2018-08-23,14.3835
2018-08-24,14.15
2018-08-25,14.15001
2018-08-26,14.2418
2018-08-27,14.1593
2018-08-28,14.1928
2018-08-29,14.33773
2018-08-30,14.69838
2018-08-31,14.6725
2018-09-01,14.6725
2018-09-02,14.71525
2018-09-03,14.85
2018-09-04,15.3187
2018-09-05,15.4011
2018-09-06,15.3116
2018-09-07,15.2218
2018-09-08,15.2218
2018-09-09,15.25
2018-09-10,15.1882
2018-09-11,15.0587
2018-09-12,14.9426
2018-09-13,14.7655
2018-09-14,14.9121
2018-09-15,14.92167
2018-09-16,14.9347
2018-09-17,14.96794
2018-09-18,14.8588
2018-09-19,14.6375
2018-09-20,14.2979
2018-09-21,14.3015
2018-09-22,14.3015
2018-09-23,14.3401
2018-09-24,14.3555
2018-09-25,14.3307
2018-09-26,14.13263
2018-09-27,14.1043
2018-09-28,14.1318
2018-09-29,14.1318
2018-09-30,14.1016
2018-10-01,14.2074
2018-10-02,14.34846
2018-10-03,14.6295
2018-10-04,14.8302
2018-10-05,14.7712
2018-10-06,14.771
2018-10-07,14.8114
2018-10-08,14.8448
2018-10-09,14.565
2018-10-10,14.7546
2018-10-11,14.5796
2018-10-12,14.5019
2018-10-13,14.50183
2018-10-14,14.5272
2018-10-15,14.3324
2018-10-16,14.17477
2018-10-17,14.2407
2018-10-18,14.4276
2018-10-19,14.388
2018-10-20,14.38015
2018-10-21,14.4138
2018-10-22,14.32185
2018-10-23,14.2187
2018-10-24,14.5484
2018-10-25,14.60586
2018-10-26,14.5871
2018-10-27,14.5871
2018-10-28,14.563
2018-10-29,14.6974
2018-10-30,14.595
2018-10-31,14.755
2018-11-01,14.3983
2018-11-02,14.2908
2018-11-03,14.29079
2018-11-04,14.2613
2018-11-05,14.1388
2018-11-06,14.0974
2018-11-07,13.9106
2018-11-08,14.11584
2018-11-09,14.3025
2018-11-10,14.3109
2018-11-11,14.3349
2018-11-12,14.4527
2018-11-13,14.4222
2018-11-14,14.35779
2018-11-15,14.1899
2018-11-16,13.99
2018-11-17,13.99
2018-11-18,13.9718
2018-11-19,14.01468
2018-11-20,14.0914
2018-11-21,13.9244
2018-11-22,13.7312
2018-11-23,13.8438
2018-11-24,13.854
2018-11-25,13.84532
2018-11-26,13.9055
2018-11-27,13.9088
2018-11-28,13.7662
2018-11-29,13.6531
2018-11-30,13.8541
2018-12-01,13.865
2018-12-02,13.7172
2018-12-03,13.6838
2018-12-04,13.8246
2018-12-05,13.8312
2018-12-06,14.0389
2018-12-07,14.1465
2018-12-08,14.1461
2018-12-09,14.1763
2018-12-10,14.3516
2018-12-11,14.3175
2018-12-12,14.096
2018-12-13,14.1729
2018-12-14,14.385
2018-12-15,14.38831
2018-12-16,14.3751
2018-12-17,14.38
2018-12-18,14.33305
2018-12-19,14.3619
2018-12-20,14.37975
2018-12-21,14.6225
2018-12-22,14.6222
2018-12-23,14.6319
2018-12-24,14.5095
2018-12-25,14.581
2018-12-26,14.4998
2018-12-27,14.4932
2018-12-28,14.4148
2018-12-29,14.41647
2018-12-30,14.4153
2018-12-31,14.1258
2019-01-01,14.38765
2019-01-02,14.5583
2019-01-03,14.309
2019-01-04,13.9473
2019-01-05,13.9473
2019-01-06,13.9807
2019-01-07,13.8607
2019-01-08,13.9463
2019-01-09,13.8439
2019-01-10,13.85456
2019-01-11,13.8201
2019-01-12,13.8201
2019-01-13,13.8567
2019-01-14,13.7627
2019-01-15,13.7202
2019-01-16,13.679
2019-01-17,13.7104
2019-01-18,13.815
2019-01-19,13.82821
2019-01-20,13.819
2019-01-21,13.8098
2019-01-22,13.9544
2019-01-23,13.8077
2019-01-24,13.7081
2019-01-25,13.605
2019-01-26,13.615
2019-01-27,13.60364
2019-01-28,13.65725
2019-01-29,13.608
2019-01-30,13.3279
2019-01-31,13.2488
2019-02-01,13.3075
2019-02-02,13.30837
2019-02-03,13.3153
2019-02-04,13.4102
2019-02-05,13.365
2019-02-06,13.52803
2019-02-07,13.6086
2019-02-08,13.6124
2019-02-09,13.621
2019-02-10,13.6078
2019-02-11,13.7817
2019-02-12,13.7503
2019-02-13,14.03952
2019-02-14,14.1149
2019-02-15,14.054
2019-02-16,14.054
2019-02-17,14.0801
2019-02-19,14.0303
2019-02-20,14.0087
2019-02-21,14.0107
2019-02-22,13.9828
2019-02-23,13.993
2019-02-24,13.95397
2019-02-25,13.8164
2019-02-26,13.82805
2019-02-27,13.9166
2019-02-28,14.0592
2019-03-01,14.214
2019-03-03,14.1735
2019-03-04,14.1875
2019-03-05,14.1661
2019-03-06,14.2561
2019-03-07,14.50098
2019-03-08,14.4249
2019-03-09,14.4249
2019-03-10,14.4116
2019-03-11,14.2974
2019-03-12,14.3488
2019-03-13,14.4079
2019-03-14,14.5124
2019-03-15,14.3777
2019-03-16,14.3934
2019-03-17,14.4213
2019-03-18,14.4285
2019-03-19,14.50062
2019-03-20,14.2217
2019-03-21,14.1994
2019-03-22,14.4775
2019-03-23,14.495
2019-03-24,14.4713
2019-03-25,14.3004
2019-03-26,14.4071
2019-03-27,14.5991
2019-03-28,14.5846
2019-03-29,14.478
2019-03-30,14.4824
2019-03-31,14.3271
2019-04-01,14.1768
2019-04-02,14.2026
2019-04-03,14.1257
2019-04-04,14.1044
2019-04-05,14.0805
2019-04-06,14.08049
2019-04-07,14.0962
2019-04-08,14.1178
2019-04-09,14.0753
2019-04-10,13.8938
2019-04-11,14.0078
2019-04-12,13.9403
2019-04-13,13.9403
2019-04-14,13.9525
2019-04-15,14.0354
2019-04-16,14.0189
2019-04-17,13.9624
2019-04-18,14.0389
2019-04-19,14.042
2019-04-20,14.042
2019-04-21,14.0747
2019-04-22,14.1501
2019-04-23,14.2532
2019-04-24,14.438
2019-04-25,14.4075
2019-04-26,14.3657
2019-04-27,14.3691
2019-04-28,14.3526
2019-04-29,14.3075
2019-04-30,14.2891
2019-05-01,14.4351
2019-05-02,14.5158
2019-05-03,14.336
2019-05-04,14.336
2019-05-05,14.45149
2019-05-06,14.4525
2019-05-07,14.4275
2019-05-08,14.3683
2019-05-09,14.3314
2019-05-10,14.1448
2019-05-11,14.15881
2019-05-12,14.1948
2019-05-13,14.323
2019-05-14,14.2388
2019-05-15,14.2046
2019-05-16,14.28002
2019-05-17,14.4266
2019-05-18,14.38737
2019-05-19,14.4199
2019-05-20,14.37317
2019-05-21,14.4079
2019-05-22,14.3597
2019-05-23,14.48604
2019-05-24,14.39
2019-05-25,14.396
2019-05-26,14.4183
2019-05-27,14.4275
2019-05-28,14.6988
2019-05-29,14.6291
2019-05-30,14.769
2019-05-31,14.5696
2019-06-01,14.5696
2019-06-02,14.5997
2019-06-03,14.4461
2019-06-04,14.6273
2019-06-05,14.8352
2019-06-06,15.0037
2019-06-07,14.9441
2019-06-08,14.94391
2019-06-09,14.9185
2019-06-10,14.8079
2019-06-11,14.6532
2019-06-12,14.8614
2019-06-13,14.85611
2019-06-14,14.8028
2019-06-15,14.834
2019-06-16,14.791
2019-06-17,14.796
2019-06-18,14.5105
2019-06-19,14.3222
2019-06-20,14.3339
2019-06-21,14.3183
2019-06-22,14.3183
2019-06-23,14.31428
2019-06-24,14.3534
2019-06-25,14.3252
2019-06-26,14.2201
2019-06-27,14.1579
2019-06-28,14.0711
2019-06-29,14.0711
2019-06-30,14.0704
2019-07-01,14.1293
2019-07-02,14.0743
2019-07-03,14.0529
2019-07-04,14.03847
2019-07-05,14.1625
2019-07-06,14.1625
2019-07-07,14.1952
2019-07-08,14.1795
2019-07-09,14.1808
2019-07-10,13.9746
2019-07-11,13.9526
2019-07-12,13.9437
2019-07-13,13.94361
2019-07-14,13.9578
2019-07-15,13.90064
2019-07-16,13.9413
2019-07-17,13.9967
2019-07-18,13.8627
2019-07-19,13.9225
2019-07-20,13.936
2019-07-21,13.9124
2019-07-22,13.8531
2019-07-23,13.9237
2019-07-24,13.8669
2019-07-25,14.0785
2019-07-26,14.2813
2019-07-27,14.2788
2019-07-28,14.2423
2019-07-29,14.16284
2019-07-30,14.17879
2019-07-31,14.3306
2019-08-01,14.6048
2019-08-02,14.7717
2019-08-03,14.77209
2019-08-04,14.7277
2019-08-05,14.9459
2019-08-06,14.9272
2019-08-07,15.0485
2019-08-08,15.0387
2019-08-09,15.2385
2019-08-10,15.2385
2019-08-11,15.275
2019-08-12,15.2872
2019-08-13,15.1327
2019-08-14,15.4052
2019-08-15,15.2459
2019-08-16,15.2896
2019-08-17,15.28945
2019-08-18,15.2853
2019-08-19,15.4472
2019-08-20,15.3487
2019-08-21,15.1839
2019-08-22,15.2143
2019-08-23,15.2367
2019-08-24,15.246
2019-08-25,15.34612
2019-08-26,15.2681
2019-08-27,15.3197
2019-08-28,15.3966
2019-08-29,15.3117
2019-08-30,15.1698
2019-08-31,15.16979
2019-09-01,15.2203
2019-09-02,15.2342
2019-09-03,15.1015
2019-09-04,14.7943
2019-09-05,14.8638
2019-09-06,14.7922
2019-09-07,14.802
2019-09-08,14.7896
2019-09-09,14.758
2019-09-10,14.6551
2019-09-11,14.6761
2019-09-12,14.5877
2019-09-13,14.5628
2019-09-14,14.5628
2019-09-15,14.6221
2019-09-16,14.6542
2019-09-17,14.6925
2019-09-18,14.6765
2019-09-19,14.8024
2019-09-20,14.8989
2019-09-21,14.8989
2019-09-22,14.9064
2019-09-23,14.8818
2019-09-24,14.8517
2019-09-25,14.9823
2019-09-26,15.0181
2019-09-27,15.1326
2019-09-28,15.151
2019-09-29,15.1217
2019-09-30,15.13698
2019-10-01,15.3223
2019-10-02,15.2669
2019-10-03,15.1204
2019-10-04,15.0157
2019-10-05,15.04
2019-10-06,15.067
2019-10-07,15.1673
2019-10-08,15.27365
2019-10-09,15.2013
2019-10-10,15.0164
2019-10-11,14.7451
2019-10-12,14.75771
2019-10-13,14.7729
2019-10-14,14.8041
2019-10-15,14.8689
2019-10-16,14.9289
2019-10-17,14.8189
2019-10-18,14.7393
2019-10-19,14.77617
2019-10-20,14.7523
2019-10-21,14.7545
2019-10-22,14.5778
2019-10-23,14.63919
2019-10-24,14.6765
2019-10-25,14.6129
2019-10-26,14.6129
2019-10-27,14.6198
2019-10-28,14.5651
2019-10-29,14.62
2019-10-30,14.971
2019-10-31,15.0934
2019-11-01,14.9935
2019-11-03,14.8404
2019-11-04,14.7688
2019-11-05,14.7468
2019-11-06,14.8049
2019-11-07,14.715
2019-11-08,14.8536
2019-11-09,14.85175
2019-11-10,14.85346
2019-11-11,14.8825
2019-11-12,14.9263
2019-11-13,14.8985
2019-11-14,14.82005
2019-11-15,14.691
2019-11-16,14.69101
2019-11-17,14.70721
2019-11-18,14.8074
2019-11-19,14.756
2019-11-20,14.783
2019-11-21,14.6731
2019-11-22,14.72849
2019-11-23,14.72849
2019-11-24,14.6994
2019-11-25,14.7573
2019-11-26,14.7792
2019-11-27,14.7594
2019-11-28,14.7007
2019-11-29,14.6421
2019-11-30,14.64211
2019-12-01,14.64877
2019-12-02,14.54609
2019-12-03,14.6326
2019-12-04,14.5803
2019-12-05,14.6249
2019-12-06,14.6077
2019-12-07,14.6077
2019-12-08,14.61129
2019-12-09,14.6667
2019-12-10,14.77407
2019-12-11,14.6762
2019-12-12,14.4127
2019-12-13,14.47281
2019-12-14,14.47281
2019-12-15,14.5231
2019-12-16,14.37834
2019-12-17,14.38733
2019-12-18,14.29499
2019-12-19,14.2139
2019-12-20,14.28411
2019-12-21,14.28411
2019-12-22,14.2615
2019-12-23,14.1991
2019-12-24,14.14951
2019-12-25,14.15085
2019-12-26,14.13117
2019-12-27,14.02
2019-12-28,14.02
2019-12-29,14.05089
2019-12-30,14.09859
2019-12-31,13.9959
2020-01-01,14.00292
2020-01-02,14.078
2020-01-03,14.2671
2020-01-04,14.2671
2020-01-05,14.31825
2020-01-06,14.2027
2020-01-07,14.3552
2020-01-08,14.15649
2020-01-09,14.2129
2020-01-10,14.29287
2020-01-11,14.37481
2020-01-12,14.33015
2020-01-13,14.3784
2020-01-14,14.3996
2020-01-15,14.3787
2020-01-16,14.40177
2020-01-17,14.4706
2020-01-18,14.4706
2020-01-19,14.47749
2020-01-20,14.4918
2020-01-21,14.4819
2020-01-22,14.329
2020-01-23,14.3677
2020-01-24,14.40401
2020-01-25,14.40401
2020-01-26,14.44936
2020-01-27,14.5803
2020-01-28,14.5428
2020-01-29,14.5917
2020-01-30,14.7402
2020-01-31,14.98745
2020-02-01,14.98745
2020-02-02,14.99741
2020-02-03,14.8664
2020-02-04,14.76749
2020-02-05,14.742
2020-02-06,14.90333
2020-02-07,15.06333
2020-02-08,15.06333
2020-02-09,15.071
2020-02-10,14.9535
2020-02-11,14.7916
2020-02-12,14.8655
2020-02-13,14.90496
2020-02-14,14.89485
2020-02-15,14.89485
2020-02-16,14.8814
2020-02-17,14.9757
2020-02-18,15.0016
2020-02-19,14.9823
2020-02-20,15.1139
2020-02-21,14.99039
2020-02-22,14.99039
2020-02-23,15.05999
2020-02-24,15.1134
2020-02-25,15.21498
2020-02-26,15.27
2020-02-27,15.47
2020-02-28,15.6645
2020-02-29,15.6645
2020-03-01,15.7584
2020-03-02,15.3949
2020-03-03,15.3994
2020-03-04,15.2545
2020-03-05,15.586
2020-03-06,15.65731
2020-03-07,15.65979
2020-03-08,16.06493
2020-03-09,16.05101
2020-03-10,15.9457
2020-03-11,16.2484
2020-03-12,16.5618
2020-03-13,15.92933
2020-03-14,15.92933
2020-03-15,16.24716
2020-03-16,16.5985
2020-03-17,16.5243
2020-03-18,17.09253
2020-03-19,17.34199
2020-03-20,17.53193
2020-03-21,17.53193
2020-03-22,17.67245
2020-03-23,17.7552
2020-03-24,17.4951
2020-03-25,17.2764
2020-03-26,17.2994
2020-03-27,17.48397
2020-03-28,17.48397
2020-03-29,17.90184
2020-03-30,17.9209
2020-03-31,17.7423
2020-04-01,18.1294
2020-04-02,18.4719
2020-04-03,19.02709
2020-04-04,19.02709
2020-04-05,19.2486
2020-04-06,18.58686
2020-04-07,18.2319
2020-04-08,18.2005
2020-04-09,18.0311
2020-04-10,17.94061
2020-04-11,17.94061
2020-04-12,18.02704
2020-04-13,18.0968
2020-04-14,18.2903
2020-04-15,18.6562
2020-04-16,18.66206
2020-04-17,18.80037
2020-04-18,18.7934
2020-04-19,18.7988
2020-04-20,18.7743
2020-04-21,18.9562
2020-04-22,18.98461
2020-04-23,19.1018
2020-04-24,18.98381
2020-04-25,19.032
2020-04-26,19.0203
2020-04-27,18.80147
2020-04-28,18.5884
2020-04-29,18.1449
2020-04-30,18.53447
2020-05-01,18.7975
2020-05-02,18.7975
2020-05-03,18.91421
2020-05-04,18.4545
2020-05-05,18.4722
2020-05-06,18.81188
2020-05-07,18.5219
2020-05-08,18.33589
2020-05-09,18.3359
2020-05-10,18.3202
2020-05-11,18.4018
2020-05-12,18.4067
2020-05-13,18.4675
2020-05-14,18.423
2020-05-15,18.56277
2020-05-16,18.56277
2020-05-17,18.5671
2020-05-18,18.336
2020-05-19,18.3227
2020-05-20,17.91739
2020-05-21,17.5713
2020-05-22,17.59791
2020-05-23,17.59791
2020-05-24,17.5579
2020-05-25,17.6352
2020-05-26,17.3808
2020-05-27,17.34112
2020-05-28,17.4773
2020-05-29,17.53777
2020-05-30,17.53777
2020-05-31,17.5635
2020-06-01,17.38256
2020-06-02,17.15149
2020-06-03,16.8954
2020-06-04,16.8752
2020-06-05,16.81369
2020-06-06,16.81369
2020-06-07,16.751
2020-06-08,16.6506
2020-06-09,16.5836
2020-06-10,16.4915
2020-06-11,17.19983
2020-06-12,16.86773
2020-06-13,16.86773
2020-06-14,17.17335
2020-06-15,17.08975
2020-06-16,17.166
2020-06-17,17.18102
2020-06-18,17.3704
2020-06-19,17.29
2020-06-20,17.29
2020-06-21,17.3861
2020-06-22,17.2558
2020-06-23,17.1867
2020-06-24,17.3925
2020-06-25,17.1273
2020-06-26,17.25871
2020-06-27,17.25871
2020-06-28,17.2989
2020-06-29,17.2192
2020-06-30,17.34192
2020-07-01,17.0393
2020-07-02,16.9553
2020-07-03,16.99943
2020-07-04,16.99943
2020-07-05,17.04167
2020-07-06,16.97965
2020-07-07,17.16215
2020-07-08,16.9017
2020-07-09,16.82497
2020-07-10,16.75851
2020-07-11,16.769
2020-07-12,16.80745
2020-07-13,16.7858
2020-07-14,16.6835
2020-07-15,16.5728
2020-07-16,16.726
2020-07-17,16.6773
2020-07-18,16.6773
2020-07-19,16.6603
2020-07-20,16.61693
2020-07-21,16.3839
2020-07-22,16.47975
2020-07-23,16.6342
2020-07-24,16.64795
2020-07-25,16.64795
2020-07-26,16.6623
2020-07-27,16.3884
2020-07-28,16.4709
2020-07-29,16.54818
2020-07-30,16.7251
2020-07-31,17.05389
2020-08-01,17.05389
2020-08-02,17.02238
2020-08-03,17.186
2020-08-04,17.35237
2020-08-05,17.3242
2020-08-06,17.4172
2020-08-07,17.61723
2020-08-08,17.6348
2020-08-09,17.66855
2020-08-10,17.6569
2020-08-11,17.4913
2020-08-12,17.4511
2020-08-13,17.4082
2020-08-14,17.38163
2020-08-15,17.38163
2020-08-16,17.3627
2020-08-17,17.4995
2020-08-18,17.30747
2020-08-19,17.2501
2020-08-20,17.24375
2020-08-21,17.14115
2020-08-22,17.14115
2020-08-23,17.1402
2020-08-24,16.95935
2020-08-25,16.81631
2020-08-26,16.8533
2020-08-27,17.0336
2020-08-28,16.53979
2020-08-29,16.53979
2020-08-30,16.57086
2020-08-31,16.94722
2020-09-01,16.62817
2020-09-02,16.8052
2020-09-03,16.7508
2020-09-04,16.53681
2020-09-05,16.53681
2020-09-06,16.62093
2020-09-07,16.7016
2020-09-08,16.9567
2020-09-09,16.5837
2020-09-10,16.8383
2020-09-11,16.69321
2020-09-12,16.69321
2020-09-13,16.70255
2020-09-14,16.647
2020-09-15,16.4117
2020-09-16,16.2647
2020-09-17,16.1301
2020-09-18,16.32641
2020-09-19,16.32641
2020-09-20,16.28549
2020-09-21,16.7599
2020-09-22,16.76543
2020-09-23,17.0647
2020-09-24,16.9003
2020-09-25,17.03663
2020-09-26,17.03663
2020-09-27,17.1105
2020-09-28,16.9967
2020-09-29,16.92698
2020-09-30,16.7308
2020-10-01,16.449
2020-10-02,16.43255
2020-10-03,16.43255
2020-10-04,16.459
2020-10-05,16.5483
2020-10-06,16.6883
2020-10-07,16.61481
2020-10-08,16.57559
2020-10-09,16.45097
2020-10-10,16.45097
2020-10-11,16.4905
2020-10-12,16.4925
2020-10-13,16.4622
2020-10-14,16.52909
2020-10-15,16.5625
2020-10-16,16.51621
2020-10-17,16.51621
2020-10-18,16.5066
2020-10-19,16.5122
2020-10-20,16.44861
2020-10-21,16.33758
2020-10-22,16.1785
2020-10-23,16.18519
2020-10-24,16.18519
2020-10-25,16.21861
2020-10-26,16.1796
2020-10-27,16.186
2020-10-28,16.3492
2020-10-29,16.3586
2020-10-30,16.2341
2020-11-01,16.27285
2020-11-02,16.1756
2020-11-03,16.0092
2020-11-04,15.86405
2020-11-05,15.6739
2020-11-06,15.56371
2020-11-07,15.56371
2020-11-08,15.592
2020-11-09,15.3672
2020-11-10,15.58933
2020-11-11,15.62565
2020-11-12,15.6403
2020-11-13,15.5
2020-11-14,15.5
2020-11-15,15.50145
2020-11-16,15.28709
2020-11-17,15.3318
2020-11-18,15.45174
2020-11-19,15.4295
2020-11-20,15.39999
2020-11-22,15.42598
2020-11-23,15.358
2020-11-24,15.1774
2020-11-25,15.11858
2020-11-26,15.209
2020-11-27,15.25209
2020-11-28,15.25209
2020-11-29,15.23555
2020-11-30,15.4363
2020-12-01,15.24325
2020-12-02,15.276
2020-12-03,15.16744
2020-12-04,15.17371
2020-12-05,15.17371
2020-12-06,15.20665
2020-12-07,15.14492
2020-12-08,14.9702
2020-12-09,14.96234
2020-12-10,14.957
2020-12-11,15.18131
2020-12-12,15.18131
2020-12-13,15.0424
2020-12-14,15.002
2020-12-15,14.8825
2020-12-16,14.8169
2020-12-17,14.6296
2020-12-18,14.52743
2020-12-19,14.52743
2020-12-20,14.71643
2020-12-21,14.6
2020-12-22,14.67807
2020-12-23,14.59272
2020-12-24,14.5352
2020-12-25,14.40271
2020-12-26,14.40271
2020-12-27,14.6099
2020-12-28,14.62291
2020-12-29,14.7159
2020-12-30,14.6413
2020-12-31,14.4812
2021-01-01,14.5904
2021-01-02,14.5904
2021-01-03,14.64985
2021-01-04,14.6754
2021-01-05,14.9503
2021-01-06,15.03079
2021-01-07,15.419
2021-01-08,15.28721
2021-01-09,15.2949
2021-01-10,15.30445
2021-01-11,15.50922
2021-01-12,15.1923
2021-01-13,15.24522
2021-01-14,15.0829
2021-01-15,15.21711
2021-01-16,15.21777
2021-01-17,15.22505
2021-01-18,15.1364
2021-01-19,14.98835
2021-01-20,14.88254
2021-01-21,14.94527
2021-01-22,15.13411
2021-01-23,15.13411
2021-01-24,15.13325
2021-01-25,15.2144
2021-01-26,15.04236
2021-01-27,15.2622
2021-01-28,15.1885
2021-01-29,15.14478
2021-01-30,15.1624
2021-01-31,15.173
2021-02-01,15.0574
2021-02-02,14.9104
2021-02-03,14.8911
2021-02-04,14.9963
2021-02-05,14.8306
2021-02-06,14.83575
2021-02-07,14.91765
2021-02-08,14.86396
2021-02-09,14.6985
2021-02-10,14.7509
2021-02-11,14.6111
2021-02-12,14.53391
2021-02-13,14.5339
2021-02-14,14.54345
2021-02-15,14.4346
2021-02-16,14.6676
2021-02-17,14.5606
2021-02-18,14.587
2021-02-19,14.61
2021-02-20,14.61001
2021-02-21,14.65705
2021-02-22,14.6622
2021-02-23,14.55274
2021-02-24,14.4816
2021-02-25,14.9981
2021-02-26,15.09081
2021-02-27,15.09081
2021-02-28,15.03948
2021-03-01,14.9617
2021-03-02,14.9228
2021-03-03,15.0619
2021-03-04,15.2794
2021-03-05,15.28541
2021-03-06,15.28541
2021-03-07,15.31145
2021-03-08,15.5246
2021-03-09,15.28199
2021-03-10,15.0659
2021-03-11,14.8031
2021-03-12,14.94143
2021-03-13,14.94143
2021-03-14,14.9353
2021-03-15,14.8548
2021-03-16,14.8603
2021-03-17,14.6056
2021-03-18,14.72831
2021-03-19,14.47025
2021-03-20,14.47025
2021-03-21,14.81163
2021-03-22,14.7025
2021-03-23,14.8812
2021-03-24,14.95036
2021-03-25,14.99572
2021-03-26,14.9517
2021-03-27,14.9517
2021-03-28,14.97195
2021-03-29,14.91073
2021-03-30,14.90118
2021-03-31,14.7792
2021-04-01,14.6139
2021-04-02,14.64593
2021-04-03,14.64593
2021-04-04,14.61769
2021-04-05,14.54608
2021-04-06,14.5124
2021-04-07,14.5391
2021-04-08,14.51682
2021-04-09,14.59011
2021-04-10,14.60807
2021-04-11,14.57631
2021-04-12,14.5591
2021-04-13,14.493
2021-04-14,14.3869
2021-04-15,14.1434
2021-04-16,14.29751
2021-04-17,14.29851
2021-04-18,14.30222
2021-04-19,14.2082
2021-04-20,14.2855
2021-04-21,14.2175
2021-04-22,14.30928
2021-04-23,14.26167
2021-04-24,14.2815
2021-04-25,14.27289
2021-04-26,14.27168
2021-04-27,14.36869
2021-04-28,14.2041
2021-04-29,14.2818
2021-04-30,14.49195
2021-05-01,14.4902
2021-05-02,14.4586
2021-05-03,14.3977
2021-05-04,14.4622
2021-05-05,14.34459
2021-05-06,14.18649
2021-05-07,14.08371
2021-05-08,14.0567
2021-05-09,14.0553
2021-05-10,14.03803
2021-05-11,13.9736
2021-05-12,14.1156
2021-05-13,14.12931
2021-05-14,14.1277
2021-05-15,14.1277
2021-05-16,14.12544
2021-05-17,14.09261
2021-05-18,14.00752
2021-05-19,14.1013
2021-05-20,13.97797
2021-05-21,13.95483
2021-05-22,13.95483
2021-05-23,13.95645
2021-05-24,13.9142
2021-05-25,13.8391
2021-05-26,13.76079
2021-05-27,13.75646
2021-05-28,13.7789
2021-05-29,13.7789
2021-05-30,13.7685
2021-05-31,13.7073
2021-06-01,13.75723
2021-06-02,13.51487
2021-06-03,13.62108
2021-06-04,13.34741
2021-06-05,13.34741
2021-06-06,13.41794
2021-06-07,13.52866
2021-06-08,13.56951
2021-06-09,13.73229
2021-06-10,13.5933
2021-06-11,13.6411
2021-06-12,13.64111
2021-06-13,13.707
2021-06-14,13.76508
2021-06-15,13.7601
2021-06-16,13.9827
2021-06-17,14.098
2021-06-18,14.32963
2021-06-19,14.32963
2021-06-20,14.3354
2021-06-21,14.2145
2021-06-22,14.25803
2021-06-23,14.2096
2021-06-24,14.18934
2021-06-25,14.14055
2021-06-26,14.14055
2021-06-27,14.15214
2021-06-28,14.2474
2021-06-29,14.3424
2021-06-30,14.2315
2021-07-01,14.42413
2021-07-02,14.18143
2021-07-03,14.20193
2021-07-04,14.20053
2021-07-05,14.2407
2021-07-06,14.33703
2021-07-07,14.28018
2021-07-08,14.26254
2021-07-09,14.0487
2021-07-10,14.05897
2021-07-11,14.22678
2021-07-12,14.36552
2021-07-13,14.70522
2021-07-14,14.4415
2021-07-15,14.53564
2021-07-16,14.37881
2021-07-17,14.38653
2021-07-18,14.3895
2021-07-19,14.53068
2021-07-20,14.59157
2021-07-21,14.57449
2021-07-22,14.6976
2021-07-23,14.76791
2021-07-24,14.77049
2021-07-25,14.79343
2021-07-26,14.74652
2021-07-27,14.7581
2021-07-28,14.7194
2021-07-29,14.5168
2021-07-30,14.44441
2021-07-31,14.44441
2021-08-01,14.5986
2021-08-02,14.4556
2021-08-03,14.3036
2021-08-04,14.32773
2021-08-05,14.47642
2021-08-06,14.61791
2021-08-07,14.61825
2021-08-08,14.64091
2021-08-09,14.769
2021-08-10,14.76785
2021-08-11,14.6092
2021-08-12,14.7598
2021-08-13,14.71073
2021-08-14,14.71073
2021-08-15,14.6714
2021-08-16,14.8086
2021-08-17,14.87305
2021-08-18,14.93385
2021-08-19,15.1957
2021-08-20,15.18751
2021-08-21,15.19265
2021-08-22,15.28835
2021-08-23,15.1179
2021-08-24,14.9794
2021-08-25,14.92125
2021-08-26,14.8929
2021-08-27,14.71405
2021-08-28,14.71405
2021-08-29,14.7057
2021-08-30,14.62375
2021-08-31,14.48843
2021-09-01,14.36735
2021-09-02,14.4308
2021-09-03,14.28881
2021-09-04,14.28881
2021-09-05,14.2963
2021-09-06,14.2194
2021-09-07,14.2654
2021-09-08,14.15585
2021-09-09,14.1899
2021-09-10,14.19561
2021-09-11,14.19561
2021-09-12,14.165
2021-09-13,14.1095
2021-09-14,14.3234
2021-09-15,14.3633
2021-09-16,14.57455
2021-09-17,14.7524
2021-09-18,14.7524
2021-09-19,14.74005
2021-09-20,14.7552
2021-09-21,14.8455
2021-09-22,14.7715
2021-09-23,14.7339
2021-09-24,14.74731
2021-09-26,14.91781
2021-09-27,14.92158
2021-09-28,15.0908
2021-09-29,15.1433
2021-09-30,15.0717
2021-10-01,14.82807
2021-10-02,14.82807
2021-10-03,14.8448
2021-10-04,15.0282
2021-10-05,14.98582
2021-10-06,14.9451
2021-10-07,14.9374
2021-10-08,14.97093
2021-10-09,14.9303
2021-10-10,14.9026
2021-10-11,15.0524
2021-10-12,14.9561
2021-10-13,14.7689
2021-10-14,14.7603
2021-10-15,14.37461
2021-10-16,14.37461
2021-10-17,14.5792
2021-10-18,14.6645
2021-10-19,14.48521
2021-10-20,14.37712
2021-10-21,14.6473
2021-10-22,14.6813
2021-10-23,14.68197
2021-10-24,14.8125
2021-10-25,14.6951
2021-10-26,14.81068
2021-10-27,15.0562
2021-10-28,15.10896
2021-10-29,15.21571
2021-10-30,15.21571
2021-10-31,15.19125
2021-11-01,15.39611
2021-11-02,15.4132
2021-11-03,15.2131
2021-11-04,15.1996
2021-11-05,15.0285
2021-11-06,15.0285
2021-11-07,15.02276
2021-11-08,14.9065
2021-11-09,15.0053
2021-11-10,15.4177
2021-11-11,15.2943
2021-11-12,15.19021
2021-11-13,15.23119
2021-11-14,15.2991
2021-11-15,15.2026
2021-11-16,15.4775
2021-11-17,15.4757
2021-11-18,15.6308
2021-11-19,15.5685
2021-11-20,15.5685
2021-11-21,15.6946
2021-11-22,15.8429
2021-11-23,15.82104
2021-11-24,15.8478
2021-11-25,16.119
2021-11-26,16.24169
2021-11-28,16.0994
2021-11-29,16.10312
2021-11-30,15.86001
2021-12-01,16.0138
2021-12-02,15.9149
2021-12-03,16.0712
2021-12-04,16.077
2021-12-05,16.025
2021-12-06,15.8971
2021-12-07,15.8363
2021-12-08,15.66575
2021-12-09,15.9363
2021-12-10,15.86491
2021-12-11,15.98783
2021-12-12,15.94996
2021-12-13,15.9971
2021-12-14,16.0765
2021-12-15,15.9625
2021-12-16,15.9245
2021-12-17,15.81429
2021-12-18,15.82969
2021-12-19,15.9045
2021-12-20,15.7437
2021-12-21,15.8287
2021-12-22,15.7047
2021-12-23,15.62187
2021-12-24,15.54545
2021-12-25,15.54545
2021-12-26,15.5197
2021-12-27,15.5254
2021-12-28,15.73158
2021-12-29,15.90975
2021-12-30,15.8891
2021-12-31,15.9337
2022-01-01,15.9337
2022-01-02,15.9299
2022-01-03,15.8615
2022-01-04,15.99912
2022-01-05,15.85063
2022-01-06,15.6973
2022-01-07,15.5753
2022-01-08,15.5875
2022-01-09,15.54733
2022-01-10,15.6593
2022-01-11,15.48848
2022-01-12,15.27967
2022-01-13,15.3946
2022-01-14,15.3603
2022-01-15,15.3603
2022-01-16,15.31875
2022-01-17,15.3296
2022-01-18,15.4871
2022-01-19,15.29739
2022-01-20,15.2157
2022-01-21,15.07709
2022-01-22,15.07709
2022-01-23,15.06206
2022-01-24,15.23
2022-01-25,15.2375
2022-01-26,15.29272
2022-01-27,15.43066
2022-01-28,15.57507
2022-01-29,15.57507
2022-01-30,15.58227
2022-01-31,15.34202
2022-02-01,15.235
2022-02-02,15.30661
2022-02-03,15.23155
2022-02-04,15.43087
2022-02-05,15.43087
2022-02-06,15.4153
2022-02-07,15.4859
2022-02-08,15.32115
2022-02-09,15.2056
2022-02-10,15.155
2022-02-11,15.19989
2022-02-12,15.20377
2022-02-13,15.20278
2022-02-14,15.07757
2022-02-15,15.0924
2022-02-16,15.0012
2022-02-17,14.9964
2022-02-18,15.10711
2022-02-19,15.10711
2022-02-20,15.11018
2022-02-21,15.1375
2022-02-22,15.0578
2022-02-23,15.0935
2022-02-24,15.33415
2022-02-25,15.10907
2022-02-26,15.137
2022-02-27,15.35281
2022-02-28,15.3262
2022-03-01,15.396
2022-03-02,15.2902
2022-03-03,15.16823
2022-03-04,15.06705
2022-03-05,15.23091
2022-03-06,15.2979
2022-03-07,15.3366
2022-03-08,15.2721
2022-03-09,15.0097
2022-03-10,15.02258
2022-03-11,14.6665
2022-03-12,14.6665
2022-03-13,15.0
2022-03-14,15.09295
2022-03-15,15.0874
2022-03-16,14.9062
2022-03-17,14.9044
2022-03-18,14.6025
2022-03-19,14.6025
2022-03-20,14.92243
2022-03-21,14.89875
2022-03-22,14.804
2022-03-23,14.7306
2022-03-24,14.48568
2022-03-25,14.26391
2022-03-26,14.5393
2022-03-27,14.55359
2022-03-28,14.6504
2022-03-29,14.5029
2022-03-30,14.4822
2022-03-31,14.5954
2022-04-01,14.41169
2022-04-02,14.45267
2022-04-03,14.6502
2022-04-04,14.5742
2022-04-05,14.6716
2022-04-06,14.6772
2022-04-07,14.7222
2022-04-08,14.34651
2022-04-09,14.34651
2022-04-10,14.6354
2022-04-11,14.55186
2022-04-12,14.51439
2022-04-13,14.5313
2022-04-14,14.6387
2022-04-15,14.63623
2022-04-16,14.63623
2022-04-17,14.6222
2022-04-18,14.654
2022-04-19,14.9602
2022-04-20,15.0246
2022-04-21,15.35912
2022-04-22,15.2535
2022-04-23,15.29449
2022-04-24,15.56954
2022-04-25,15.6731
2022-04-26,15.82465
2022-04-27,15.86366
2022-04-28,15.9825
2022-04-29,15.47665
2022-04-30,15.47665
2022-05-01,15.7941
2022-05-02,16.1076
2022-05-03,15.73324
2022-05-04,15.4688
2022-05-05,15.9796
2022-05-06,15.92673
2022-05-07,15.92673
2022-05-08,16.0615
2022-05-09,16.2222
2022-05-10,16.11887
2022-05-11,16.0784
2022-05-12,16.0562
2022-05-13,16.14581
2022-05-14,16.14581
2022-05-15,16.14992
2022-05-16,16.12211
2022-05-17,15.90233
2022-05-18,16.0675
2022-05-19,15.8321
2022-05-20,15.78231
2022-05-21,15.78231
2022-05-22,15.83406
2022-05-23,15.7763
2022-05-24,15.62205
2022-05-25,15.7166
2022-05-26,15.67497
2022-05-27,15.28761
2022-05-28,15.28761
2022-05-29,15.565
2022-05-30,15.4768
2022-05-31,15.59551
2022-06-01,15.5933
2022-06-02,15.4484
2022-06-03,15.53151
2022-06-04,15.53665
2022-06-05,15.5361
2022-06-06,15.4217
2022-06-07,15.36428
2022-06-08,15.2776
2022-06-09,15.4745
2022-06-10,15.84581
2022-06-11,15.85095
2022-06-12,15.85828
2022-06-13,16.1129
2022-06-14,16.015
2022-06-15,15.7393
2022-06-16,15.9962
2022-06-17,16.02339
2022-06-18,16.01313
2022-06-19,15.97665
2022-06-20,16.0236
2022-06-21,15.91456
2022-06-22,15.89961
2022-06-23,15.93541
2022-06-24,15.78257
2022-06-25,15.78257
2022-06-26,15.7649
2022-06-27,15.8273
2022-06-28,16.0634
2022-06-29,16.2087
2022-06-30,16.25574
2022-07-01,15.7908
2022-07-02,15.7908
2022-07-03,16.31185
2022-07-04,16.3315
2022-07-05,16.53335
2022-07-06,16.7643
2022-07-07,16.68611
2022-07-08,16.28159
2022-07-09,16.60929
2022-07-10,16.81283
2022-07-11,17.0735
2022-07-12,17.01724
2022-07-13,16.9453
2022-07-14,17.1218
2022-07-15,16.8559
2022-07-16,16.85591
2022-07-17,17.045
2022-07-18,17.09075
2022-07-19,17.0725
2022-07-20,17.1233
2022-07-21,17.0354
2022-07-22,16.81701
2022-07-23,16.83241
2022-07-24,16.7881
2022-07-25,16.7793
2022-07-26,16.8584
2022-07-27,16.667
2022-07-28,16.5262
2022-07-29,16.1304
2022-07-30,16.1304
2022-07-31,16.60504
2022-08-01,16.47615
2022-08-02,16.80605
2022-08-03,16.7397
2022-08-04,16.57555
2022-08-05,16.77171
2022-08-06,16.7611
2022-08-07,16.7726
2022-08-08,16.6254
2022-08-09,16.5665
2022-08-10,16.17176
2022-08-11,16.2368
2022-08-12,16.16517
2022-08-13,16.16517
2022-08-14,16.1806
2022-08-15,16.42111
2022-08-16,16.3652
2022-08-17,16.645
2022-08-18,16.8529
2022-08-19,17.02024
2022-08-20,17.0151
2022-08-21,17.00741
2022-08-22,16.98911
2022-08-23,16.95984
2022-08-24,16.9102
2022-08-25,16.70857
2022-08-26,16.87099
2022-08-27,16.87229
2022-08-28,16.91125
2022-08-29,16.80964
2022-08-30,16.9578
2022-08-31,17.10521
2022-09-01,17.2519
2022-09-02,17.28101
2022-09-03,17.28101
2022-09-04,17.3009
2022-09-05,17.1622
2022-09-06,17.27662
2022-09-07,17.23802
2022-09-08,17.4917
2022-09-09,16.92281
2022-09-10,17.295
2022-09-11,17.243
2022-09-12,17.07958
2022-09-13,17.3919
2022-09-14,17.4733
2022-09-15,17.564
2022-09-16,17.51921
2022-09-17,17.60115
2022-09-18,17.60953
2022-09-19,17.626
2022-09-20,17.6881
2022-09-21,17.7148
2022-09-22,17.55949
2022-09-23,17.82395
2022-09-24,17.83421
2022-09-25,17.937
2022-09-26,18.0621
2022-09-27,17.9827
2022-09-28,17.8546
2022-09-29,17.96559
2022-09-30,18.07399
2022-10-01,18.07399
2022-10-02,18.0525
2022-10-03,17.6313
2022-10-04,17.6279
2022-10-05,17.78957
2022-10-06,17.9612
2022-10-07,17.83249
2022-10-08,17.87347
2022-10-09,18.095
2022-10-10,18.0819
2022-10-11,18.14
2022-10-12,18.2754
2022-10-13,18.2265
2022-10-14,18.34193
2022-10-15,18.34193
2022-10-16,18.2346
2022-10-17,18.0561
2022-10-18,18.0621
2022-10-19,18.1969
2022-10-20,18.2971
2022-10-21,18.07399
2022-10-22,18.07787
2022-10-23,18.0347
2022-10-24,18.3953
2022-10-25,18.1846
2022-10-26,17.9093
2022-10-27,17.9357
2022-10-28,18.12151
2022-10-29,18.12151
2022-10-30,18.115
2022-10-31,18.3027
2022-11-01,18.2088
2022-11-02,18.2309
2022-11-03,18.37485
2022-11-04,17.8888
2022-11-05,17.88881
2022-11-06,17.97035
2022-11-07,17.7105
2022-11-08,17.7007
2022-11-09,17.7503
2022-11-10,17.3409
2022-11-11,17.22599
2022-11-12,17.22621
2022-11-13,17.2449
2022-11-14,17.2871
2022-11-15,17.2905
2022-11-16,17.2347
2022-11-17,17.3119
2022-11-18,17.24561
2022-11-19,17.24551
2022-11-20,17.19515
2022-11-21,17.3241
2022-11-22,17.2465
2022-11-23,16.9688
2022-11-24,17.00059
2022-11-25,17.07441
2022-11-26,17.05901
2022-11-27,17.12735
2022-11-28,17.127
2022-11-29,16.96805
2022-11-30,17.1097
2022-12-01,17.52483
2022-12-02,17.48
2022-12-03,17.5318
2022-12-04,17.2898
2022-12-05,17.44329
2022-12-06,17.3153
2022-12-07,17.15259
2022-12-08,17.1571
2022-12-09,17.3394
2022-12-10,17.33939
2022-12-11,17.3209
2022-12-12,17.5655
2022-12-13,17.2337
2022-12-14,17.15909
2022-12-15,17.499
2022-12-16,17.62181
2022-12-17,17.62231
2022-12-18,17.5722
2022-12-19,17.3327
2022-12-20,17.3078
2022-12-21,17.1797
2022-12-22,17.12
2022-12-23,16.9989
2022-12-24,16.9989
2022-12-25,16.9595
2022-12-26,17.02049
2022-12-27,17.1935
2022-12-28,17.0451
2022-12-29,16.9206
2022-12-30,17.008
2022-12-31,17.00791
2023-01-01,16.9
2023-01-02,16.88519
2023-01-03,17.012
2023-01-04,16.87049
2023-01-05,17.1509
2023-01-06,17.09273
2023-01-07,17.09279
2023-01-08,17.09
2023-01-09,16.917
2023-01-10,16.7923
2023-01-11,16.89728
2023-01-12,16.70977
2023-01-13,16.79459
2023-01-14,16.79361
2023-01-15,16.78
2023-01-16,17.04327
2023-01-17,17.0522
2023-01-18,17.1112
2023-01-19,17.2822
2023-01-20,17.08909
2023-01-21,17.1002
2023-01-22,17.0875
2023-01-23,17.14819
2023-01-24,17.00549
2023-01-25,17.11079
2023-01-26,17.1585
2023-01-27,17.1896
2023-01-28,17.18827
2023-01-29,17.17436
2023-01-30,17.3787
2023-01-31,17.4114
2023-02-01,16.9975
2023-02-02,17.069
2023-02-03,17.45249
2023-02-04,17.45331
2023-02-05,17.4321
2023-02-06,17.6545
2023-02-07,17.5137
2023-02-08,17.71955
2023-02-09,17.7406
2023-02-10,17.9211
2023-02-11,17.908
2023-02-12,17.89
2023-02-13,17.8104
2023-02-14,17.86033
2023-02-15,18.01974
2023-02-16,18.1223
2023-02-17,18.0369
2023-02-18,18.03709
2023-02-19,18.0385
2023-02-20,18.05058
2023-02-21,18.2403
2023-02-22,18.2047
2023-02-23,18.2023
2023-02-24,18.4083
2023-02-25,18.40835
2023-02-26,18.3875
2023-02-27,18.38023
2023-02-28,18.3135
2023-03-01,18.0965
2023-03-02,18.1664
2023-03-03,18.1276
2023-03-04,18.1276
2023-03-05,18.1175
2023-03-06,18.1702
2023-03-07,18.3883
2023-03-08,18.522
2023-03-09,18.5608
2023-03-10,18.3068
2023-03-11,18.30681
2023-03-12,18.1972
2023-03-13,18.1839
2023-03-14,18.1057
2023-03-15,18.3648
2023-03-16,18.3385
2023-03-17,18.4377
2023-03-18,18.394
2023-03-19,18.3043
2023-03-20,18.49634
2023-03-21,18.51257
2023-03-22,18.2112
2023-03-23,18.06615
2023-03-24,18.1553
2023-03-25,18.1553
2023-03-26,18.1469
2023-03-27,18.2862
2023-03-28,18.1435
2023-03-29,18.08591
2023-03-30,17.7399
2023-03-31,17.7789
2023-04-01,17.7789
2023-04-02,17.80625
2023-04-03,17.7958
2023-04-04,17.88385
2023-04-05,18.0629
2023-04-06,18.08231
2023-04-07,17.7671
2023-04-08,17.76711
2023-04-09,18.2005
2023-04-10,18.4829
2023-04-11,18.33625
2023-04-12,18.42409
2023-04-13,18.0348
2023-04-14,17.23049
2023-04-15,17.88587
2023-04-16,18.0955
2023-04-17,18.3116
2023-04-18,18.1585
2023-04-19,18.1662
2023-04-20,18.0308
2023-04-21,18.0705
2023-04-22,18.0705
2023-04-23,18.0771
2023-04-24,18.1396
2023-04-25,18.31746
2023-04-26,18.35484
2023-04-27,18.26885
2023-04-28,18.2973
2023-04-29,18.2869
2023-04-30,18.2814
2023-05-01,18.3556
2023-05-02,18.46319
2023-05-03,18.27228
2023-05-04,18.2808
2023-05-05,17.64663
2023-05-06,17.64663
2023-05-07,18.38595
2023-05-08,18.28285
2023-05-09,18.59615
2023-05-10,18.8484
2023-05-11,19.1705
2023-05-12,19.2982
2023-05-13,19.3142
2023-05-14,19.1558
2023-05-15,18.9969
2023-05-16,19.0496
2023-05-17,19.2333
2023-05-18,19.30385
2023-05-19,19.43567
2023-05-20,19.43763
2023-05-21,19.412
2023-05-22,19.2485
2023-05-23,19.1668
2023-05-24,19.2271
2023-05-25,19.7745
2023-05-26,19.64489
2023-05-27,19.64489
2023-05-28,19.64481
2023-05-29,19.62999
2023-05-30,19.65291
2023-05-31,19.69495
2023-06-01,19.6109
2023-06-02,19.49525
2023-06-03,19.49591
2023-06-04,19.516
2023-06-05,19.2412
2023-06-06,19.1688
2023-06-07,19.06745
2023-06-08,18.82215
2023-06-09,18.65821
2023-06-10,18.7041
2023-06-11,18.68185
2023-06-12,18.54598
2023-06-13,18.6002
2023-06-14,18.3006
2023-06-15,18.19405
2023-06-16,18.17369
2023-06-17,18.17369
2023-06-18,18.1996
2023-06-19,18.14783
2023-06-20,18.3689
2023-06-21,18.28787
2023-06-22,18.495
2023-06-23,18.72575
2023-06-24,18.73089
2023-06-25,18.732
2023-06-26,18.6457
2023-06-27,18.5083
2023-06-28,18.6238
2023-06-29,18.7495
2023-06-30,18.81534
2023-07-01,18.81534
2023-07-02,18.80005
2023-07-03,18.7363
2023-07-04,18.6313
2023-07-05,18.7585
2023-07-06,19.0849
2023-07-07,18.80053
2023-07-08,18.83081
2023-07-09,18.82175
2023-07-10,18.7699
2023-07-11,18.4482
2023-07-12,18.1227
2023-07-13,17.9123
2023-07-14,17.95627
2023-07-15,18.0904
2023-07-16,18.08021
2023-07-17,18.0202
2023-07-18,17.8645
2023-07-19,17.83367
2023-07-20,17.90991
2023-07-21,17.42279
2023-07-22,17.54571
2023-07-23,17.9401
2023-07-24,17.72513
2023-07-25,17.5205
2023-07-26,17.6101
2023-07-27,17.78905
2023-07-28,16.7316
2023-07-29,16.7316
2023-07-30,17.598
2023-07-31,17.8552
2023-08-01,18.24019
2023-08-02,18.4427
2023-08-03,18.639
2023-08-04,18.45369
2023-08-05,18.45369
2023-08-06,18.4388
2023-08-07,18.6968
2023-08-08,18.9075
2023-08-09,18.95142
2023-08-10,18.8199
2023-08-11,18.93749
2023-08-12,18.93749
2023-08-13,18.9232
2023-08-14,19.0649
2023-08-15,19.1377
2023-08-16,19.17449
2023-08-17,19.0514
2023-08-18,18.97079
2023-08-19,18.97079
2023-08-20,18.9672
2023-08-21,18.94
2023-08-22,18.76995
2023-08-23,18.4541
2023-08-24,18.79063
2023-08-25,18.6086
2023-08-26,18.6086
2023-08-27,18.5966
2023-08-28,18.5543
2023-08-29,18.4483
2023-08-30,18.69391
2023-08-31,18.83105
2023-09-01,18.8298
2023-09-02,18.8298
2023-09-03,18.79695
2023-09-04,19.0981
2023-09-05,19.1178
2023-09-06,19.2022
2023-09-07,19.1308
2023-09-08,19.10951
2023-09-09,19.10951
2023-09-10,19.0642
2023-09-11,18.8415
2023-09-12,18.92311
2023-09-13,18.80761
2023-09-14,19.02672
2023-09-15,18.94272
2023-09-16,18.94272
2023-09-17,18.97698
2023-09-18,19.0057
2023-09-19,18.905
2023-09-20,18.8504
2023-09-21,18.9504
2023-09-22,18.73803
2023-09-23,18.73803
2023-09-24,18.741
2023-09-25,18.7663
2023-09-26,19.0611
2023-09-27,19.1984
2023-09-28,18.97267
2023-09-29,18.90809
2023-09-30,18.90809
2023-10-01,18.8792
2023-10-02,19.212
2023-10-03,19.2981
2023-10-04,19.3196
2023-10-05,19.5073
2023-10-06,19.04997
2023-10-07,19.04997
2023-10-08,19.35667
2023-10-09,19.1389
2023-10-10,19.0003
2023-10-11,18.80979
2023-10-12,19.0116
2023-10-13,18.98991
2023-10-14,18.98991
2023-10-15,18.97175
2023-10-16,18.77476
2023-10-17,18.7939
2023-10-18,18.97175
2023-10-19,19.0015
2023-10-20,16.4841
2023-10-21,16.4841
2023-10-22,18.9705
2023-10-23,18.95112
2023-10-24,19.0099
2023-10-25,19.127
2023-10-26,18.9327
2023-10-27,18.65019
2023-10-28,18.65019
2023-10-29,18.76536
2023-10-30,18.8347
2023-10-31,18.6178
2023-11-01,18.4473
2023-11-02,18.4021
2023-11-03,18.13905
2023-11-04,18.13905
2023-11-05,18.2629
2023-11-06,18.2901
2023-11-07,18.3335
2023-11-08,18.4819
2023-11-09,18.6537
2023-11-10,18.32243
2023-11-11,18.32243
2023-11-12,18.72643
2023-11-13,18.6744
2023-11-14,18.22151
2023-11-15,18.1791
2023-11-16,18.3648
2023-11-17,18.36089
2023-11-18,18.19001
2023-11-19,18.3336
2023-11-20,18.32379
2023-11-21,18.60734
2023-11-22,18.87059
2023-11-23,18.80643
2023-11-24,18.7741
2023-11-25,18.7741
2023-11-26,18.78289
2023-11-27,18.6429
2023-11-28,18.5728
2023-11-29,18.7293
2023-11-30,18.83857
2023-12-01,18.40295
2023-12-02,18.40295
2023-12-03,18.5884
2023-12-04,18.79717
2023-12-05,18.949
2023-12-06,18.96056
2023-12-07,18.8059
2023-12-08,18.94701
2023-12-09,18.94701
2023-12-10,18.90399
2023-12-11,19.0725
2023-12-12,18.9243
2023-12-13,18.65243
2023-12-14,18.3128
2023-12-15,17.92817
2023-12-16,18.17397
2023-12-17,18.28679
2023-12-18,18.578
2023-12-19,18.3251
2023-12-20,18.25235
2023-12-21,18.1632
2023-12-22,15.32961
2023-12-23,15.35011
2023-12-24,18.4666
2023-12-25,18.4462
2023-12-26,18.649
2023-12-27,18.34808
2023-12-28,18.5673
2023-12-29,18.2857
2023-12-30,18.2857
2023-12-31,18.2696
2024-01-01,18.3004
2024-01-02,18.55559
2024-01-03,18.6743
2024-01-04,18.6869
2024-01-05,18.66645
2024-01-06,18.66645
2024-01-07,18.67029
2024-01-08,18.5642
2024-01-09,18.63878
2024-01-10,18.63176
2024-01-11,18.6451
2024-01-12,17.3271
2024-01-13,17.3271
2024-01-14,18.60658
2024-01-15,18.6491
2024-01-16,18.95909
2024-01-17,19.0792
2024-01-18,18.9211
2024-01-19,18.00391
2024-01-20,18.00391
2024-01-21,19.00123
2024-01-22,19.1933
2024-01-23,18.9132
2024-01-24,18.87798
2024-01-25,18.8804
2024-01-26,18.77333
2024-01-27,18.77333
2024-01-28,18.75703
2024-01-29,18.7785
2024-01-30,18.7793
2024-01-31,18.61352
2024-02-01,18.5653
2024-02-02,18.88639
2024-02-03,18.88639
2024-02-04,18.88232
2024-02-05,19.0489
2024-02-06,18.8176
2024-02-07,18.8987
2024-02-08,18.9664
2024-02-09,19.0187
2024-02-10,18.96001
2024-02-11,18.97605
2024-02-12,18.8986
2024-02-13,19.0766
2024-02-14,19.02856
2024-02-15,18.93953
2024-02-16,18.49797
2024-02-17,18.49797
2024-02-18,18.82511
2024-02-19,18.93931
2024-02-20,18.9065
2024-02-21,18.89613
2024-02-22,19.1478
2024-02-23,18.86867
2024-02-24,18.86867
2024-02-25,19.29885
2024-02-26,19.2126
2024-02-27,19.0694
2024-02-28,19.2531
2024-02-29,19.18042
2024-03-01,18.83381
2024-03-02,18.83381
2024-03-03,19.077
2024-03-04,19.0303
2024-03-05,18.9407
2024-03-06,18.7754
2024-03-07,18.6639
2024-03-08,18.3277
2024-03-09,18.3277
2024-03-10,18.79786
2024-03-11,18.6527
2024-03-12,18.6505
2024-03-13,18.5537
2024-03-14,18.7306
2024-03-15,18.76159
2024-03-16,18.76159
2024-03-17,18.74978
2024-03-18,18.9433
2024-03-19,18.90879
2024-03-20,18.6723
2024-03-21,18.8191
2024-03-22,18.98763
2024-03-23,18.98763
2024-03-24,18.9852
2024-03-25,18.8857
2024-03-26,18.9604
2024-03-27,18.92449
2024-03-28,18.8967
2024-03-29,18.21365
2024-03-30,18.21365
2024-03-31,18.8483
2024-04-01,18.94465
2024-04-02,18.7579
2024-04-03,18.6525
2024-04-04,18.67681
2024-04-05,18.20179
2024-04-06,18.20179
2024-04-07,18.71216
2024-04-08,18.6309
2024-04-09,18.4284
2024-04-10,18.7774
2024-04-11,18.7098
2024-04-12,18.73719
2024-04-13,18.73719
2024-04-14,18.8407
2024-04-15,18.97052
2024-04-16,19.0058
2024-04-17,18.9809
2024-04-18,19.13745
2024-04-19,18.77031
2024-04-20,18.77031
2024-04-21,19.1216
2024-04-22,19.18004
2024-04-23,19.0933
2024-04-24,19.2178
2024-04-25,19.0193
2024-04-26,18.55911
2024-04-27,18.60009
2024-04-28,18.7975
2024-04-29,18.63031
2024-04-30,18.7781
2024-05-01,18.5437
2024-05-02,18.54048
2024-05-03,18.49401
2024-05-04,18.49419
2024-05-05,18.5333
2024-05-06,18.4727
2024-05-07,18.4957
2024-05-08,18.56556
2024-05-09,18.45155
2024-05-10,18.1254
2024-05-11,18.12541
2024-05-12,18.4123
2024-05-13,18.34176
2024-05-14,18.3791
2024-05-15,18.2494
2024-05-16,18.1631
2024-05-17,18.1625
2024-05-18,18.15821
2024-05-19,18.1521
2024-05-20,18.1501
2024-05-21,18.0504
2024-05-22,18.2769
2024-05-23,18.4634
2024-05-24,18.24299
2024-05-25,18.40685
2024-05-26,18.41494
2024-05-27,18.3013
2024-05-28,18.27174
2024-05-29,18.4215
2024-05-30,18.7063
2024-05-31,18.78031
2024-06-01,18.78041
2024-06-02,18.76715
2024-06-03,18.5161
2024-06-04,18.71181
2024-06-05,18.93449
2024-06-06,18.95404
2024-06-07,18.88839
2024-06-08,18.8905
2024-06-09,18.8862
2024-06-10,18.7219
2024-06-11,18.5419
2024-06-12,18.36136
2024-06-13,18.41513
2024-06-14,18.3382
2024-06-15,18.33821
2024-06-16,18.34512
2024-06-17,18.22945
2024-06-18,18.0229
2024-06-19,17.9185
2024-06-20,17.97089
2024-06-21,17.94437
2024-06-22,17.94437
2024-06-23,17.9949
2024-06-24,18.09384
2024-06-26,18.1473
2024-06-27,18.4339
2024-06-28,17.54191
2024-06-29,17.54191
2024-06-30,18.0412
2024-07-01,18.3525
2024-07-02,18.5896
2024-07-03,18.4055
2024-07-04,18.25662
2024-07-05,18.16111
2024-07-06,18.16129
2024-07-07,18.15051
2024-07-08,18.0882
2024-07-09,18.1399
2024-07-10,18.09776
2024-07-11,17.9765
2024-07-12,17.93899
2024-07-13,17.93917
2024-07-14,17.9911
2024-07-15,18.1983
2024-07-16,18.0243
2024-07-17,18.1178
2024-07-18,18.2362
2024-07-19,17.93901
2024-07-20,17.94159
2024-07-21,18.1899
2024-07-22,18.2347
2024-07-23,18.3895
2024-07-24,18.3483
2024-07-25,18.34372
2024-07-26,17.95141
2024-07-27,17.95141
2024-07-28,18.2706
2024-07-29,18.3302
2024-07-30,18.30478
2024-07-31,18.196
2024-08-01,18.2822
2024-08-02,18.26561
2024-08-03,18.26561
2024-08-04,18.34259
2024-08-05,18.4644
2024-08-06,18.48777
2024-08-07,18.39134
2024-08-08,18.34169
2024-08-09,17.88973
2024-08-10,18.05359
2024-08-11,18.2945
2024-08-12,18.2423
2024-08-13,18.0691
2024-08-14,18.0483
2024-08-15,17.9717
2024-08-16,17.62431
2024-08-17,17.70625
2024-08-18,17.84984
2024-08-19,17.7069
2024-08-20,17.794
2024-08-21,17.8197
2024-08-22,18.00351
2024-08-23,17.70911
2024-08-24,17.7051
2024-08-25,17.7403
2024-08-26,17.6967
2024-08-27,17.71179
2024-08-28,17.82618
2024-08-29,17.7273
2024-08-30,17.81855
2024-08-31,17.81865
2024-09-01,17.83802
2024-09-02,17.7949
2024-09-03,17.9389
2024-09-04,17.86823
2024-09-05,17.69263
2024-09-06,17.83699
2024-09-07,17.83703
2024-09-08,17.8196
2024-09-09,17.863
2024-09-10,17.9372
2024-09-11,17.8942
2024-09-12,17.7388
2024-09-13,17.73909
2024-09-14,17.74039
2024-09-15,17.72566
2024-09-16,17.608
2024-09-17,17.5786
2024-09-18,17.5283
2024-09-19,17.5005
2024-09-20,17.41575
2024-09-21,17.41641
2024-09-22,17.39065
2024-09-23,17.3248
2024-09-24,17.2295
2024-09-25,17.2644
2024-09-26,17.1755
2024-09-27,17.10069
2024-09-28,17.10069
2024-09-29,17.0876
2024-09-30,17.28055
2024-10-01,17.4036
2024-10-02,17.3428
2024-10-03,17.4839
2024-10-04,17.15827
2024-10-05,17.4775
2024-10-06,17.4733
2024-10-07,17.3731
2024-10-08,17.57906
2024-10-09,17.64
2024-10-10,17.51636
2024-10-11,17.4149
2024-10-12,17.3933
2024-10-13,17.45856
2024-10-14,17.5426
2024-10-15,17.6422
2024-10-16,17.6334
2024-10-17,17.6459
2024-10-18,17.58347
2024-10-19,17.58381
2024-10-20,17.5792
2024-10-21,17.5997
2024-10-22,17.5238
2024-10-23,17.7762
2024-10-24,17.6544
2024-10-25,12.39499
2024-10-26,12.39499
2024-10-27,17.65553
2024-10-28,17.69203
2024-10-29,17.648
2024-10-30,17.64529
2024-10-31,17.5957
2024-11-01,15.2986
2024-11-02,15.31911
2024-11-03,17.564
2024-11-04,17.5024
2024-11-05,17.3697
2024-11-06,17.6657
2024-11-07,17.28255
2024-11-08,16.42055
2024-11-09,17.5886
2024-11-10,17.61365
2024-11-11,17.9084
2024-11-12,18.1011
2024-11-13,18.2253
2024-11-14,14.86037
2024-11-15,15.90961
2024-11-16,16.23731
2024-11-17,18.16655
2024-11-18,17.9381
2024-11-19,18.0264
2024-11-20,18.1089
2024-11-21,18.0973
2024-11-22,15.23379
2024-11-23,15.35671
2024-11-24,17.99713
2024-11-25,17.9847
2024-11-26,18.1799
2024-11-27,18.1712
2024-11-28,18.0807
2024-11-29,18.0456
2024-11-30,18.04561
2024-12-01,18.09152
2024-12-02,18.1284
2024-12-03,18.0983
2024-12-04,18.15488
2024-12-05,18.0087
2024-12-06,14.7645
2024-12-07,14.76965
2024-12-08,18.0021
2024-12-09,17.77403
2024-12-10,17.8013
2024-12-11,17.6861
2024-12-12,17.7744
2024-12-13,17.8606
2024-12-14,17.839
2024-12-15,17.82228
2024-12-16,17.8371
2024-12-17,18.0797
2024-12-18,18.322
2024-12-19,18.3916
2024-12-20,18.29495
2024-12-21,18.29429
2024-12-22,18.27115
2024-12-23,18.53531
2024-12-24,18.67849
2024-12-25,18.6882
2024-12-26,18.8358
2024-12-27,18.6805
2024-12-28,18.68051
2024-12-29,18.6545
2024-12-30,18.7649
2024-12-31,18.89702
2025-01-01,18.82015
2025-01-02,18.7396
2025-01-03,18.69701
2025-01-04,18.69719
2025-01-05,18.752
2025-01-06,18.5451
2025-01-07,18.6833
2025-01-08,18.90591
2025-01-09,18.93561
2025-01-10,18.71091
2025-01-11,18.71221
2025-01-12,19.09015
2025-01-13,18.9855
2025-01-14,16.4989
2025-01-15,18.757
2025-01-16,18.9981
2025-01-17,18.72697
2025-01-18,18.7465
2025-01-19,18.7095
2025-01-20,18.49567
2025-01-21,18.4796
2025-01-22,18.4939
2025-01-23,18.50454
2025-01-24,18.39325
2025-01-25,18.39335
2025-01-26,18.47908
2025-01-27,18.7415
2025-01-28,18.6596
2025-01-29,18.5183
2025-01-30,18.5673
2025-01-31,18.6559
2025-02-01,18.65589
2025-02-02,18.9945
2025-02-03,18.73341
2025-02-04,18.65939
2025-02-05,18.5328
2025-02-06,18.4378
2025-02-07,18.39431
2025-02-08,18.39441
2025-02-09,18.52507
2025-02-10,18.41983
2025-02-11,18.49759
2025-02-12,18.51187
2025-02-13,18.4812
2025-02-14,18.335
2025-02-15,18.33501
2025-02-16,18.346
2025-02-17,18.40641
2025-02-18,18.3952
2025-02-19,18.5104
2025-02-20,18.319
2025-02-21,18.36221
2025-02-22,18.36239
2025-02-23,18.36716
2025-02-24,18.3615
2025-02-25,18.411
2025-02-26,18.36625
2025-02-27,18.42913
2025-02-28,18.68581
2025-03-01,18.68581
2025-03-02,18.63832
2025-03-03,18.6035
2025-03-04,18.4704
2025-03-05,18.2958
2025-03-06,18.12348
2025-03-07,18.23639
2025-03-08,18.23649
2025-03-09,18.25833
2025-03-10,18.32525
2025-03-11,18.19469
2025-03-12,18.3342
2025-03-13,18.274
2025-03-14,18.18473
2025-03-15,18.18439
2025-03-16,18.19612
2025-03-17,18.07509
2025-03-18,18.10569
2025-03-19,18.0995
2025-03-20,18.1375
2025-03-21,18.20001
2025-03-22,18.20005
2025-03-23,18.20588
2025-03-24,18.24307
2025-03-25,18.27061
2025-03-26,18.2696
2025-03-27,18.20535
2025-03-28,18.12001
2025-03-29,18.12005
2025-03-30,18.4112
2025-03-31,18.30839
2025-04-01,18.47797
2025-04-02,18.9441
2025-04-03,18.7391
2025-04-04,19.04864
2025-04-05,19.06571
2025-04-06,19.27482
2025-04-07,19.5577
2025-04-08,19.75782
2025-04-09,19.41222
2025-04-10,19.48649
2025-04-11,19.125
2025-04-12,19.12499
2025-04-13,19.11856
2025-04-14,18.8714
2025-04-15,19.02633
2025-04-16,18.78025
2025-04-17,18.81707
2025-04-21,18.69746
2025-04-22,18.60752
2025-04-23,18.6594
2025-04-24,18.74931
2025-04-25,18.67361
2025-04-26,18.6735
2025-04-27,18.68249
2025-04-28,18.4945
2025-04-29,18.5132
2025-04-30,18.53898
2025-05-01,18.5407
2025-05-02,18.379
2025-05-03,18.37911
2025-05-04,18.4037
2025-05-05,18.25966
2025-05-06,18.1923
2025-05-07,18.2508
2025-05-08,18.2107
2025-05-09,18.18241
2025-05-10,18.18241
2025-05-11,18.20175
2025-05-12,18.24401
2025-05-13,18.29749
2025-05-14,18.21593
2025-05-15,17.9972
2025-05-16,18.02711
2025-05-17,18.02711
2025-05-18,18.04217
2025-05-19,18.06983
2025-05-20,17.92138
2025-05-21,17.97151
2025-05-22,18.00589
2025-05-23,17.82911
2025-05-24,17.82911
2025-05-25,17.8119
2025-05-26,17.8308
2025-05-27,17.94687
2025-05-28,17.9641
2025-05-29,17.78225
2025-05-30,17.9785
2025-05-31,17.9785
2025-06-01,17.96779
2025-06-02,17.8307
2025-06-03,17.84756
2025-06-04,17.80843
2025-06-05,17.70414
2025-06-06,17.76751
2025-06-07,17.7675
2025-06-08,17.76602
2025-06-09,17.7084
2025-06-10,17.684
2025-06-11,17.6867
2025-06-12,17.755
2025-06-13,17.93197
2025-06-14,17.93197
2025-06-16,17.81559
2025-06-17,17.9837
2025-06-18,18.019
2025-06-19,17.99456
2025-06-20,18.06595
2025-06-21,17.64599
2025-06-22,18.0581
2025-06-23,17.8148
2025-06-24,17.7216
2025-06-25,17.7008
2025-06-26,17.8606
2025-06-27,17.86251
2025-06-28,17.84711
2025-06-29,17.7708
2025-06-30,17.6978
2025-07-01,17.59247
2025-07-02,17.5591
2025-07-03,17.5034
2025-07-04,17.57897
2025-07-05,17.57
2025-07-06,17.5897
2025-07-07,17.8557
2025-07-08,17.77581
2025-07-09,17.80755
2025-07-10,17.7211
2025-07-11,17.9169
2025-07-12,17.915
2025-07-13,17.9279
2025-07-14,17.9038
2025-07-15,17.89442
2025-07-16,17.8229
2025-07-17,17.8017
2025-07-18,17.6954
2025-07-19,17.69541
2025-07-20,17.7008
2025-07-21,17.5972
2025-07-22,17.5509
2025-07-23,17.5117
2025-07-24,17.6131
2025-07-25,17.75041
2025-07-26,17.75059
2025-07-27,17.7381
2025-07-28,17.8899
2025-07-29,17.8677
2025-07-30,17.98178
2025-07-31,18.21058
2025-08-01,18.07962
2025-08-02,18.0835
2025-08-03,18.0121
2025-08-04,17.9197
2025-08-05,17.8916
2025-08-06,17.77482
2025-08-07,17.69311
2025-08-08,17.74159
2025-08-09,17.74169
2025-08-10,17.7321
2025-08-11,17.7521
2025-08-12,17.5667
2025-08-13,17.49638
2025-08-14,17.58033
2025-08-15,17.58029
2025-08-16,17.58029
2025-08-17,17.5759
2025-08-18,17.62454
2025-08-19,17.69993
2025-08-20,17.6686
2025-08-21,17.70352
2025-08-22,17.4343
2025-08-23,17.43431
2025-08-24,17.42953
2025-08-25,17.6129
2025-08-26,17.62043
2025-08-27,17.6809
2025-08-28,17.68086
2025-08-29,17.63801
2025-08-30,17.63819
2025-08-31,17.6386
2025-09-01,17.61624
2025-09-02,17.6964
2025-09-03,17.6538
2025-09-04,17.7439
2025-09-05,17.57361
2025-09-06,17.57379
2025-09-07,17.6007
2025-09-08,17.46241
2025-09-09,17.5338
2025-09-10,17.4748
2025-09-11,17.3466
2025-09-12,17.37227
2025-09-13,17.37357
2025-09-14,17.34856
2025-09-15,17.36059
2025-09-16,17.33757
2025-09-17,17.3755
2025-09-18,17.34033
2025-09-19,17.32749
2025-09-20,17.32731
2025-09-21,17.31911
2025-09-22,17.3309
2025-09-23,17.2281
2025-09-24,17.32728
2025-09-26,17.32089
2025-09-27,17.32189
2025-09-28,17.3404
2025-09-29,17.2502
2025-09-30,17.27267
2025-10-01,17.20658
2025-10-02,17.2703
2025-10-03,17.21295
2025-10-04,17.21361
2025-10-05,17.25766
2025-10-06,17.1512
2025-10-07,17.2093
2025-10-08,17.15205
2025-10-09,17.19163
2025-10-10,17.4866
2025-10-11,17.48657
2025-10-12,17.41133
2025-10-13,17.32034
2025-10-14,17.38546
2025-10-15,17.3451
2025-10-16,17.33546
2025-10-17,17.35319
2025-10-18,17.35335
2025-10-19,17.3656
2025-10-20,17.21786
2025-10-21,17.38779
2025-10-22,17.41579
2025-10-23,17.322
2025-10-24,17.2453
2025-10-25,17.2453
2025-10-26,17.1995
2025-10-27,17.21093
2025-10-28,17.14675
2025-10-29,17.1627
2025-10-30,17.27589
2025-10-31,17.11713
2025-11-01,17.19907
2025-11-02,17.28928
2025-11-03,17.29412
2025-11-04,17.49104
2025-11-05,17.3998
2025-11-06,17.35303
2025-11-07,17.2887
2025-11-08,17.2887
2025-11-09,17.30555
2025-11-10,17.14561
2025-11-11,17.15203
2025-11-12,17.08723
2025-11-13,17.03857
2025-11-14,17.06821
2025-11-15,17.06855
2025-11-16,17.08218
2025-11-17,17.17105
2025-11-18,17.1668
2025-11-19,17.1788
2025-11-20,17.21235
2025-11-21,17.3592
2025-11-22,17.35921
2025-11-23,17.36482
2025-11-24,17.29117
2025-11-25,17.2021
2025-11-26,17.1311
2025-11-27,17.14087
2025-11-28,17.097
2025-11-29,17.097
2025-11-30,17.10942
2025-12-01,17.07434
2025-12-02,17.09333
2025-12-03,17.03276
2025-12-04,16.982
2025-12-05,16.9113
2025-12-06,16.91131
2025-12-07,16.93059
2025-12-08,17.0258
2025-12-09,17.0279
2025-12-10,16.9228
2025-12-11,16.8517
2025-12-12,16.8604
2025-12-13,16.86041
2025-12-14,16.85887
2025-12-15,16.78253
2025-12-16,16.73333
2025-12-17,16.76668
2025-12-18,16.71702
2025-12-19,16.76401
2025-12-20,16.76401
2025-12-21,16.74496
2025-12-22,16.6965
2025-12-23,16.6687
2025-12-24,16.66349
2025-12-25,16.6272
2025-12-26,16.653
2025-12-27,16.653
2025-12-28,16.6592
2025-12-29,16.6727
2025-12-30,16.58547
2025-12-31,16.56643
2026-01-01,16.5516
2026-01-02,16.4747
2026-01-03,16.4747
2026-01-04,16.4965
2026-01-05,16.35973
2026-01-06,16.35488
2026-01-07,16.44664
2026-01-08,16.51206
2026-01-09,16.47241
2026-01-11,16.47452
2026-01-12,16.3746
2026-01-13,16.38579
2026-01-14,16.38876
2026-01-15,16.3302
2026-01-16,16.392
2026-01-17,16.39201
2026-01-18,16.408
2026-01-19,16.37082
2026-01-20,16.4103
2026-01-21,16.26271
2026-01-22,16.1258
2026-01-23,16.10211
2026-01-24,16.10193
2026-01-25,16.04632
2026-01-26,16.015
2026-01-27,15.85776
2026-01-28,15.71002
2026-01-29,15.71832
2026-01-30,16.12899
2026-01-31,16.12899
2026-02-01,16.13727
2026-02-02,16.05363
2026-02-03,15.93184
2026-02-04,16.07013
2026-02-05,16.2413
2026-02-06,16.02969
2026-02-07,16.02969
2026-02-08,15.99216
2026-02-09,15.894
2026-02-10,15.9261
2026-02-11,15.8694
2026-02-12,15.94783
2026-02-13,15.9359
2026-02-14,15.9359
2026-02-15,15.92832
2026-02-16,15.9574
2026-02-17,16.0251
2026-02-18,16.0628
2026-02-19,16.13558
2026-02-20,16.02421
2026-02-21,16.02521
2026-02-22,15.9614
2026-02-23,15.99958
2026-02-24,15.9514
2026-02-25,15.84318
2026-02-26,15.9173
2026-02-27,15.91371
2026-02-28,15.91361
2026-03-01,16.05958
2026-03-02,16.0747
2026-03-03,16.48109
2026-03-04,16.31489
2026-03-05,16.62278
2026-03-06,16.53011
2026-03-07,16.53029
2026-03-08,16.76936
2026-03-09,16.32908
2026-03-10,16.28181
2026-03-11,16.57607
2026-03-12,16.75618
2026-03-13,16.8679
2026-03-14,16.86791
2026-03-15,16.87024
2026-03-16,16.6691
2026-03-17,16.6726
2026-03-18,16.9644
2026-03-19,16.7227
2026-03-20,16.95
2026-03-21,16.95005
2026-03-22,17.07795
2026-03-23,16.83323
2026-03-24,16.90616
2026-03-25,16.97765
2026-03-26,17.07775
2026-03-27,17.04499
2026-03-28,17.04503
2026-03-29,17.183409
2026-03-30,17.2070394
