company,rows,file
BLUE LABEL TELECOMS (SOUTH AFRICA),3,/Users/derrythornalley/AM100_DATA/input_updates/2026-04-08/dividends_extracted/south_africa/BLUE LABEL TELECOMS.csv
ARADEL HOLDINGS NIGERIA (NIGERIA),11,/Users/derrythornalley/AM100_DATA/input_updates/2026-04-08/dividends_extracted/nigeria/ARADEL HOLDINGS NIGERIA.csv
NASPERS (SOUTH AFRICA),3,/Users/derrythornalley/AM100_DATA/input_updates/2026-04-08/dividends_extracted/south_africa/NASPERS.csv
PPC (SOUTH AFRICA),4,/Users/derrythornalley/AM100_DATA/input_updates/2026-04-08/dividends_extracted/south_africa/PPC.csv
GUARANTY TRUST HOLDING COMPANY NIGERIA (NIGERIA),10,/Users/derrythornalley/AM100_DATA/input_updates/2026-04-08/dividends_extracted/nigeria/GUARANTY TRUST HOLDING COMPANY NIGERIA.csv
ANGLOGOLD ASHANTI ADR (SOUTH AFRICA),10,/Users/derrythornalley/AM100_DATA/input_updates/2026-04-08/dividends_extracted/south_africa/ANGLOGOLD ASHANTI ADR.csv
GOLD FIELDS (SOUTH AFRICA),20,/Users/derrythornalley/AM100_DATA/input_updates/2026-04-08/dividends_extracted/south_africa/GOLD FIELDS.csv
ZENITH BANK NIGERIA (NIGERIA),20,/Users/derrythornalley/AM100_DATA/input_updates/2026-04-08/dividends_extracted/nigeria/ZENITH BANK NIGERIA.csv
FIRSTRAND (SOUTH AFRICA),20,/Users/derrythornalley/AM100_DATA/input_updates/2026-04-08/dividends_extracted/south_africa/FIRSTRAND.csv
GRINDROD (SOUTH AFRICA),5,/Users/derrythornalley/AM100_DATA/input_updates/2026-04-08/dividends_extracted/south_africa/GRINDROD.csv
MTN GROUP (SOUTH AFRICA),5,/Users/derrythornalley/AM100_DATA/input_updates/2026-04-08/dividends_extracted/south_africa/MTN GROUP.csv
MTN NIGERIA (NIGERIA),6,/Users/derrythornalley/AM100_DATA/input_updates/2026-04-08/dividends_extracted/nigeria/MTN NIGERIA.csv
PROSUS (SOUTH AFRICA),6,/Users/derrythornalley/AM100_DATA/input_updates/2026-04-08/dividends_extracted/south_africa/PROSUS.csv
IMPALA PLATINUM HOLDINGS (SOUTH AFRICA),9,/Users/derrythornalley/AM100_DATA/input_updates/2026-04-08/dividends_extracted/south_africa/IMPALA PLATINUM HOLDINGS.csv
SIBANYE STILLWATER (SOUTH AFRICA),11,/Users/derrythornalley/AM100_DATA/input_updates/2026-04-08/dividends_extracted/south_africa/SIBANYE STILLWATER.csv
UNITED BANK FOR AFRICA NIGERIA (NIGERIA),19,/Users/derrythornalley/AM100_DATA/input_updates/2026-04-08/dividends_extracted/nigeria/UNITED BANK FOR AFRICA NIGERIA.csv
STANDARD BANK GROUP (SOUTH AFRICA),18,/Users/derrythornalley/AM100_DATA/input_updates/2026-04-08/dividends_extracted/south_africa/STANDARD BANK GROUP.csv
CAPITEC BANK (SOUTH AFRICA),10,/Users/derrythornalley/AM100_DATA/input_updates/2026-04-08/dividends_extracted/south_africa/CAPITEC BANK.csv
FIRST HOLDCO NIGERIA (NIGERIA),10,/Users/derrythornalley/AM100_DATA/input_updates/2026-04-08/dividends_extracted/nigeria/FIRST HOLDCO NIGERIA.csv
DANGOTE CEMENT NIGERIA (NIGERIA),11,/Users/derrythornalley/AM100_DATA/input_updates/2026-04-08/dividends_extracted/nigeria/DANGOTE CEMENT NIGERIA.csv
ANGLO AMERICAN (SOUTH AFRICA),19,/Users/derrythornalley/AM100_DATA/input_updates/2026-04-08/dividends_extracted/south_africa/ANGLO AMERICAN.csv
SEPLAT ENERGY NIGERIA (NIGERIA),12,/Users/derrythornalley/AM100_DATA/input_updates/2026-04-08/dividends_extracted/nigeria/SEPLAT ENERGY NIGERIA.csv
HARMONY GOLD MINING COMPANY (SOUTH AFRICA),12,/Users/derrythornalley/AM100_DATA/input_updates/2026-04-08/dividends_extracted/south_africa/HARMONY GOLD MINING COMPANY.csv
ABSA (SOUTH AFRICA),18,/Users/derrythornalley/AM100_DATA/input_updates/2026-04-08/dividends_extracted/south_africa/ABSA.csv
BRITISH AMERICAN TOBACCO (SOUTH AFRICA),6,/Users/derrythornalley/AM100_DATA/input_updates/2026-04-08/dividends_extracted/south_africa/BRITISH AMERICAN TOBACCO.csv
NORTHAM PLATINUM HOLDINGS (SOUTH AFRICA),6,/Users/derrythornalley/AM100_DATA/input_updates/2026-04-08/dividends_extracted/south_africa/NORTHAM PLATINUM HOLDINGS.csv
NIGERIAN BREWERIES (NIGERIA),15,/Users/derrythornalley/AM100_DATA/input_updates/2026-04-08/dividends_extracted/nigeria/NIGERIAN BREWERIES.csv
SHOPRITE HOLDINGS (SOUTH AFRICA),10,/Users/derrythornalley/AM100_DATA/input_updates/2026-04-08/dividends_extracted/south_africa/SHOPRITE HOLDINGS.csv
SANLAM (SOUTH AFRICA),10,/Users/derrythornalley/AM100_DATA/input_updates/2026-04-08/dividends_extracted/south_africa/SANLAM.csv
GLENCORE (SOUTH AFRICA),9,/Users/derrythornalley/AM100_DATA/input_updates/2026-04-08/dividends_extracted/south_africa/GLENCORE.csv
BHP (SOUTH AFRICA),9,/Users/derrythornalley/AM100_DATA/input_updates/2026-04-08/dividends_extracted/south_africa/BHP.csv
BID CORP (SOUTH AFRICA),9,/Users/derrythornalley/AM100_DATA/input_updates/2026-04-08/dividends_extracted/south_africa/BID CORP.csv
COMMERCIAL INTERNATIONAL BANK EGYPT (EGYPT),9,/Users/derrythornalley/AM100_DATA/input_updates/2026-04-08/dividends_extracted/egypt/COMMERCIAL INTERNATIONAL BANK EGYPT.csv
NESTLÉ NIGERIA (NIGERIA),14,/Users/derrythornalley/AM100_DATA/input_updates/2026-04-08/dividends_extracted/nigeria/NESTLÉ NIGERIA.csv
VODACOM (SOUTH AFRICA),14,/Users/derrythornalley/AM100_DATA/input_updates/2026-04-08/dividends_extracted/south_africa/VODACOM.csv
DISCOVERY HOLDINGS (SOUTH AFRICA),14,/Users/derrythornalley/AM100_DATA/input_updates/2026-04-08/dividends_extracted/south_africa/DISCOVERY HOLDINGS.csv
OLD MUTUAL (SOUTH AFRICA),19,/Users/derrythornalley/AM100_DATA/input_updates/2026-04-08/dividends_extracted/south_africa/OLD MUTUAL.csv
MR PRICE (SOUTH AFRICA),10,/Users/derrythornalley/AM100_DATA/input_updates/2026-04-08/dividends_extracted/south_africa/MR PRICE.csv
FCMB GROUP NIGERIA (NIGERIA),10,/Users/derrythornalley/AM100_DATA/input_updates/2026-04-08/dividends_extracted/nigeria/FCMB GROUP NIGERIA.csv
PRESCO PLC NIGERIA (NIGERIA),14,/Users/derrythornalley/AM100_DATA/input_updates/2026-04-08/dividends_extracted/nigeria/PRESCO PLC NIGERIA.csv
CLICKS (SOUTH AFRICA),13,/Users/derrythornalley/AM100_DATA/input_updates/2026-04-08/dividends_extracted/south_africa/CLICKS.csv
FIDELITY BANK NIGERIA (NIGERIA),8,/Users/derrythornalley/AM100_DATA/input_updates/2026-04-08/dividends_extracted/nigeria/FIDELITY BANK NIGERIA.csv
REINET INVEST (SOUTH AFRICA),8,/Users/derrythornalley/AM100_DATA/input_updates/2026-04-08/dividends_extracted/south_africa/REINET INVEST.csv
TALAAT MOUSTAFA GROUP EGYPT (EGYPT),9,/Users/derrythornalley/AM100_DATA/input_updates/2026-04-08/dividends_extracted/egypt/TALAAT MOUSTAFA GROUP EGYPT.csv
SONATEL SENEGAL (SENEGAL),10,/Users/derrythornalley/AM100_DATA/input_updates/2026-04-08/dividends_extracted/senegal/SONATEL SENEGAL.csv
OKOMU OIL PALM NIGERIA (NIGERIA),7,/Users/derrythornalley/AM100_DATA/input_updates/2026-04-08/dividends_extracted/nigeria/OKOMU OIL PALM NIGERIA.csv
BUA CEMENT NIGERIA (NIGERIA),7,/Users/derrythornalley/AM100_DATA/input_updates/2026-04-08/dividends_extracted/nigeria/BUA CEMENT NIGERIA.csv
BIDVEST (SOUTH AFRICA),21,/Users/derrythornalley/AM100_DATA/input_updates/2026-04-08/dividends_extracted/south_africa/BIDVEST.csv
REMGRO (SOUTH AFRICA),20,/Users/derrythornalley/AM100_DATA/input_updates/2026-04-08/dividends_extracted/south_africa/REMGRO.csv
MONDI (SOUTH AFRICA),19,/Users/derrythornalley/AM100_DATA/input_updates/2026-04-08/dividends_extracted/south_africa/MONDI.csv
WOOLWORTHS HOLDINGS (SOUTH AFRICA),9,/Users/derrythornalley/AM100_DATA/input_updates/2026-04-08/dividends_extracted/south_africa/WOOLWORTHS HOLDINGS.csv
DANGOTE SUGAR REFINERY NIGERIA (NIGERIA),9,/Users/derrythornalley/AM100_DATA/input_updates/2026-04-08/dividends_extracted/nigeria/DANGOTE SUGAR REFINERY NIGERIA.csv
OUTSURANCE (SOUTH AFRICA),12,/Users/derrythornalley/AM100_DATA/input_updates/2026-04-08/dividends_extracted/south_africa/OUTSURANCE.csv
TRANSCORP PLC NIGERIA (NIGERIA),11,/Users/derrythornalley/AM100_DATA/input_updates/2026-04-08/dividends_extracted/nigeria/TRANSCORP PLC NIGERIA.csv
SAFARICOM KENYA (KENYA),8,/Users/derrythornalley/AM100_DATA/input_updates/2026-04-08/dividends_extracted/kenya/SAFARICOM KENYA.csv
ASPEN PHARMACARE HOLDINGS (SOUTH AFRICA),7,/Users/derrythornalley/AM100_DATA/input_updates/2026-04-08/dividends_extracted/south_africa/ASPEN PHARMACARE HOLDINGS.csv
WEMA BANK NIGERIA (NIGERIA),5,/Users/derrythornalley/AM100_DATA/input_updates/2026-04-08/dividends_extracted/nigeria/WEMA BANK NIGERIA.csv
TRANSCORP POWER NIGERIA (NIGERIA),4,/Users/derrythornalley/AM100_DATA/input_updates/2026-04-08/dividends_extracted/nigeria/TRANSCORP POWER NIGERIA.csv
EQUITY GROUP HOLDINGS KENYA (KENYA),9,/Users/derrythornalley/AM100_DATA/input_updates/2026-04-08/dividends_extracted/kenya/EQUITY GROUP HOLDINGS KENYA.csv
NASCON ALLIED INDUSTRIES NIGERIA (NIGERIA),11,/Users/derrythornalley/AM100_DATA/input_updates/2026-04-08/dividends_extracted/nigeria/NASCON ALLIED INDUSTRIES NIGERIA.csv
EXXARO RESOURCES (SOUTH AFRICA),3,/Users/derrythornalley/AM100_DATA/input_updates/2026-04-08/dividends_extracted/south_africa/EXXARO RESOURCES.csv
EFG HOLDING EGYPT (EGYPT),3,/Users/derrythornalley/AM100_DATA/input_updates/2026-04-08/dividends_extracted/egypt/EFG HOLDING EGYPT.csv
TIGER BRANDS (SOUTH AFRICA),4,/Users/derrythornalley/AM100_DATA/input_updates/2026-04-08/dividends_extracted/south_africa/TIGER BRANDS.csv
BUA FOODS NIGERIA (NIGERIA),4,/Users/derrythornalley/AM100_DATA/input_updates/2026-04-08/dividends_extracted/nigeria/BUA FOODS NIGERIA.csv
KUMBA IRON ORE (SOUTH AFRICA),12,/Users/derrythornalley/AM100_DATA/input_updates/2026-04-08/dividends_extracted/south_africa/KUMBA IRON ORE.csv
INVESTEC (SOUTH AFRICA),14,/Users/derrythornalley/AM100_DATA/input_updates/2026-04-08/dividends_extracted/south_africa/INVESTEC.csv
KCB GROUP KENYA (KENYA),18,/Users/derrythornalley/AM100_DATA/input_updates/2026-04-08/dividends_extracted/kenya/KCB GROUP KENYA.csv
TRUWORTHS INTERNATIONAL LTD (SOUTH AFRICA),19,/Users/derrythornalley/AM100_DATA/input_updates/2026-04-08/dividends_extracted/south_africa/TRUWORTHS INTERNATIONAL LTD.csv
STERLING FINANCIAL HOLDINGS NIGERIA (NIGERIA),7,/Users/derrythornalley/AM100_DATA/input_updates/2026-04-08/dividends_extracted/nigeria/STERLING FINANCIAL HOLDINGS NIGERIA.csv
FOSCHINI (SOUTH AFRICA),18,/Users/derrythornalley/AM100_DATA/input_updates/2026-04-08/dividends_extracted/south_africa/FOSCHINI.csv
STANBIC IBTC HOLDINGS NIGERIA (NIGERIA),6,/Users/derrythornalley/AM100_DATA/input_updates/2026-04-08/dividends_extracted/nigeria/STANBIC IBTC HOLDINGS NIGERIA.csv
ABU QIR FERTILIZERS EGYPT (EGYPT),10,/Users/derrythornalley/AM100_DATA/input_updates/2026-04-08/dividends_extracted/egypt/ABU QIR FERTILIZERS EGYPT.csv
UNILEVER NIGERIA (NIGERIA),10,/Users/derrythornalley/AM100_DATA/input_updates/2026-04-08/dividends_extracted/nigeria/UNILEVER NIGERIA.csv
CUSTODIAN INVESTMENT NIGERIA (NIGERIA),2,/Users/derrythornalley/AM100_DATA/input_updates/2026-04-08/dividends_extracted/nigeria/CUSTODIAN INVESTMENT NIGERIA.csv
PALM HILLS DEVELOPMANT COMPANY EGYPT (EGYPT),2,/Users/derrythornalley/AM100_DATA/input_updates/2026-04-08/dividends_extracted/egypt/PALM HILLS DEVELOPMANT COMPANY EGYPT.csv
SPAR (SOUTH AFRICA),1,/Users/derrythornalley/AM100_DATA/input_updates/2026-04-08/dividends_extracted/south_africa/SPAR.csv
INTERNATIONAL BREWERIES NIGERIA (NIGERIA),1,/Users/derrythornalley/AM100_DATA/input_updates/2026-04-08/dividends_extracted/nigeria/INTERNATIONAL BREWERIES NIGERIA.csv
AVI (SOUTH AFRICA),8,/Users/derrythornalley/AM100_DATA/input_updates/2026-04-08/dividends_extracted/south_africa/AVI.csv
SIDI KERIR PETROCHEMICALS EGYPT (EGYPT),8,/Users/derrythornalley/AM100_DATA/input_updates/2026-04-08/dividends_extracted/egypt/SIDI KERIR PETROCHEMICALS EGYPT.csv
LIFE HEALTHCARE (SOUTH AFRICA),9,/Users/derrythornalley/AM100_DATA/input_updates/2026-04-08/dividends_extracted/south_africa/LIFE HEALTHCARE.csv
JULIUS BERGER NIGERIA (NIGERIA),9,/Users/derrythornalley/AM100_DATA/input_updates/2026-04-08/dividends_extracted/nigeria/JULIUS BERGER NIGERIA.csv
EASTERN TOBACCO EGYPT (EGYPT),6,/Users/derrythornalley/AM100_DATA/input_updates/2026-04-08/dividends_extracted/egypt/EASTERN TOBACCO EGYPT.csv
JAIZ BANK NIGERIA (NIGERIA),2,/Users/derrythornalley/AM100_DATA/input_updates/2026-04-08/dividends_extracted/nigeria/JAIZ BANK NIGERIA.csv
ORASCOM INVESTMENT HOLDING EGYPT (EGYPT),2,/Users/derrythornalley/AM100_DATA/input_updates/2026-04-08/dividends_extracted/egypt/ORASCOM INVESTMENT HOLDING EGYPT.csv
ATTIJARIWAFA BANK MOROCCO (MOROCCO),7,/Users/derrythornalley/AM100_DATA/input_updates/2026-04-08/dividends_extracted/morocco/ATTIJARIWAFA BANK MOROCCO.csv
CADBURY NIGERIA (NIGERIA),4,/Users/derrythornalley/AM100_DATA/input_updates/2026-04-08/dividends_extracted/nigeria/CADBURY NIGERIA.csv
HONEYWELL FLOUR MILLS NIGERIA (NIGERIA),4,/Users/derrythornalley/AM100_DATA/input_updates/2026-04-08/dividends_extracted/nigeria/HONEYWELL FLOUR MILLS NIGERIA.csv
EGYPT ALUMINIUM (EGYPT),9,/Users/derrythornalley/AM100_DATA/input_updates/2026-04-08/dividends_extracted/egypt/EGYPT ALUMINIUM.csv
TELECOM EGYPT (EGYPT),10,/Users/derrythornalley/AM100_DATA/input_updates/2026-04-08/dividends_extracted/egypt/TELECOM EGYPT.csv
BANK OF KIGALI RWANDA (RWANDA),9,/Users/derrythornalley/AM100_DATA/input_updates/2026-04-08/dividends_extracted/rwanda/BANK OF KIGALI RWANDA.csv
RAYA HOLDING EGYPT (EGYPT),9,/Users/derrythornalley/AM100_DATA/input_updates/2026-04-08/dividends_extracted/egypt/RAYA HOLDING EGYPT.csv
ALEXANDRIA MINERAL OILS EGYPT (EGYPT),15,/Users/derrythornalley/AM100_DATA/input_updates/2026-04-08/dividends_extracted/egypt/ALEXANDRIA MINERAL OILS EGYPT.csv
EAST AFRICAN BREWERIES KENYA (KENYA),16,/Users/derrythornalley/AM100_DATA/input_updates/2026-04-08/dividends_extracted/kenya/EAST AFRICAN BREWERIES KENYA.csv
DIS-CHEM PHARMACIES (SOUTH AFRICA),4,/Users/derrythornalley/AM100_DATA/input_updates/2026-04-08/dividends_extracted/south_africa/DIS-CHEM PHARMACIES.csv
GB AUTO EGYPT (EGYPT),1,/Users/derrythornalley/AM100_DATA/input_updates/2026-04-08/dividends_extracted/egypt/GB AUTO EGYPT.csv
ABU DHABI ISLAMIC BANK EGYPT (EGYPT),1,/Users/derrythornalley/AM100_DATA/input_updates/2026-04-08/dividends_extracted/egypt/ABU DHABI ISLAMIC BANK EGYPT.csv
QUILTER (SOUTH AFRICA),6,/Users/derrythornalley/AM100_DATA/input_updates/2026-04-08/dividends_extracted/south_africa/QUILTER.csv
ETERNA PLC NIGERIA (NIGERIA),6,/Users/derrythornalley/AM100_DATA/input_updates/2026-04-08/dividends_extracted/nigeria/ETERNA PLC NIGERIA.csv
SANTAM (SOUTH AFRICA),8,/Users/derrythornalley/AM100_DATA/input_updates/2026-04-08/dividends_extracted/south_africa/SANTAM.csv
AIICO INSURANCE NIGERIA (NIGERIA),8,/Users/derrythornalley/AM100_DATA/input_updates/2026-04-08/dividends_extracted/nigeria/AIICO INSURANCE NIGERIA.csv
BANK OF AFRICA SENEGAL (SENEGAL),9,/Users/derrythornalley/AM100_DATA/input_updates/2026-04-08/dividends_extracted/senegal/BANK OF AFRICA SENEGAL.csv
AXA MANSARD NIGERIA (NIGERIA),10,/Users/derrythornalley/AM100_DATA/input_updates/2026-04-08/dividends_extracted/nigeria/AXA MANSARD NIGERIA.csv
WILSON BAYLY HOLMES OVCON (SOUTH AFRICA),10,/Users/derrythornalley/AM100_DATA/input_updates/2026-04-08/dividends_extracted/south_africa/WILSON BAYLY HOLMES OVCON.csv
MARSA MAROC MOROCCO (MOROCCO),8,/Users/derrythornalley/AM100_DATA/input_updates/2026-04-08/dividends_extracted/morocco/MARSA MAROC MOROCCO.csv
CO-OPERATIVE BANK KENYA (KENYA),10,/Users/derrythornalley/AM100_DATA/input_updates/2026-04-08/dividends_extracted/kenya/CO-OPERATIVE BANK KENYA.csv
MAROC TELECOM MOROCCO (MOROCCO),10,/Users/derrythornalley/AM100_DATA/input_updates/2026-04-08/dividends_extracted/morocco/MAROC TELECOM MOROCCO.csv
RAUBEX (SOUTH AFRICA),13,/Users/derrythornalley/AM100_DATA/input_updates/2026-04-08/dividends_extracted/south_africa/RAUBEX.csv
INNSCOR AFRICA (ZIMBABWE),1,/Users/derrythornalley/AM100_DATA/input_updates/2026-04-08/dividends_extracted/zimbabwe/INNSCOR AFRICA.csv
ORAGROUP TOGO (TOGO),1,/Users/derrythornalley/AM100_DATA/input_updates/2026-04-08/dividends_extracted/togo/ORAGROUP TOGO.csv
PSG KONSULT (SOUTH AFRICA),11,/Users/derrythornalley/AM100_DATA/input_updates/2026-04-08/dividends_extracted/south_africa/PSG KONSULT.csv
NINETY ONE (SOUTH AFRICA),10,/Users/derrythornalley/AM100_DATA/input_updates/2026-04-08/dividends_extracted/south_africa/NINETY ONE.csv
BANK OF AFRICA NIGER (NIGER),10,/Users/derrythornalley/AM100_DATA/input_updates/2026-04-08/dividends_extracted/niger/BANK OF AFRICA NIGER.csv
CAP PLC NIGERIA (NIGERIA),10,/Users/derrythornalley/AM100_DATA/input_updates/2026-04-08/dividends_extracted/nigeria/CAP PLC NIGERIA.csv
NCBA GROUP KENYA (KENYA),17,/Users/derrythornalley/AM100_DATA/input_updates/2026-04-08/dividends_extracted/kenya/NCBA GROUP KENYA.csv
STANBIC HOLDINGS KENYA (KENYA),17,/Users/derrythornalley/AM100_DATA/input_updates/2026-04-08/dividends_extracted/kenya/STANBIC HOLDINGS KENYA.csv
MCB GROUP LTD MAURITIUS (MAURITIUS),8,/Users/derrythornalley/AM100_DATA/input_updates/2026-04-08/dividends_extracted/mauritius/MCB GROUP LTD MAURITIUS.csv
KENYA ELECTRICITY GENERATING CO (KENYA),8,/Users/derrythornalley/AM100_DATA/input_updates/2026-04-08/dividends_extracted/kenya/KENYA ELECTRICITY GENERATING CO.csv
ABSA BANK KENYA (KENYA),10,/Users/derrythornalley/AM100_DATA/input_updates/2026-04-08/dividends_extracted/kenya/ABSA BANK KENYA.csv
CORONATION (NAMIBIA),10,/Users/derrythornalley/AM100_DATA/input_updates/2026-04-08/dividends_extracted/namibia/CORONATION.csv
STANDARD CHARTERED BANK KENYA (KENYA),9,/Users/derrythornalley/AM100_DATA/input_updates/2026-04-08/dividends_extracted/kenya/STANDARD CHARTERED BANK KENYA.csv
DIAMOND TRUST BANK KENYA (KENYA),5,/Users/derrythornalley/AM100_DATA/input_updates/2026-04-08/dividends_extracted/kenya/DIAMOND TRUST BANK KENYA.csv
KENYA POWER (KENYA),5,/Users/derrythornalley/AM100_DATA/input_updates/2026-04-08/dividends_extracted/kenya/KENYA POWER.csv
BRITISH AMERICAN TOBACCO KENYA (KENYA),1,/Users/derrythornalley/AM100_DATA/input_updates/2026-04-08/dividends_extracted/kenya/BRITISH AMERICAN TOBACCO KENYA.csv
UPDC PLC NIGERIA (NIGERIA),1,/Users/derrythornalley/AM100_DATA/input_updates/2026-04-08/dividends_extracted/nigeria/UPDC PLC NIGERIA.csv
LAFARGEHOLCIM MAROC MOROCCO (MOROCCO),8,/Users/derrythornalley/AM100_DATA/input_updates/2026-04-08/dividends_extracted/morocco/LAFARGEHOLCIM MAROC MOROCCO.csv
MANAGEM MOROCCO (MOROCCO),8,/Users/derrythornalley/AM100_DATA/input_updates/2026-04-08/dividends_extracted/morocco/MANAGEM MOROCCO.csv
BANK OF AFRICA MOROCCO (MOROCCO),1,/Users/derrythornalley/AM100_DATA/input_updates/2026-04-08/dividends_extracted/morocco/BANK OF AFRICA MOROCCO.csv
CORONATION INSURANCE NIGERIA (NIGERIA),1,/Users/derrythornalley/AM100_DATA/input_updates/2026-04-08/dividends_extracted/nigeria/CORONATION INSURANCE NIGERIA.csv
TOTALENERGIES MARKETING SENEGAL (SENEGAL),10,/Users/derrythornalley/AM100_DATA/input_updates/2026-04-08/dividends_extracted/senegal/TOTALENERGIES MARKETING SENEGAL.csv
BERGER PAINTS NIGERIA (NIGERIA),10,/Users/derrythornalley/AM100_DATA/input_updates/2026-04-08/dividends_extracted/nigeria/BERGER PAINTS NIGERIA.csv
I&M GROUP KENYA (KENYA),10,/Users/derrythornalley/AM100_DATA/input_updates/2026-04-08/dividends_extracted/kenya/I&M GROUP KENYA.csv
TRANSCORP HOTELS NIGERIA (NIGERIA),9,/Users/derrythornalley/AM100_DATA/input_updates/2026-04-08/dividends_extracted/nigeria/TRANSCORP HOTELS NIGERIA.csv
BANQUE CENTRALE POPULAIRE MOROCCO (MOROCCO),9,/Users/derrythornalley/AM100_DATA/input_updates/2026-04-08/dividends_extracted/morocco/BANQUE CENTRALE POPULAIRE MOROCCO.csv
TOTALENERGIES MARKETING NIGERIA (NIGERIA),2,/Users/derrythornalley/AM100_DATA/input_updates/2026-04-08/dividends_extracted/nigeria/TOTALENERGIES MARKETING NIGERIA.csv
MTN GHANA (GHANA),2,/Users/derrythornalley/AM100_DATA/input_updates/2026-04-08/dividends_extracted/ghana/MTN GHANA.csv
TAQA MOROCCO (MOROCCO),9,/Users/derrythornalley/AM100_DATA/input_updates/2026-04-08/dividends_extracted/morocco/TAQA MOROCCO.csv
CIMENTS DU MAROC MOROCCO (MOROCCO),9,/Users/derrythornalley/AM100_DATA/input_updates/2026-04-08/dividends_extracted/morocco/CIMENTS DU MAROC MOROCCO.csv
BRALIRWA RWANDA (RWANDA),9,/Users/derrythornalley/AM100_DATA/input_updates/2026-04-08/dividends_extracted/rwanda/BRALIRWA RWANDA.csv
COSUMAR MOROCCO (MOROCCO),10,/Users/derrythornalley/AM100_DATA/input_updates/2026-04-08/dividends_extracted/morocco/COSUMAR MOROCCO.csv
AIRTEL AFRICA NIGERIA (NIGERIA),4,/Users/derrythornalley/AM100_DATA/input_updates/2026-04-08/dividends_extracted/nigeria/AIRTEL AFRICA NIGERIA.csv
GEREGU POWER NIGERIA (NIGERIA),4,/Users/derrythornalley/AM100_DATA/input_updates/2026-04-08/dividends_extracted/nigeria/GEREGU POWER NIGERIA.csv
MTN RWANDACELL (RWANDA),5,/Users/derrythornalley/AM100_DATA/input_updates/2026-04-08/dividends_extracted/rwanda/MTN RWANDACELL.csv
SIMBISA BRANDS (ZIMBABWE),12,/Users/derrythornalley/AM100_DATA/input_updates/2026-04-08/dividends_extracted/zimbabwe/SIMBISA BRANDS.csv
PADENGA HOLDINGS (ZIMBABWE),9,/Users/derrythornalley/AM100_DATA/input_updates/2026-04-08/dividends_extracted/zimbabwe/PADENGA HOLDINGS.csv
CIH BANK (MOROCCO),9,/Users/derrythornalley/AM100_DATA/input_updates/2026-04-08/dividends_extracted/morocco/CIH BANK.csv
TIGERE PROPERTY FUND (ZIMBABWE),4,/Users/derrythornalley/AM100_DATA/input_updates/2026-04-08/dividends_extracted/zimbabwe/TIGERE PROPERTY FUND.csv
BRITAM HOLDINGS KENYA (KENYA),4,/Users/derrythornalley/AM100_DATA/input_updates/2026-04-08/dividends_extracted/kenya/BRITAM HOLDINGS KENYA.csv
JUBILEE HOLDINGS KENYA (KENYA),7,/Users/derrythornalley/AM100_DATA/input_updates/2026-04-08/dividends_extracted/kenya/JUBILEE HOLDINGS KENYA.csv
CIC INSURANCE GROUP KENYA (KENYA),7,/Users/derrythornalley/AM100_DATA/input_updates/2026-04-08/dividends_extracted/kenya/CIC INSURANCE GROUP KENYA.csv
SBM HOLDINGS MAURITIUS (MAURITIUS),9,/Users/derrythornalley/AM100_DATA/input_updates/2026-04-08/dividends_extracted/mauritius/SBM HOLDINGS MAURITIUS.csv
CRDB BANK PLC TANZANIA (TANZANIA),10,/Users/derrythornalley/AM100_DATA/input_updates/2026-04-08/dividends_extracted/tanzania/CRDB BANK PLC TANZANIA.csv
ATLANTASANAD MOROCCO (MOROCCO),10,/Users/derrythornalley/AM100_DATA/input_updates/2026-04-08/dividends_extracted/morocco/ATLANTASANAD MOROCCO.csv
ASCENCIA MAURITIUS (MAURITIUS),8,/Users/derrythornalley/AM100_DATA/input_updates/2026-04-08/dividends_extracted/mauritius/ASCENCIA MAURITIUS.csv
TANZANIA BREWERIES LTD (TANZANIA),8,/Users/derrythornalley/AM100_DATA/input_updates/2026-04-08/dividends_extracted/tanzania/TANZANIA BREWERIES LTD.csv
TOTALENERGIES MARKETING KENYA (KENYA),10,/Users/derrythornalley/AM100_DATA/input_updates/2026-04-08/dividends_extracted/kenya/TOTALENERGIES MARKETING KENYA.csv
NEW MAURITIUS HOTELS (MAURITIUS),7,/Users/derrythornalley/AM100_DATA/input_updates/2026-04-08/dividends_extracted/mauritius/NEW MAURITIUS HOTELS.csv
GCB BANK PLC GHANA (GHANA),7,/Users/derrythornalley/AM100_DATA/input_updates/2026-04-08/dividends_extracted/ghana/GCB BANK PLC GHANA.csv
I&M BANK RWANDA (RWANDA),7,/Users/derrythornalley/AM100_DATA/input_updates/2026-04-08/dividends_extracted/rwanda/I&M BANK RWANDA.csv
AMEN BANK TUNISIA (TUNISIA),9,/Users/derrythornalley/AM100_DATA/input_updates/2026-04-08/dividends_extracted/tunisia/AMEN BANK TUNISIA.csv
POULINA GROUP HOLDING TUNISIA (TUNISIA),10,/Users/derrythornalley/AM100_DATA/input_updates/2026-04-08/dividends_extracted/tunisia/POULINA GROUP HOLDING TUNISIA.csv
LUX ISLAND RESTORTS MAURITIUS (MAURITIUS),9,/Users/derrythornalley/AM100_DATA/input_updates/2026-04-08/dividends_extracted/mauritius/LUX ISLAND RESTORTS MAURITIUS.csv
NMB BANK TANZANIA (TANZANIA),9,/Users/derrythornalley/AM100_DATA/input_updates/2026-04-08/dividends_extracted/tanzania/NMB BANK TANZANIA.csv
TANZANIA CIGARETTE COMPANY (TANZANIA),9,/Users/derrythornalley/AM100_DATA/input_updates/2026-04-08/dividends_extracted/tanzania/TANZANIA CIGARETTE COMPANY.csv
BANQUE NATIONALE AGRICOLE TUNISIA (TUNISIA),9,/Users/derrythornalley/AM100_DATA/input_updates/2026-04-08/dividends_extracted/tunisia/BANQUE NATIONALE AGRICOLE TUNISIA.csv
IRELAND BLYTH MAURITIUS (MAURITIUS),9,/Users/derrythornalley/AM100_DATA/input_updates/2026-04-08/dividends_extracted/mauritius/IRELAND BLYTH MAURITIUS.csv
ATTIJARI BANK TUNISIA (TUNISIA),9,/Users/derrythornalley/AM100_DATA/input_updates/2026-04-08/dividends_extracted/tunisia/ATTIJARI BANK TUNISIA.csv
CEIL MAURITIUS (MAURITIUS),10,/Users/derrythornalley/AM100_DATA/input_updates/2026-04-08/dividends_extracted/mauritius/CEIL MAURITIUS.csv
SOCIÉTÉ FRIGORIFIQUE ET BRASSERIE DE TUNIS TUNISIA (TUNISIA),1,/Users/derrythornalley/AM100_DATA/input_updates/2026-04-08/dividends_extracted/tunisia/SOCIÉTÉ FRIGORIFIQUE ET BRASSERIE DE TUNIS TUNISIA.csv
TN CYBERTECH INVESTMENTS HOLDINGS (ZIMBABWE),1,/Users/derrythornalley/AM100_DATA/input_updates/2026-04-08/dividends_extracted/zimbabwe/TN CYBERTECH INVESTMENTS HOLDINGS.csv
ONE TECH HOLDING TUNISIA (TUNISIA),9,/Users/derrythornalley/AM100_DATA/input_updates/2026-04-08/dividends_extracted/tunisia/ONE TECH HOLDING TUNISIA.csv
BIAT TUNISIA (TUNISIA),9,/Users/derrythornalley/AM100_DATA/input_updates/2026-04-08/dividends_extracted/tunisia/BIAT TUNISIA.csv
EAST DELTA FLOUR MILLS EGYPT (EGYPT),9,/Users/derrythornalley/AM100_DATA/input_updates/2026-04-08/dividends_extracted/egypt/EAST DELTA FLOUR MILLS EGYPT.csv
BANQUE DE TUNISIE TUNISIA (TUNISIA),9,/Users/derrythornalley/AM100_DATA/input_updates/2026-04-08/dividends_extracted/tunisia/BANQUE DE TUNISIE TUNISIA.csv
FIRST CAPITAL BANK (ZIMBABWE),6,/Users/derrythornalley/AM100_DATA/input_updates/2026-04-08/dividends_extracted/zimbabwe/FIRST CAPITAL BANK.csv
CALBANK PLC GHANA (GHANA),6,/Users/derrythornalley/AM100_DATA/input_updates/2026-04-08/dividends_extracted/ghana/CALBANK PLC GHANA.csv
CIM FINANCIAL SERVICES MAURITIUS (MAURITIUS),10,/Users/derrythornalley/AM100_DATA/input_updates/2026-04-08/dividends_extracted/mauritius/CIM FINANCIAL SERVICES MAURITIUS.csv
DÉLICE HOLDING TUNISIA (TUNISIA),10,/Users/derrythornalley/AM100_DATA/input_updates/2026-04-08/dividends_extracted/tunisia/DÉLICE HOLDING TUNISIA.csv
MTN UGANDA (UGANDA),13,/Users/derrythornalley/AM100_DATA/input_updates/2026-04-08/dividends_extracted/uganda/MTN UGANDA.csv
ENL LIMITED MAURITIUS (MAURITIUS),6,/Users/derrythornalley/AM100_DATA/input_updates/2026-04-08/dividends_extracted/mauritius/ENL LIMITED MAURITIUS.csv
ECOBANK GHANA (GHANA),6,/Users/derrythornalley/AM100_DATA/input_updates/2026-04-08/dividends_extracted/ghana/ECOBANK GHANA.csv
SUN RESORTS LIMITED MAURITIUS (MAURITIUS),9,/Users/derrythornalley/AM100_DATA/input_updates/2026-04-08/dividends_extracted/mauritius/SUN RESORTS LIMITED MAURITIUS.csv
STANBIC BANK UGANDA (UGANDA),3,/Users/derrythornalley/AM100_DATA/input_updates/2026-04-08/dividends_extracted/uganda/STANBIC BANK UGANDA.csv
SBN HOLDINGS (NAMIBIA),3,/Users/derrythornalley/AM100_DATA/input_updates/2026-04-08/dividends_extracted/namibia/SBN HOLDINGS.csv
SOCIÉTÉ GÉNÉRALE GHANA (GHANA),8,/Users/derrythornalley/AM100_DATA/input_updates/2026-04-08/dividends_extracted/ghana/SOCIÉTÉ GÉNÉRALE GHANA.csv
TANZANIA PORTLAND CEMENT (TANZANIA),8,/Users/derrythornalley/AM100_DATA/input_updates/2026-04-08/dividends_extracted/tanzania/TANZANIA PORTLAND CEMENT.csv
STANDARD CHARTERED BANK GHANA (GHANA),3,/Users/derrythornalley/AM100_DATA/input_updates/2026-04-08/dividends_extracted/ghana/STANDARD CHARTERED BANK GHANA.csv
TANGA CEMENT TANZANIA (TANZANIA),3,/Users/derrythornalley/AM100_DATA/input_updates/2026-04-08/dividends_extracted/tanzania/TANGA CEMENT TANZANIA.csv
TSL (ZIMBABWE),7,/Users/derrythornalley/AM100_DATA/input_updates/2026-04-08/dividends_extracted/zimbabwe/TSL.csv
NATIONAL INVESTMENT COMPANY TANZANIA (TANZANIA),5,/Users/derrythornalley/AM100_DATA/input_updates/2026-04-08/dividends_extracted/tanzania/NATIONAL INVESTMENT COMPANY TANZANIA.csv
ECOBANK TRANSITIONAL INC GHANA (GHANA),5,/Users/derrythornalley/AM100_DATA/input_updates/2026-04-08/dividends_extracted/ghana/ECOBANK TRANSITIONAL INC GHANA.csv
OMNIA HOLDINGS (SOUTH AFRICA),4,/Users/derrythornalley/AM100_DATA/input_updates/2026-04-08/dividends_extracted/south_africa/OMNIA HOLDINGS.csv
CI CAPITAL HOLDINGS (EGYPT),4,/Users/derrythornalley/AM100_DATA/input_updates/2026-04-08/dividends_extracted/egypt/CI CAPITAL HOLDINGS.csv
HYPROP (SOUTH AFRICA),9,/Users/derrythornalley/AM100_DATA/input_updates/2026-04-08/dividends_extracted/south_africa/HYPROP.csv
THUNGELA RESOURSES (SOUTH AFRICA),2,/Users/derrythornalley/AM100_DATA/input_updates/2026-04-08/dividends_extracted/south_africa/THUNGELA RESOURSES.csv
HF GROUP PLC (KENYA),2,/Users/derrythornalley/AM100_DATA/input_updates/2026-04-08/dividends_extracted/kenya/HF GROUP PLC.csv
E-FINANCE INVESTMENT GROUP (EGYPT),7,/Users/derrythornalley/AM100_DATA/input_updates/2026-04-08/dividends_extracted/egypt/E-FINANCE INVESTMENT GROUP.csv
ABU QIR FERTILIZERS AND CHEMICAL INDUSTRIES (EGYPT),10,/Users/derrythornalley/AM100_DATA/input_updates/2026-04-08/dividends_extracted/egypt/ABU QIR FERTILIZERS AND CHEMICAL INDUSTRIES.csv
Motus Holdings Ltd (South Africa),13,/Users/derrythornalley/AM100_DATA/input_updates/2026-04-08/dividends_extracted/south_africa/MOTUS HOLDINGS LTD.csv
Capricorn Group Limited (Namibia),10,/Users/derrythornalley/AM100_DATA/input_updates/2026-04-08/dividends_extracted/namibia/CAPRICORN GROUP LIMITED.csv
Sun International Limited (South Africa),10,/Users/derrythornalley/AM100_DATA/input_updates/2026-04-08/dividends_extracted/south_africa/SUN INTERNATIONAL LIMITED.csv
Nedbank Group Limited (South Africa),11,/Users/derrythornalley/AM100_DATA/input_updates/2026-04-08/dividends_extracted/south_africa/NEDBANK GROUP LIMITED.csv
Alexandria Containers and goods (Egypt),8,/Users/derrythornalley/AM100_DATA/input_updates/2026-04-08/dividends_extracted/egypt/ALEXANDRIA CONTAINERS AND GOODS.csv
Arabian Cement Company (Egypt),7,/Users/derrythornalley/AM100_DATA/input_updates/2026-04-08/dividends_extracted/egypt/ARABIAN CEMENT COMPANY.csv
Pepkor Holdings Ltd (South Africa),6,/Users/derrythornalley/AM100_DATA/input_updates/2026-04-08/dividends_extracted/south_africa/PEPKOR HOLDINGS LTD.csv
Seed Co International Limited (Botswana),5,/Users/derrythornalley/AM100_DATA/input_updates/2026-04-08/dividends_extracted/botswana/SEED CO INTERNATIONAL LIMITED.csv
Bamburi Cement Plc (Kenya),10,/Users/derrythornalley/AM100_DATA/input_updates/2026-04-08/dividends_extracted/kenya/BAMBURI CEMENT PLC.csv
Juhayna Food Industries S.A.E (Egypt),10,/Users/derrythornalley/AM100_DATA/input_updates/2026-04-08/dividends_extracted/egypt/JUHAYNA FOOD INDUSTRIES S.A.E.csv
Oriental Weavers Carpets Company (Egypt),10,/Users/derrythornalley/AM100_DATA/input_updates/2026-04-08/dividends_extracted/egypt/ORIENTAL WEAVERS CARPETS COMPANY.csv
Netcare Limited (South Africa),19,/Users/derrythornalley/AM100_DATA/input_updates/2026-04-08/dividends_extracted/south_africa/NETCARE LIMITED.csv
Reunert Ltd (South Africa),20,/Users/derrythornalley/AM100_DATA/input_updates/2026-04-08/dividends_extracted/south_africa/REUNERT LTD.csv
AECI Ltd (South Africa),12,/Users/derrythornalley/AM100_DATA/input_updates/2026-04-08/dividends_extracted/south_africa/AECI LTD.csv
Edita Food Industries Company (Egypt),1,/Users/derrythornalley/AM100_DATA/input_updates/2026-04-08/dividends_extracted/egypt/EDITA FOOD INDUSTRIES COMPANY.csv
Ste Nationale de Siderurgie SA (Morocco),6,/Users/derrythornalley/AM100_DATA/input_updates/2026-04-08/dividends_extracted/morocco/STE NATIONALE DE SIDERURGIE SA.csv
Redefine Properties Ltd (South Africa),14,/Users/derrythornalley/AM100_DATA/input_updates/2026-04-08/dividends_extracted/south_africa/REDEFINE PROPERTIES LTD.csv
Delta Corporation Limited (Zimbabwe),14,/Users/derrythornalley/AM100_DATA/input_updates/2026-04-08/dividends_extracted/zimbabwe/DELTA CORPORATION LIMITED.csv
IBL Ltd (Mauritius),8,/Users/derrythornalley/AM100_DATA/input_updates/2026-04-08/dividends_extracted/mauritius/IBL LTD.csv
QNB Alahli (Egypt),8,/Users/derrythornalley/AM100_DATA/input_updates/2026-04-08/dividends_extracted/egypt/QNB ALAHLI.csv
Enterprise Group PLC (Ghana),7,/Users/derrythornalley/AM100_DATA/input_updates/2026-04-08/dividends_extracted/ghana/ENTERPRISE GROUP PLC.csv
Choppies Enterprises Limited (South Africa),7,/Users/derrythornalley/AM100_DATA/input_updates/2026-04-08/dividends_extracted/south_africa/CHOPPIES ENTERPRISES LIMITED.csv
Momentum Metropolitan Holdings Ltd (South Africa),18,/Users/derrythornalley/AM100_DATA/input_updates/2026-04-08/dividends_extracted/south_africa/MOMENTUM METROPOLITAN HOLDINGS LTD.csv
Bid Corporation Ltd (South Africa),6,/Users/derrythornalley/AM100_DATA/input_updates/2026-04-08/dividends_extracted/south_africa/BID CORPORATION LTD.csv
Transpaco Ltd (South Africa),5,/Users/derrythornalley/AM100_DATA/input_updates/2026-04-08/dividends_extracted/south_africa/TRANSPACO LTD.csv
GOIL PLC (Ghana),5,/Users/derrythornalley/AM100_DATA/input_updates/2026-04-08/dividends_extracted/ghana/GOIL PLC.csv
Label Vie (Morocco),11,/Users/derrythornalley/AM100_DATA/input_updates/2026-04-08/dividends_extracted/morocco/LABEL VIE.csv
Sasol Ltd (south Africa),11,/Users/derrythornalley/AM100_DATA/input_updates/2026-04-08/dividends_extracted/south_africa/SASOL LTD.csv
Fortress Real Estate Investments Limited (South Africa),6,/Users/derrythornalley/AM100_DATA/input_updates/2026-04-08/dividends_extracted/south_africa/FORTRESS REAL ESTATE INVESTMENTS LIMITED.csv
Fan Milk PLC (Ghana),6,/Users/derrythornalley/AM100_DATA/input_updates/2026-04-08/dividends_extracted/ghana/FAN MILK PLC.csv
Pick n Pay Stores Ltd (South Africa),11,/Users/derrythornalley/AM100_DATA/input_updates/2026-04-08/dividends_extracted/south_africa/PICK N PAY STORES LTD.csv
Credit Agricole - Egypt Bank (S.A.E.),6,/Users/derrythornalley/AM100_DATA/input_updates/2026-04-08/dividends_extracted/s.a.e./CREDIT AGRICOLE - EGYPT BANK.csv
KAP Limited (South Africa),3,/Users/derrythornalley/AM100_DATA/input_updates/2026-04-08/dividends_extracted/south_africa/KAP LIMITED.csv
Hulamin Limited (South Africa),3,/Users/derrythornalley/AM100_DATA/input_updates/2026-04-08/dividends_extracted/south_africa/HULAMIN LIMITED.csv
Société de Fabrication des Boissons de Tunisie Société Anonyme (Tunisia),10,/Users/derrythornalley/AM100_DATA/input_updates/2026-04-08/dividends_extracted/tunisia/SOCIÉTÉ DE FABRICATION DES BOISSONS DE TUNISIE SOCIÉTÉ ANONYME.csv
Tsogo Sun Gaming (South Africa),16,/Users/derrythornalley/AM100_DATA/input_updates/2026-04-08/dividends_extracted/south_africa/TSOGO SUN GAMING.csv
Madinet Masr For Housing and Development (Egypt),9,/Users/derrythornalley/AM100_DATA/input_updates/2026-04-08/dividends_extracted/egypt/MADINET MASR FOR HOUSING AND DEVELOPMENT.csv
El Sewedy Electric (Egypt),2,/Users/derrythornalley/AM100_DATA/input_updates/2026-04-08/dividends_extracted/egypt/EL SEWEDY ELECTRIC.csv
Intravenous Infusions PLC (Ghana),2,/Users/derrythornalley/AM100_DATA/input_updates/2026-04-08/dividends_extracted/ghana/INTRAVENOUS INFUSIONS PLC.csv
Compagnie Sucrerie Marocaine et de Raffinage SA (Morroco),10,/Users/derrythornalley/AM100_DATA/input_updates/2026-04-08/dividends_extracted/morroco/COMPAGNIE SUCRERIE MAROCAINE ET DE RAFFINAGE SA.csv
"Crédit Immobilier et Hôtelier, Société Anonyme (Morroco)",4,"/Users/derrythornalley/AM100_DATA/input_updates/2026-04-08/dividends_extracted/morroco/CRÉDIT IMMOBILIER ET HÔTELIER, SOCIÉTÉ ANONYME.csv"
Douja Promotion Groupe Addoha S.A. (Morocco),4,/Users/derrythornalley/AM100_DATA/input_updates/2026-04-08/dividends_extracted/morocco/DOUJA PROMOTION GROUPE ADDOHA S.A..csv
