source_file,country_folder,proposed_target_file,staged_path
ABU QIR FERTILIZERS AND CHEMICAL INDUSTRIES EGYPT.csv,egypt,ABU QIR FERTILIZERS AND CHEMICAL INDUSTRIES.csv,/Users/derrythornalley/AM100_DATA/input_updates/2026-04-08/ABU QIR FERTILIZERS AND CHEMICAL INDUSTRIES EGYPT.csv
AECI Ltd South Africa.csv,south_africa,AECI Ltd.csv,/Users/derrythornalley/AM100_DATA/input_updates/2026-04-08/AECI Ltd South Africa.csv
Alexandria Containers and Goods Egypt.xlsx,egypt,Alexandria Containers and Goods.xlsx,/Users/derrythornalley/AM100_DATA/input_updates/2026-04-08/Alexandria Containers and Goods Egypt.xlsx
Aluworks Limited Ghana.xlsx,ghana,Aluworks Limited.xlsx,/Users/derrythornalley/AM100_DATA/input_updates/2026-04-08/Aluworks Limited Ghana.xlsx
Arabian Cement Company Egypt.xlsx,egypt,Arabian Cement Company.xlsx,/Users/derrythornalley/AM100_DATA/input_updates/2026-04-08/Arabian Cement Company Egypt.xlsx
ArcelorMittal South Africa Limited.csv,south_africa,ArcelorMittal South Africa Limited.csv,/Users/derrythornalley/AM100_DATA/input_updates/2026-04-08/ArcelorMittal South Africa Limited.csv
Bamburi Cement Plc Kenya.xlsx,kenya,Bamburi Cement Plc.xlsx,/Users/derrythornalley/AM100_DATA/input_updates/2026-04-08/Bamburi Cement Plc Kenya.xlsx
Bid Corporation Ltd South Africa.csv,south_africa,Bid Corporation Ltd.csv,/Users/derrythornalley/AM100_DATA/input_updates/2026-04-08/Bid Corporation Ltd South Africa.csv
CAMELOT GHANA Limited.xlsx,ghana,CAMELOT GHANA Limited.xlsx,/Users/derrythornalley/AM100_DATA/input_updates/2026-04-08/CAMELOT GHANA Limited.xlsx
CI CAPITAL HOLDING CO SAE EGYPT.csv,egypt,CI CAPITAL HOLDING CO SAE.csv,/Users/derrythornalley/AM100_DATA/input_updates/2026-04-08/CI CAPITAL HOLDING CO SAE EGYPT.csv
Capricorn Investment Group Ltd Namibia.csv,namibia,Capricorn Investment Group Ltd.csv,/Users/derrythornalley/AM100_DATA/input_updates/2026-04-08/Capricorn Investment Group Ltd Namibia.csv
Choppies Enterprises Limited South Africa.csv,south_africa,Choppies Enterprises Limited.csv,/Users/derrythornalley/AM100_DATA/input_updates/2026-04-08/Choppies Enterprises Limited South Africa.csv
Clydestone (Ghana) PLC.xlsx,ghana,Clydestone (Ghana) PLC.xlsx,/Users/derrythornalley/AM100_DATA/input_updates/2026-04-08/Clydestone (Ghana) PLC.xlsx
Cocoa Processing Company Limited Ghana.xlsx,ghana,Cocoa Processing Company Limited.xlsx,/Users/derrythornalley/AM100_DATA/input_updates/2026-04-08/Cocoa Processing Company Limited Ghana.xlsx
Credit Agricole Egypt Stock Price History (1).csv,egypt,Credit Agricole.csv,/Users/derrythornalley/AM100_DATA/input_updates/2026-04-08/Credit Agricole Egypt Stock Price History (1).csv
"Crédit Immobilier et Hôtelier, Société Anonyme Morocco.csv",morocco,"Crédit Immobilier et Hôtelier, Société Anonyme.csv","/Users/derrythornalley/AM100_DATA/input_updates/2026-04-08/Crédit Immobilier et Hôtelier, Société Anonyme Morocco.csv"
Delta Corporation Limited Zimbabwe.xlsx,zimbabwe,Delta Corporation Limited.xlsx,/Users/derrythornalley/AM100_DATA/input_updates/2026-04-08/Delta Corporation Limited Zimbabwe.xlsx
Douja Promotion Groupe Addoha S.A. Morocco.xlsx,morocco,Douja Promotion Groupe Addoha S.A..xlsx,/Users/derrythornalley/AM100_DATA/input_updates/2026-04-08/Douja Promotion Groupe Addoha S.A. Morocco.xlsx
E-FINANCE INVESTMENT GROUP EGYPT.csv,egypt,E-FINANCE INVESTMENT GROUP.csv,/Users/derrythornalley/AM100_DATA/input_updates/2026-04-08/E-FINANCE INVESTMENT GROUP EGYPT.csv
Edita Food Industries Company Egypt.xlsx,egypt,Edita Food Industries Company.xlsx,/Users/derrythornalley/AM100_DATA/input_updates/2026-04-08/Edita Food Industries Company Egypt.xlsx
El Sewedy Electric Egypt.xlsx,egypt,El Sewedy Electric.xlsx,/Users/derrythornalley/AM100_DATA/input_updates/2026-04-08/El Sewedy Electric Egypt.xlsx
Enterprise Group PLC Ghana.xlsx,ghana,Enterprise Group PLC.xlsx,/Users/derrythornalley/AM100_DATA/input_updates/2026-04-08/Enterprise Group PLC Ghana.xlsx
Export Development Bank of Egypt.xlsx,egypt,Export Development Bank of.xlsx,/Users/derrythornalley/AM100_DATA/input_updates/2026-04-08/Export Development Bank of Egypt.xlsx
FIRST NATIONAL BANK OF BOTSWANA.xlsx,botswana,FIRST NATIONAL BANK OF.xlsx,/Users/derrythornalley/AM100_DATA/input_updates/2026-04-08/FIRST NATIONAL BANK OF BOTSWANA.xlsx
Fan Milk PLC Ghana.xlsx,ghana,Fan Milk PLC.xlsx,/Users/derrythornalley/AM100_DATA/input_updates/2026-04-08/Fan Milk PLC Ghana.xlsx
Fortress Real Estate Investments Limited South Africa.csv,south_africa,Fortress Real Estate Investments Limited.csv,/Users/derrythornalley/AM100_DATA/input_updates/2026-04-08/Fortress Real Estate Investments Limited South Africa.csv
GOIL PLC Ghana.xlsx,ghana,GOIL PLC.xlsx,/Users/derrythornalley/AM100_DATA/input_updates/2026-04-08/GOIL PLC Ghana.xlsx
Growthpoint Properties Ltd South Africa.csv,south_africa,Growthpoint Properties Ltd.csv,/Users/derrythornalley/AM100_DATA/input_updates/2026-04-08/Growthpoint Properties Ltd South Africa.csv
HF GROUP KENYA.xlsx,kenya,HF GROUP.xlsx,/Users/derrythornalley/AM100_DATA/input_updates/2026-04-08/HF GROUP KENYA.xlsx
HYPROP INVESTMENTS SOUTH AFRICA.csv,south_africa,HYPROP INVESTMENTS.csv,/Users/derrythornalley/AM100_DATA/input_updates/2026-04-08/HYPROP INVESTMENTS SOUTH AFRICA.csv
Heliopolis Co. for Housing & Development Egypt.xlsx,egypt,Heliopolis Co. for Housing & Development.xlsx,/Users/derrythornalley/AM100_DATA/input_updates/2026-04-08/Heliopolis Co. for Housing & Development Egypt.xlsx
Hulamin Limited South Africa .csv,south_africa,Hulamin Limited.csv,/Users/derrythornalley/AM100_DATA/input_updates/2026-04-08/Hulamin Limited South Africa .csv
INTRAVENOUS INFUSIONS Ghana.xlsx,ghana,INTRAVENOUS INFUSIONS.xlsx,/Users/derrythornalley/AM100_DATA/input_updates/2026-04-08/INTRAVENOUS INFUSIONS Ghana.xlsx
Ibnsina Pharma Egypt.xlsx,egypt,Ibnsina Pharma.xlsx,/Users/derrythornalley/AM100_DATA/input_updates/2026-04-08/Ibnsina Pharma Egypt.xlsx
Juhayna Food Industries Egypt.xlsx,egypt,Juhayna Food Industries.xlsx,/Users/derrythornalley/AM100_DATA/input_updates/2026-04-08/Juhayna Food Industries Egypt.xlsx
KAP Limited South Africa.csv,south_africa,KAP Limited.csv,/Users/derrythornalley/AM100_DATA/input_updates/2026-04-08/KAP Limited South Africa.csv
Kenya Reinsurance Corporation Limited.xlsx,kenya,Kenya Reinsurance Corporation Limited.xlsx,/Users/derrythornalley/AM100_DATA/input_updates/2026-04-08/Kenya Reinsurance Corporation Limited.xlsx
Label Vie Morocco.csv,morocco,Label Vie.csv,/Users/derrythornalley/AM100_DATA/input_updates/2026-04-08/Label Vie Morocco.csv
MARIDIVE & OIL SERVICE (EGYPT).xlsx,egypt,MARIDIVE & OIL SERVICE (EGYPT).xlsx,/Users/derrythornalley/AM100_DATA/input_updates/2026-04-08/MARIDIVE & OIL SERVICE (EGYPT).xlsx
Mega African Capital Limited Ghana.xlsx,ghana,Mega African Capital Limited.xlsx,/Users/derrythornalley/AM100_DATA/input_updates/2026-04-08/Mega African Capital Limited Ghana.xlsx
Momentum Metropolitan Holdings (MTMJ) Historical Data.csv,,Momentum Metropolitan Holdings (MTMJ).csv,/Users/derrythornalley/AM100_DATA/input_updates/2026-04-08/Momentum Metropolitan Holdings (MTMJ) Historical Data.csv
Motus Holdings Ltd South Africa.csv,south_africa,Motus Holdings Ltd.csv,/Users/derrythornalley/AM100_DATA/input_updates/2026-04-08/Motus Holdings Ltd South Africa.csv
Nedbank Group Limited South Africa.csv,south_africa,Nedbank Group Limited.csv,/Users/derrythornalley/AM100_DATA/input_updates/2026-04-08/Nedbank Group Limited South Africa.csv
Netcare Limited South Africa.csv,south_africa,Netcare Limited.csv,/Users/derrythornalley/AM100_DATA/input_updates/2026-04-08/Netcare Limited South Africa.csv
OMNIA HOLDINGS SOUTH AFRICA.csv,south_africa,OMNIA HOLDINGS.csv,/Users/derrythornalley/AM100_DATA/input_updates/2026-04-08/OMNIA HOLDINGS SOUTH AFRICA.csv
Pepkor Holdings Ltd South Africa.csv,south_africa,Pepkor Holdings Ltd.csv,/Users/derrythornalley/AM100_DATA/input_updates/2026-04-08/Pepkor Holdings Ltd South Africa.csv
Pick N Pay Stores Ltd South Africa.csv,south_africa,Pick N Pay Stores Ltd.csv,/Users/derrythornalley/AM100_DATA/input_updates/2026-04-08/Pick N Pay Stores Ltd South Africa.csv
QATAR NATIONAL BANK ALAHLY Egypt.xlsx,egypt,QATAR NATIONAL BANK ALAHLY.xlsx,/Users/derrythornalley/AM100_DATA/input_updates/2026-04-08/QATAR NATIONAL BANK ALAHLY Egypt.xlsx
REPUBLIC BANK Ghana.xlsx,ghana,REPUBLIC BANK.xlsx,/Users/derrythornalley/AM100_DATA/input_updates/2026-04-08/REPUBLIC BANK Ghana.xlsx
Redefine Properties Ltd South Africa.csv,south_africa,Redefine Properties Ltd.csv,/Users/derrythornalley/AM100_DATA/input_updates/2026-04-08/Redefine Properties Ltd South Africa.csv
SUEZ CANAL BANK EGYPT.xlsx,egypt,SUEZ CANAL BANK.xlsx,/Users/derrythornalley/AM100_DATA/input_updates/2026-04-08/SUEZ CANAL BANK EGYPT.xlsx
Seed Co International Limited Botswana.xlsx,botswana,Seed Co International Limited.xlsx,/Users/derrythornalley/AM100_DATA/input_updates/2026-04-08/Seed Co International Limited Botswana.xlsx
Société de Fabrication des Boissons de Tunisie Société Anonyme Tunisa.xlsx,tunisia,Société de Fabrication des Boissons de Tunisie Société Anonyme.xlsx,/Users/derrythornalley/AM100_DATA/input_updates/2026-04-08/Société de Fabrication des Boissons de Tunisie Société Anonyme Tunisa.xlsx
Ste Nationale de Siderurgie SA Morocco.csv,morocco,Ste Nationale de Siderurgie SA.csv,/Users/derrythornalley/AM100_DATA/input_updates/2026-04-08/Ste Nationale de Siderurgie SA Morocco.csv
Sun International Ltd South Africa.csv,south_africa,Sun International Ltd.csv,/Users/derrythornalley/AM100_DATA/input_updates/2026-04-08/Sun International Ltd South Africa.csv
THUNGELA RESOURSES SOUTH AFRICA.csv,south_africa,THUNGELA RESOURSES.csv,/Users/derrythornalley/AM100_DATA/input_updates/2026-04-08/THUNGELA RESOURSES SOUTH AFRICA.csv
Transpaco Ltd South Africa.csv,south_africa,Transpaco Ltd.csv,/Users/derrythornalley/AM100_DATA/input_updates/2026-04-08/Transpaco Ltd South Africa.csv
Tsogo Sun Gaming South Africa.csv,south_africa,Tsogo Sun Gaming.csv,/Users/derrythornalley/AM100_DATA/input_updates/2026-04-08/Tsogo Sun Gaming South Africa.csv
dividend_extract_summary.csv,,dividend_extract_summary.csv,/Users/derrythornalley/AM100_DATA/input_updates/2026-04-08/dividend_extract_summary.csv
