source,target
/Users/derrythornalley/AM100_DATA/input_updates/2026-04-08/ABU QIR FERTILIZERS AND CHEMICAL INDUSTRIES EGYPT.csv,/Users/derrythornalley/AM100_DATA/data/egypt/ABU QIR FERTILIZERS AND CHEMICAL INDUSTRIES.csv
/Users/derrythornalley/AM100_DATA/input_updates/2026-04-08/AECI Ltd South Africa.csv,/Users/derrythornalley/AM100_DATA/data/south_africa/AECI Ltd.csv
/Users/derrythornalley/AM100_DATA/input_updates/2026-04-08/Alexandria Containers and Goods Egypt.xlsx,/Users/derrythornalley/AM100_DATA/data/egypt/Alexandria Containers and Goods.xlsx
/Users/derrythornalley/AM100_DATA/input_updates/2026-04-08/Aluworks Limited Ghana.xlsx,/Users/derrythornalley/AM100_DATA/data/ghana/Aluworks Limited.xlsx
/Users/derrythornalley/AM100_DATA/input_updates/2026-04-08/Arabian Cement Company Egypt.xlsx,/Users/derrythornalley/AM100_DATA/data/egypt/Arabian Cement Company.xlsx
/Users/derrythornalley/AM100_DATA/input_updates/2026-04-08/ArcelorMittal South Africa Limited.csv,/Users/derrythornalley/AM100_DATA/data/south_africa/ArcelorMittal South Africa Limited.csv
/Users/derrythornalley/AM100_DATA/input_updates/2026-04-08/Bamburi Cement Plc Kenya.xlsx,/Users/derrythornalley/AM100_DATA/data/kenya/Bamburi Cement Plc.xlsx
/Users/derrythornalley/AM100_DATA/input_updates/2026-04-08/Bid Corporation Ltd South Africa.csv,/Users/derrythornalley/AM100_DATA/data/south_africa/Bid Corporation Ltd.csv
/Users/derrythornalley/AM100_DATA/input_updates/2026-04-08/CAMELOT GHANA Limited.xlsx,/Users/derrythornalley/AM100_DATA/data/ghana/CAMELOT GHANA Limited.xlsx
/Users/derrythornalley/AM100_DATA/input_updates/2026-04-08/CI CAPITAL HOLDING CO SAE EGYPT.csv,/Users/derrythornalley/AM100_DATA/data/egypt/CI CAPITAL HOLDING CO SAE.csv
/Users/derrythornalley/AM100_DATA/input_updates/2026-04-08/Capricorn Investment Group Ltd Namibia.csv,/Users/derrythornalley/AM100_DATA/data/namibia/Capricorn Investment Group Ltd.csv
/Users/derrythornalley/AM100_DATA/input_updates/2026-04-08/Choppies Enterprises Limited South Africa.csv,/Users/derrythornalley/AM100_DATA/data/south_africa/Choppies Enterprises Limited.csv
/Users/derrythornalley/AM100_DATA/input_updates/2026-04-08/Clydestone (Ghana) PLC.xlsx,/Users/derrythornalley/AM100_DATA/data/ghana/Clydestone (Ghana) PLC.xlsx
/Users/derrythornalley/AM100_DATA/input_updates/2026-04-08/Cocoa Processing Company Limited Ghana.xlsx,/Users/derrythornalley/AM100_DATA/data/ghana/Cocoa Processing Company Limited.xlsx
/Users/derrythornalley/AM100_DATA/input_updates/2026-04-08/Credit Agricole Egypt Stock Price History (1).csv,/Users/derrythornalley/AM100_DATA/data/egypt/Credit Agricole.csv
"/Users/derrythornalley/AM100_DATA/input_updates/2026-04-08/Crédit Immobilier et Hôtelier, Société Anonyme Morocco.csv","/Users/derrythornalley/AM100_DATA/data/morocco/Crédit Immobilier et Hôtelier, Société Anonyme.csv"
/Users/derrythornalley/AM100_DATA/input_updates/2026-04-08/Delta Corporation Limited Zimbabwe.xlsx,/Users/derrythornalley/AM100_DATA/data/zimbabwe/Delta Corporation Limited.xlsx
/Users/derrythornalley/AM100_DATA/input_updates/2026-04-08/Douja Promotion Groupe Addoha S.A. Morocco.xlsx,/Users/derrythornalley/AM100_DATA/data/morocco/Douja Promotion Groupe Addoha S.A..xlsx
/Users/derrythornalley/AM100_DATA/input_updates/2026-04-08/E-FINANCE INVESTMENT GROUP EGYPT.csv,/Users/derrythornalley/AM100_DATA/data/egypt/E-FINANCE INVESTMENT GROUP.csv
/Users/derrythornalley/AM100_DATA/input_updates/2026-04-08/Edita Food Industries Company Egypt.xlsx,/Users/derrythornalley/AM100_DATA/data/egypt/Edita Food Industries Company.xlsx
/Users/derrythornalley/AM100_DATA/input_updates/2026-04-08/El Sewedy Electric Egypt.xlsx,/Users/derrythornalley/AM100_DATA/data/egypt/El Sewedy Electric.xlsx
/Users/derrythornalley/AM100_DATA/input_updates/2026-04-08/Enterprise Group PLC Ghana.xlsx,/Users/derrythornalley/AM100_DATA/data/ghana/Enterprise Group PLC.xlsx
/Users/derrythornalley/AM100_DATA/input_updates/2026-04-08/Export Development Bank of Egypt.xlsx,/Users/derrythornalley/AM100_DATA/data/egypt/Export Development Bank of.xlsx
/Users/derrythornalley/AM100_DATA/input_updates/2026-04-08/FIRST NATIONAL BANK OF BOTSWANA.xlsx,/Users/derrythornalley/AM100_DATA/data/botswana/FIRST NATIONAL BANK OF.xlsx
/Users/derrythornalley/AM100_DATA/input_updates/2026-04-08/Fan Milk PLC Ghana.xlsx,/Users/derrythornalley/AM100_DATA/data/ghana/Fan Milk PLC.xlsx
/Users/derrythornalley/AM100_DATA/input_updates/2026-04-08/Fortress Real Estate Investments Limited South Africa.csv,/Users/derrythornalley/AM100_DATA/data/south_africa/Fortress Real Estate Investments Limited.csv
/Users/derrythornalley/AM100_DATA/input_updates/2026-04-08/GOIL PLC Ghana.xlsx,/Users/derrythornalley/AM100_DATA/data/ghana/GOIL PLC.xlsx
/Users/derrythornalley/AM100_DATA/input_updates/2026-04-08/Growthpoint Properties Ltd South Africa.csv,/Users/derrythornalley/AM100_DATA/data/south_africa/Growthpoint Properties Ltd.csv
/Users/derrythornalley/AM100_DATA/input_updates/2026-04-08/HF GROUP KENYA.xlsx,/Users/derrythornalley/AM100_DATA/data/kenya/HF GROUP.xlsx
/Users/derrythornalley/AM100_DATA/input_updates/2026-04-08/HYPROP INVESTMENTS SOUTH AFRICA.csv,/Users/derrythornalley/AM100_DATA/data/south_africa/HYPROP INVESTMENTS.csv
/Users/derrythornalley/AM100_DATA/input_updates/2026-04-08/Heliopolis Co. for Housing & Development Egypt.xlsx,/Users/derrythornalley/AM100_DATA/data/egypt/Heliopolis Co. for Housing & Development.xlsx
/Users/derrythornalley/AM100_DATA/input_updates/2026-04-08/Hulamin Limited South Africa .csv,/Users/derrythornalley/AM100_DATA/data/south_africa/Hulamin Limited.csv
/Users/derrythornalley/AM100_DATA/input_updates/2026-04-08/INTRAVENOUS INFUSIONS Ghana.xlsx,/Users/derrythornalley/AM100_DATA/data/ghana/INTRAVENOUS INFUSIONS.xlsx
/Users/derrythornalley/AM100_DATA/input_updates/2026-04-08/Ibnsina Pharma Egypt.xlsx,/Users/derrythornalley/AM100_DATA/data/egypt/Ibnsina Pharma.xlsx
/Users/derrythornalley/AM100_DATA/input_updates/2026-04-08/Juhayna Food Industries Egypt.xlsx,/Users/derrythornalley/AM100_DATA/data/egypt/Juhayna Food Industries.xlsx
/Users/derrythornalley/AM100_DATA/input_updates/2026-04-08/KAP Limited South Africa.csv,/Users/derrythornalley/AM100_DATA/data/south_africa/KAP Limited.csv
/Users/derrythornalley/AM100_DATA/input_updates/2026-04-08/Kenya Reinsurance Corporation Limited.xlsx,/Users/derrythornalley/AM100_DATA/data/kenya/Kenya Reinsurance Corporation Limited.xlsx
/Users/derrythornalley/AM100_DATA/input_updates/2026-04-08/Label Vie Morocco.csv,/Users/derrythornalley/AM100_DATA/data/morocco/Label Vie.csv
/Users/derrythornalley/AM100_DATA/input_updates/2026-04-08/MARIDIVE & OIL SERVICE (EGYPT).xlsx,/Users/derrythornalley/AM100_DATA/data/egypt/MARIDIVE & OIL SERVICE (EGYPT).xlsx
/Users/derrythornalley/AM100_DATA/input_updates/2026-04-08/Mega African Capital Limited Ghana.xlsx,/Users/derrythornalley/AM100_DATA/data/ghana/Mega African Capital Limited.xlsx
/Users/derrythornalley/AM100_DATA/input_updates/2026-04-08/Motus Holdings Ltd South Africa.csv,/Users/derrythornalley/AM100_DATA/data/south_africa/Motus Holdings Ltd.csv
/Users/derrythornalley/AM100_DATA/input_updates/2026-04-08/Nedbank Group Limited South Africa.csv,/Users/derrythornalley/AM100_DATA/data/south_africa/Nedbank Group Limited.csv
/Users/derrythornalley/AM100_DATA/input_updates/2026-04-08/Netcare Limited South Africa.csv,/Users/derrythornalley/AM100_DATA/data/south_africa/Netcare Limited.csv
/Users/derrythornalley/AM100_DATA/input_updates/2026-04-08/OMNIA HOLDINGS SOUTH AFRICA.csv,/Users/derrythornalley/AM100_DATA/data/south_africa/OMNIA HOLDINGS.csv
/Users/derrythornalley/AM100_DATA/input_updates/2026-04-08/Pepkor Holdings Ltd South Africa.csv,/Users/derrythornalley/AM100_DATA/data/south_africa/Pepkor Holdings Ltd.csv
/Users/derrythornalley/AM100_DATA/input_updates/2026-04-08/Pick N Pay Stores Ltd South Africa.csv,/Users/derrythornalley/AM100_DATA/data/south_africa/Pick N Pay Stores Ltd.csv
/Users/derrythornalley/AM100_DATA/input_updates/2026-04-08/QATAR NATIONAL BANK ALAHLY Egypt.xlsx,/Users/derrythornalley/AM100_DATA/data/egypt/QATAR NATIONAL BANK ALAHLY.xlsx
/Users/derrythornalley/AM100_DATA/input_updates/2026-04-08/REPUBLIC BANK Ghana.xlsx,/Users/derrythornalley/AM100_DATA/data/ghana/REPUBLIC BANK.xlsx
/Users/derrythornalley/AM100_DATA/input_updates/2026-04-08/Redefine Properties Ltd South Africa.csv,/Users/derrythornalley/AM100_DATA/data/south_africa/Redefine Properties Ltd.csv
/Users/derrythornalley/AM100_DATA/input_updates/2026-04-08/SUEZ CANAL BANK EGYPT.xlsx,/Users/derrythornalley/AM100_DATA/data/egypt/SUEZ CANAL BANK.xlsx
/Users/derrythornalley/AM100_DATA/input_updates/2026-04-08/Seed Co International Limited Botswana.xlsx,/Users/derrythornalley/AM100_DATA/data/botswana/Seed Co International Limited.xlsx
/Users/derrythornalley/AM100_DATA/input_updates/2026-04-08/Société de Fabrication des Boissons de Tunisie Société Anonyme Tunisa.xlsx,/Users/derrythornalley/AM100_DATA/data/tunisia/Société de Fabrication des Boissons de Tunisie Société Anonyme.xlsx
/Users/derrythornalley/AM100_DATA/input_updates/2026-04-08/Ste Nationale de Siderurgie SA Morocco.csv,/Users/derrythornalley/AM100_DATA/data/morocco/Ste Nationale de Siderurgie SA.csv
/Users/derrythornalley/AM100_DATA/input_updates/2026-04-08/Sun International Ltd South Africa.csv,/Users/derrythornalley/AM100_DATA/data/south_africa/Sun International Ltd.csv
/Users/derrythornalley/AM100_DATA/input_updates/2026-04-08/THUNGELA RESOURSES SOUTH AFRICA.csv,/Users/derrythornalley/AM100_DATA/data/south_africa/THUNGELA RESOURSES.csv
/Users/derrythornalley/AM100_DATA/input_updates/2026-04-08/Transpaco Ltd South Africa.csv,/Users/derrythornalley/AM100_DATA/data/south_africa/Transpaco Ltd.csv
/Users/derrythornalley/AM100_DATA/input_updates/2026-04-08/Tsogo Sun Gaming South Africa.csv,/Users/derrythornalley/AM100_DATA/data/south_africa/Tsogo Sun Gaming.csv
