Date,Index Level
2016-09-01,1000.0
2016-09-02,1024.6088493641466
2016-09-05,1024.2029964636731
2016-09-06,1032.514860704111
2016-09-07,1045.6533002099998
2016-09-08,1048.187659501026
2016-09-09,1046.2285398795652
2016-09-12,1027.2705712248162
2016-09-13,1037.4206142371331
2016-09-14,1022.3715126973261
2016-09-15,1013.8760147562093
2016-09-16,982.0569383074635
2016-09-19,1006.0599553622632
2016-09-20,1024.2671654444089
2016-09-21,1011.4019587765277
2016-09-22,1020.3625348014214
2016-09-23,1023.9818142180925
2016-09-26,1006.8375356089826
2016-09-27,998.6321310535996
2016-09-28,994.4554179419345
2016-09-29,1019.8751482712298
2016-09-30,1005.1240978885456
2016-10-03,1005.1240978885456
2016-10-04,1027.846531653217
2016-10-05,1033.6474291438867
2016-10-06,1043.3434555358042
2016-10-07,1048.7698962504533
2016-10-10,1058.0885328245672
2016-10-11,1049.8580692198268
2016-10-12,1053.4790984376878
2016-10-13,1030.833997362842
2016-10-14,1044.0560920809814
2016-10-17,1046.6251145072324
2016-10-18,1063.1076929775045
2016-10-19,1069.5419108017336
2016-10-20,1066.5555342770767
2016-10-21,1069.7762788030348
2016-10-24,1071.7044573571307
2016-10-25,1070.9287934959173
2016-10-26,1062.6416327017039
2016-10-27,1061.3878846636424
2016-10-28,1034.382721080587
2016-10-31,1024.6726929525066
2016-11-01,1024.6726929525066
2016-11-02,1023.2345889854495
2016-11-03,1028.8996244459154
2016-11-04,1020.4594628764878
2016-11-07,1030.9603256746277
2016-11-08,1033.8668241794674
2016-11-09,1026.818928199758
2016-11-10,1034.581747491451
2016-11-11,1020.8970574565535
2016-11-14,1012.4275770974525
2016-11-15,1018.7564065241213
2016-11-16,1026.1260728740765
2016-11-17,1032.0144610600055
2016-11-18,1032.2052990348882
2016-11-21,1028.0516534727924
2016-11-22,1035.30103064114
2016-11-23,1025.312963421372
2016-11-24,1022.874990260056
2016-11-25,1022.695873410174
2016-11-28,1020.9649340178597
2016-11-29,1015.2271529331192
2016-11-30,1011.8160181870959
2016-12-01,1011.8160181870959
2016-12-02,1011.900297370167
2016-12-04,1012.5697047797719
2016-12-05,1013.2792774831368
2016-12-06,1006.6126774368247
2016-12-07,1008.2317725352315
2016-12-08,1013.4088757860185
2016-12-09,1014.400750479191
2016-12-12,1012.4243759350697
2016-12-13,1019.814053422426
2016-12-14,1024.0899452199606
2016-12-15,1018.8755340429371
2016-12-16,1015.6954251858278
2016-12-18,1016.0592086590103
2016-12-19,1016.9178619081647
2016-12-20,1020.5171443668468
2016-12-21,1025.3528022210173
2016-12-22,1021.6983553636983
2016-12-23,1015.4758272321998
2016-12-25,1013.2553902309543
2016-12-26,1012.6794006122459
2016-12-27,1013.8736333094934
2016-12-28,1025.514425599407
2016-12-29,1031.5455980637537
2016-12-30,1036.769617197631
2017-01-03,1036.769617197631
2017-01-04,1036.3527396603592
2017-01-05,1039.29347901949
2017-01-06,1044.213871877177
2017-01-08,1044.841154102197
2017-01-09,1043.1729730408997
2017-01-10,1042.3575853538762
2017-01-11,1047.0251506204158
2017-01-12,1047.1248500254687
2017-01-13,1050.0419338861007
2017-01-15,1050.7532447040787
2017-01-16,1052.8704712433512
2017-01-17,1050.046842092895
2017-01-18,1049.6986728230975
2017-01-19,1042.7209120498042
2017-01-20,1041.9762743013407
2017-01-22,1040.2067460180822
2017-01-23,1046.944818314605
2017-01-24,1050.3466961865274
2017-01-25,1051.3088772483663
2017-01-26,1056.6890673095127
2017-01-27,1052.9941108576434
2017-01-29,1054.0333947231495
2017-01-30,1047.3797271840403
2017-01-31,1043.7438115536363
2017-02-01,1043.7438115536363
2017-02-02,1047.5365928450526
2017-02-03,1043.6659354269177
2017-02-05,1042.8515648774355
2017-02-06,1037.8698339570428
2017-02-07,1041.049652858021
2017-02-08,1041.8473820708775
2017-02-09,1041.2535520589092
2017-02-10,1046.8282797320496
2017-02-12,1045.4344517659974
2017-02-13,1045.255796301626
2017-02-14,1033.267551897504
2017-02-15,1034.9417181334761
2017-02-16,1035.266127271114
2017-02-17,1033.4243798268722
2017-02-19,1032.8525195468653
2017-02-20,1037.211587367938
2017-02-21,1039.0829223834587
2017-02-22,1034.3116217419354
2017-02-23,1036.8693102029738
2017-02-24,1030.6506480136534
2017-02-26,1031.0225694838205
2017-02-27,1033.358997435782
2017-02-28,1027.4471303598775
2017-03-01,1027.4471303598775
2017-03-02,1037.1215072966722
2017-03-03,1038.1531075908474
2017-03-05,1039.5661437520207
2017-03-06,1041.1843922928872
2017-03-07,1044.6046857928925
2017-03-08,1041.2795659031622
2017-03-09,1034.6859052142356
2017-03-10,1039.5335540975143
2017-03-12,1039.8385018867325
2017-03-13,1049.5771156744158
2017-03-14,1056.664925778556
2017-03-15,1055.3144399496352
2017-03-16,1071.6408167086447
2017-03-17,1070.1944588552929
2017-03-19,1071.8341844060346
2017-03-20,1075.422327930461
2017-03-21,1072.012977823501
2017-03-22,1071.9035908406506
2017-03-23,1066.1306959811188
2017-03-24,1063.2362795520623
2017-03-26,1063.9661511780967
2017-03-27,1062.5446358139689
2017-03-28,1070.5046975811235
2017-03-29,1071.852578886603
2017-03-30,1074.8431520373979
2017-03-31,1067.9499639167852
2017-04-03,1067.9499639167852
2017-04-04,1070.9610915606133
2017-04-05,1074.101413109754
2017-04-06,1072.3205222927934
2017-04-07,1073.679613467918
2017-04-09,1072.4282739397577
2017-04-10,1069.6075556366438
2017-04-11,1068.4342262363766
2017-04-12,1070.7801650727797
2017-04-13,1074.9167673704674
2017-04-14,1075.8020963810188
2017-04-17,1075.8624545527287
2017-04-18,1067.9594857495686
2017-04-19,1066.9354848101768
2017-04-20,1065.097928448881
2017-04-21,1062.1330669572578
2017-04-23,1060.2493709492637
2017-04-24,1069.8320773801925
2017-04-25,1072.8964696944204
2017-04-26,1073.8625028981994
2017-04-27,1077.2043836576427
2017-04-28,1077.565230484966
2017-04-30,1076.8795011851598
2017-05-02,1076.8795011851598
2017-05-03,1075.5482607430592
2017-05-04,1075.094276541103
2017-05-05,1074.7582369210904
2017-05-07,1075.2679090705833
2017-05-08,1081.2573244450282
2017-05-09,1089.2066152592085
2017-05-10,1102.556351462402
2017-05-11,1112.1150797586354
2017-05-12,1123.031733675615
2017-05-14,1122.9541640686953
2017-05-15,1106.5678420962572
2017-05-16,1113.4984470121963
2017-05-17,1119.969708304861
2017-05-18,1120.7761839502737
2017-05-19,1124.6620313524086
2017-05-21,1125.2014935752254
2017-05-22,1125.643682931067
2017-05-23,1130.1393201182987
2017-05-24,1144.8551676548268
2017-05-25,1150.8952490171953
2017-05-26,1155.0695399721178
2017-05-28,1155.7403886480527
2017-05-29,1154.2002680824053
2017-05-30,1156.6701656176765
2017-05-31,1156.859806493449
2017-06-01,1156.859806493449
2017-06-02,1167.0476935325587
2017-06-04,1167.063764399531
2017-06-05,1176.675181555673
2017-06-06,1173.2862051944642
2017-06-07,1174.5634262696628
2017-06-08,1178.245984188637
2017-06-09,1191.3866067132533
2017-06-11,1190.9747238460543
2017-06-12,1184.7467606508078
2017-06-13,1186.0259334022405
2017-06-14,1199.004633394071
2017-06-15,1196.0168224597637
2017-06-16,1195.0138036435658
2017-06-18,1194.900752843656
2017-06-19,1195.0058834403908
2017-06-20,1190.9206303841295
2017-06-21,1184.7300392833542
2017-06-22,1174.1667184446212
2017-06-23,1166.6012573079136
2017-06-26,1167.5334043719101
2017-06-27,1167.4500366089883
2017-06-28,1178.1630939363208
2017-06-29,1180.9076943823206
2017-06-30,1183.6529194919333
2017-07-03,1183.6529194919333
2017-07-04,1175.0604166997025
2017-07-05,1178.2274539290925
2017-07-06,1178.6084100151713
2017-07-07,1177.111875309062
2017-07-10,1182.6717746751713
2017-07-11,1189.837829892257
2017-07-12,1198.6801868928649
2017-07-13,1204.7595079734224
2017-07-14,1208.014357995858
2017-07-17,1210.9805463949194
2017-07-18,1207.2097977313972
2017-07-19,1221.0341123658652
2017-07-20,1227.696154484151
2017-07-21,1232.7715035819715
2017-07-24,1236.9089971591873
2017-07-25,1249.8828132507344
2017-07-26,1271.7072727908185
2017-07-27,1282.5311412892827
2017-07-28,1280.2341284476968
2017-07-30,1279.6243824692647
2017-07-31,1266.1710249939226
2017-08-01,1266.1710249939226
2017-08-02,1269.2385907398377
2017-08-03,1277.3493680799422
2017-08-04,1275.8794128584598
2017-08-06,1276.3983261214355
2017-08-07,1279.5068643296513
2017-08-08,1280.2284330278305
2017-08-09,1283.990559969656
2017-08-10,1275.8891264567303
2017-08-11,1272.3886938496707
2017-08-13,1271.5978185258389
2017-08-14,1273.1539009168237
2017-08-15,1260.0506658343722
2017-08-16,1250.1384099547313
2017-08-17,1254.138033782041
2017-08-18,1271.3296030908032
2017-08-20,1271.0078459159072
2017-08-21,1276.8172062277033
2017-08-22,1283.815655871799
2017-08-23,1292.1986103722265
2017-08-24,1299.5785966857013
2017-08-25,1301.7702382366017
2017-08-27,1301.816072646352
2017-08-28,1300.2446236951707
2017-08-29,1300.348230292827
2017-08-30,1296.6202802524383
2017-08-31,1298.1708166397755
2017-09-01,1298.1708166397755
2017-09-04,1302.0161835606407
2017-09-05,1301.7562437338831
2017-09-06,1300.0040845183694
2017-09-07,1307.9118260212272
2017-09-08,1305.1714531180082
2017-09-10,1305.2905867098732
2017-09-11,1307.0850362555134
2017-09-12,1298.5833942946015
2017-09-13,1298.3287579636185
2017-09-14,1298.908792611089
2017-09-15,1291.7189781133984
2017-09-17,1291.4944709413257
2017-09-18,1290.2319687706695
2017-09-19,1290.60718754014
2017-09-20,1291.1049118333544
2017-09-21,1295.5800841912976
2017-09-22,1300.69429183384
2017-09-24,1300.5210859804877
2017-09-25,1297.7928738348203
2017-09-26,1288.805697242776
2017-09-27,1289.0167378373944
2017-09-28,1295.195943420293
2017-09-29,1303.274549716649
2017-10-02,1303.274549716649
2017-10-03,1311.4766043276486
2017-10-04,1314.8654128217702
2017-10-05,1319.9191786252168
2017-10-06,1329.2144342766455
2017-10-08,1330.0036668194432
2017-10-09,1338.6350834920156
2017-10-10,1342.5341769782203
2017-10-11,1345.596335887836
2017-10-12,1345.1520191213328
2017-10-13,1350.1971433573424
2017-10-15,1350.514033948606
2017-10-16,1352.730494544047
2017-10-17,1345.0631605361161
2017-10-18,1344.6359897644531
2017-10-19,1342.5763261128197
2017-10-20,1342.9891170631543
2017-10-22,1342.9645233838705
2017-10-23,1342.3900431559216
2017-10-24,1345.3335516351751
2017-10-25,1345.5027838087701
2017-10-26,1343.0795895068675
2017-10-27,1350.040850504668
2017-10-29,1350.4180528787901
2017-10-30,1355.9242656654471
2017-10-31,1362.2119099877316
2017-11-01,1362.2119099877316
2017-11-02,1362.5926412012789
2017-11-03,1362.6454187119216
2017-11-05,1361.7298703824704
2017-11-06,1357.4219559338187
2017-11-07,1360.8072474044864
2017-11-08,1361.2488175868068
2017-11-09,1354.7365290510459
2017-11-10,1358.3241932314445
2017-11-12,1357.7161853637315
2017-11-13,1345.791363208152
2017-11-14,1337.6894703308901
2017-11-15,1336.6209729322445
2017-11-16,1339.2701141472971
2017-11-17,1348.6167750121233
2017-11-19,1347.5846113098953
2017-11-20,1349.544834361826
2017-11-21,1348.911846556796
2017-11-22,1354.6839832241626
2017-11-23,1356.1340508718654
2017-11-24,1358.9573153154602
2017-11-26,1359.665057921278
2017-11-27,1358.5785431524325
2017-11-28,1366.9032516781187
2017-11-29,1375.5172095173414
2017-11-30,1374.348870223003
2017-12-01,1374.348870223003
2017-12-04,1369.7799541801646
2017-12-05,1373.3958183733675
2017-12-06,1380.8321407236544
2017-12-07,1390.1196449242707
2017-12-08,1384.5018534976182
2017-12-10,1385.3110661562898
2017-12-11,1377.3098960763405
2017-12-12,1369.3165318955955
2017-12-13,1354.8628099733257
2017-12-14,1342.746078803229
2017-12-15,1349.5879426568486
2017-12-18,1364.49338118104
2017-12-19,1368.0914555661564
2017-12-20,1370.1284676559192
2017-12-21,1381.3055818812666
2017-12-22,1384.526370996275
2017-12-24,1385.2614384232006
2017-12-25,1385.803259760873
2017-12-26,1385.0005224783608
2017-12-27,1381.9556728771367
2017-12-28,1391.9671688453213
2017-12-29,1399.926853695207
2017-12-31,1399.7582652837118
2018-01-02,1399.7582652837118
2018-01-03,1397.0053582595226
2018-01-04,1407.6271611946654
2018-01-05,1418.8411831930437
2018-01-08,1434.580968631698
2018-01-09,1451.1163505165798
2018-01-10,1472.3845869134304
2018-01-11,1487.7433542662181
2018-01-12,1485.9484508967587
2018-01-14,1485.8478650909901
2018-01-15,1490.1430773305458
2018-01-16,1509.0715465671067
2018-01-17,1519.8727253402806
2018-01-18,1526.2266380579965
2018-01-19,1532.8472423639357
2018-01-21,1532.0901534707098
2018-01-22,1532.7333949111378
2018-01-23,1527.9437562442974
2018-01-24,1525.1474232643775
2018-01-25,1528.747933885726
2018-01-26,1534.9236949777887
2018-01-28,1535.6465659629416
2018-01-29,1527.5205635925472
2018-01-30,1517.9175250670846
2018-01-31,1512.6392277424723
2018-02-01,1512.6392277424723
2018-02-02,1503.6856697059452
2018-02-05,1484.7827319361602
2018-02-06,1467.1569605330471
2018-02-07,1472.065270049337
2018-02-08,1469.2625853107922
2018-02-09,1448.5313259156717
2018-02-11,1448.133867707801
2018-02-12,1437.9254392844425
2018-02-13,1439.6585522572707
2018-02-14,1455.2917004864623
2018-02-15,1488.759956587237
2018-02-16,1489.3858874245589
2018-02-18,1489.5569450767719
2018-02-19,1479.5153276443002
2018-02-20,1469.0490197260642
2018-02-21,1474.2881970815026
2018-02-22,1483.621708022413
2018-02-23,1495.802562063599
2018-02-25,1496.3960369192946
2018-02-26,1501.816636672119
2018-02-27,1496.4127340352993
2018-02-28,1501.6137039379726
2018-03-01,1501.6137039379726
2018-03-02,1500.0612237662544
2018-03-04,1500.7619000511233
2018-03-05,1504.0795863933836
2018-03-06,1516.8946776756452
2018-03-07,1511.4811131437557
2018-03-08,1518.2578682901178
2018-03-09,1518.5094163621152
2018-03-11,1518.5842369544598
2018-03-12,1518.9423909189861
2018-03-13,1511.0009432968984
2018-03-14,1499.0950688321
2018-03-15,1483.6840775623548
2018-03-16,1475.5682660703253
2018-03-18,1477.194427900765
2018-03-19,1477.4798316947415
2018-03-20,1480.2663002076613
2018-03-21,1484.7375547843785
2018-03-22,1482.4776005717008
2018-03-23,1489.007724409052
2018-03-25,1487.9728082712547
2018-03-26,1494.2376739912615
2018-03-27,1493.8107844798385
2018-03-28,1477.9965571745563
2018-03-29,1496.6436064924567
2018-03-30,1496.829946392481
2018-04-02,1496.829946392481
2018-04-03,1496.1038455678295
2018-04-04,1493.1490874082406
2018-04-05,1507.6214356252324
2018-04-06,1508.4344969875037
2018-04-09,1501.3779420038873
2018-04-10,1508.3336900646177
2018-04-11,1508.5052802851403
2018-04-12,1504.8341063194714
2018-04-13,1504.8671130890245
2018-04-15,1504.9626752417284
2018-04-16,1509.1726899139642
2018-04-17,1513.8280195775105
2018-04-18,1520.542212404052
2018-04-19,1514.0043056795312
2018-04-20,1518.7199736522973
2018-04-22,1519.8970401856247
2018-04-23,1522.6602958572669
2018-04-24,1522.0133095490496
2018-04-25,1512.0991802039982
2018-04-26,1519.1546946147791
2018-04-27,1528.8691165358575
2018-04-29,1529.11886954524
2018-04-30,1539.5083069312846
2018-05-02,1539.5083069312846
2018-05-03,1521.5172391716228
2018-05-04,1527.5064065347958
2018-05-06,1526.2799236362175
2018-05-07,1525.2891057731445
2018-05-08,1520.6588842118058
2018-05-09,1519.1778992981504
2018-05-10,1515.2125911873532
2018-05-11,1526.3341498514237
2018-05-13,1526.063421214759
2018-05-14,1518.728333051574
2018-05-15,1497.8032290551316
2018-05-16,1506.8521655512402
2018-05-17,1495.124364434866
2018-05-18,1494.1429781014137
2018-05-20,1493.9762811409216
2018-05-21,1482.4141900465966
2018-05-22,1485.9274026674314
2018-05-23,1471.9479080144097
2018-05-24,1453.1829429387005
2018-05-25,1445.8311420655482
2018-05-27,1446.758715086678
2018-05-28,1435.161391261816
2018-05-29,1430.7208282380727
2018-05-30,1419.0844569823346
2018-05-31,1422.398945393552
2018-06-01,1422.398945393552
2018-06-03,1423.7217982722455
2018-06-04,1439.5735945599572
2018-06-05,1454.6563884234306
2018-06-06,1468.172215678895
2018-06-07,1470.4144735997445
2018-06-08,1457.3785261979847
2018-06-10,1459.0821004013112
2018-06-11,1460.5196354078353
2018-06-12,1463.983015950787
2018-06-13,1458.965567568527
2018-06-14,1459.4119152883864
2018-06-15,1449.3470890592828
2018-06-18,1438.9054307550177
2018-06-19,1416.8751013744268
2018-06-20,1421.9634528223237
2018-06-21,1415.2339334724782
2018-06-22,1425.293476400279
2018-06-24,1425.308885387301
2018-06-25,1416.9891376485168
2018-06-26,1406.9561954634435
2018-06-27,1398.780006557285
2018-06-28,1402.8230958291012
2018-06-29,1426.3655015368522
2018-07-03,1426.3655015368522
2018-07-04,1430.2981058065104
2018-07-05,1430.2765386174763
2018-07-06,1430.279888246445
2018-07-08,1429.369366783334
2018-07-09,1434.977950678389
2018-07-10,1423.0671468845737
2018-07-11,1411.2196331058751
2018-07-12,1401.7110904410852
2018-07-13,1400.1196357485617
2018-07-15,1399.9693392097797
2018-07-16,1386.833026057389
2018-07-17,1388.7277935803013
2018-07-18,1377.7647829919486
2018-07-19,1371.3277659855169
2018-07-20,1384.3768652577949
2018-07-22,1384.1080966978043
2018-07-23,1377.3498083748746
2018-07-24,1380.839953656013
2018-07-25,1376.7876730919024
2018-07-26,1387.483657134515
2018-07-27,1396.0591436285288
2018-07-29,1396.7972838309975
2018-07-30,1406.979906483125
2018-07-31,1405.401997901802
2018-08-01,1405.401997901802
2018-08-02,1401.9349758746923
2018-08-03,1405.9036967096472
2018-08-05,1405.280838338463
2018-08-06,1403.9195146686366
2018-08-07,1408.6342527142042
2018-08-08,1409.2454094808838
2018-08-09,1407.8654727415264
2018-08-10,1397.8022246626595
2018-08-12,1396.721026950563
2018-08-13,1391.62894990889
2018-08-14,1390.1119642978886
2018-08-15,1365.74450464159
2018-08-16,1366.9702423897168
2018-08-17,1364.9063422006707
2018-08-19,1364.7312110092012
2018-08-20,1357.8332086363541
2018-08-21,1354.159115865636
2018-08-22,1352.2056992130165
2018-08-23,1362.6922012055932
2018-08-24,1367.2010302271515
2018-08-26,1367.2523965222836
2018-08-27,1374.6367729411716
2018-08-28,1391.1727396223034
2018-08-29,1381.4753226075584
2018-08-30,1359.7921603636696
2018-08-31,1343.1345385356656
2018-09-03,1343.1345385356656
2018-09-04,1329.8077450491965
2018-09-05,1317.5119579587079
2018-09-06,1307.8833628202626
2018-09-07,1303.5959345048543
2018-09-09,1303.421638206554
2018-09-10,1286.8751172959082
2018-09-11,1271.7488263416933
2018-09-12,1253.6535169445046
2018-09-13,1251.203986536134
2018-09-14,1270.2934517388644
2018-09-16,1268.3689483623261
2018-09-17,1259.8961507777665
2018-09-18,1269.2669102728403
2018-09-19,1263.3973157441742
2018-09-20,1260.7586459586953
2018-09-21,1274.3478885269008
2018-09-23,1275.4865280519757
2018-09-24,1280.3938621339262
2018-09-25,1287.694997075201
2018-09-26,1293.606691542938
2018-09-27,1286.219258075951
2018-09-28,1281.3114845001642
2018-09-30,1281.1879332503415
2018-10-01,1281.1879332503415
2018-10-02,1273.4876905939352
2018-10-03,1264.6093860052688
2018-10-04,1260.8826784958026
2018-10-05,1255.4921225667206
2018-10-08,1260.1453207279217
2018-10-09,1259.9568766719296
2018-10-10,1250.2973949992206
2018-10-11,1240.186882875687
2018-10-12,1255.2113296536709
2018-10-14,1256.1458835636174
2018-10-15,1243.4600847936972
2018-10-16,1255.8340427462242
2018-10-17,1244.582009910922
2018-10-18,1242.7366444570655
2018-10-19,1246.8444349893493
2018-10-21,1246.368641725857
2018-10-22,1254.0765603301425
2018-10-23,1244.740164345826
2018-10-24,1238.530071039832
2018-10-25,1245.8348942152527
2018-10-26,1240.1472674172935
2018-10-28,1240.1592372649252
2018-10-29,1258.2052489757396
2018-10-30,1251.8651327629152
2018-10-31,1252.1304426876802
2018-11-01,1252.1304426876802
2018-11-02,1264.6188982488295
2018-11-04,1264.633549359298
2018-11-05,1275.545259052777
2018-11-06,1268.844249695009
2018-11-07,1274.531200886221
2018-11-08,1270.957711034636
2018-11-09,1269.2888018360486
2018-11-11,1268.7208638929665
2018-11-12,1249.428553334233
2018-11-13,1249.7930678765047
2018-11-14,1252.260497112871
2018-11-15,1240.675532489778
2018-11-16,1255.7303872546372
2018-11-18,1256.924311757359
2018-11-19,1259.7631358425253
2018-11-20,1249.623394467719
2018-11-21,1245.3027404472962
2018-11-22,1248.4514551633301
2018-11-23,1243.3340064612787
2018-11-25,1241.3396884402375
2018-11-26,1248.5283907713776
2018-11-27,1236.2088748914214
2018-11-28,1240.0968095132932
2018-11-29,1228.7941194313169
2018-11-30,1223.35457071802
2018-12-03,1223.35457071802
2018-12-04,1231.578824210884
2018-12-05,1225.7833625699595
2018-12-06,1212.3335332809495
2018-12-07,1213.075103208836
2018-12-09,1212.0195780930956
2018-12-10,1200.1945276516888
2018-12-11,1203.8659166081693
2018-12-12,1206.4329064045864
2018-12-13,1209.6876860356942
2018-12-14,1209.4057049449477
2018-12-16,1209.5129177175213
2018-12-17,1205.9894272478966
2018-12-18,1201.0850305377398
2018-12-19,1201.044588116365
2018-12-20,1199.0686330098758
2018-12-21,1194.881600116643
2018-12-23,1194.1326502605395
2018-12-24,1213.6304982531117
2018-12-25,1213.216733101542
2018-12-26,1214.9737033597555
2018-12-27,1218.310890621725
2018-12-28,1220.167918596226
2018-12-30,1220.0641927639854
2018-12-31,1225.187609180553
2019-01-02,1225.187609180553
2019-01-03,1223.7241281852243
2019-01-04,1220.7697113270265
2019-01-06,1221.1721994515954
2019-01-07,1213.5948695436623
2019-01-08,1200.2904446588175
2019-01-09,1208.3338953588939
2019-01-10,1220.8545879831515
2019-01-11,1229.5456904358039
2019-01-13,1230.3492429182722
2019-01-14,1227.6230095130286
2019-01-15,1232.2721026433692
2019-01-16,1236.5663858959608
2019-01-17,1231.0431656422506
2019-01-18,1231.7587232837418
2019-01-20,1231.6724977925217
2019-01-21,1230.7909034181523
2019-01-22,1235.9189199664388
2019-01-23,1240.6034475039808
2019-01-24,1237.2468657163656
2019-01-25,1252.943251681163
2019-01-27,1254.3553744566507
2019-01-28,1249.7720980786667
2019-01-29,1251.3474260943651
2019-01-30,1245.671241861169
2019-01-31,1242.0174588305395
2019-02-01,1242.0174588305395
2019-02-03,1242.4924737215888
2019-02-04,1236.457387420472
2019-02-05,1247.032330839777
2019-02-06,1257.963416476642
2019-02-07,1276.5238619287964
2019-02-08,1272.8244860815937
2019-02-10,1272.7392458621607
2019-02-11,1282.112822095892
2019-02-12,1295.8770878741364
2019-02-13,1293.1552986156073
2019-02-14,1288.0683410610397
2019-02-15,1291.5317375882503
2019-02-17,1292.294604223486
2019-02-18,1281.866129868366
2019-02-19,1292.9663737714375
2019-02-20,1307.6548968744482
2019-02-21,1304.148439396524
2019-02-22,1313.4158252544419
2019-02-24,1312.9197809384916
2019-02-25,1318.4913114217652
2019-02-26,1321.7651800358583
2019-02-27,1318.3634731327966
2019-02-28,1291.4328801404638
2019-03-01,1291.4328801404638
2019-03-03,1291.3811113742402
2019-03-04,1300.385972752324
2019-03-05,1300.2018314186334
2019-03-06,1304.096700728734
2019-03-07,1308.1680937658832
2019-03-08,1301.8531519643816
2019-03-10,1302.300831575178
2019-03-11,1299.7044665112355
2019-03-12,1289.902513404191
2019-03-13,1290.6659361043578
2019-03-14,1286.6912713009613
2019-03-15,1289.0796464128052
2019-03-17,1288.9236507132086
2019-03-18,1295.039586433765
2019-03-19,1292.0896696563077
2019-03-20,1293.0364100446207
2019-03-21,1289.6635081690204
2019-03-22,1295.5709925437764
2019-03-24,1296.3169498771488
2019-03-25,1282.4723527667425
2019-03-26,1284.6213852467217
2019-03-27,1279.6981686892725
2019-03-28,1281.8119212424294
2019-03-29,1287.556507270558
2019-03-31,1287.7626293445524
2019-04-01,1287.7626293445524
2019-04-02,1278.9720445227947
2019-04-03,1274.2748831330732
2019-04-04,1272.3178619006276
2019-04-05,1271.9049810530732
2019-04-07,1270.9318585097092
2019-04-08,1262.036623247327
2019-04-09,1271.4475628923694
2019-04-10,1282.3692960974872
2019-04-11,1286.3738149982419
2019-04-12,1290.3326079543162
2019-04-14,1289.9681609814538
2019-04-15,1291.591165028111
2019-04-16,1305.1192674070155
2019-04-17,1309.071464414731
2019-04-18,1316.4245302542831
2019-04-19,1316.4514428467394
2019-04-21,1316.2504575677585
2019-04-22,1316.5222748088363
2019-04-23,1318.1636186969029
2019-04-24,1318.7430687477604
2019-04-25,1322.893716460537
2019-04-26,1321.1170815244802
2019-04-29,1310.871049242011
2019-04-30,1308.3760266598156
2019-05-02,1308.3760266598156
2019-05-03,1316.1331678760657
2019-05-05,1314.9326993638833
2019-05-06,1305.4334794008305
2019-05-07,1300.58387600761
2019-05-08,1294.1640282283267
2019-05-09,1275.6762094238802
2019-05-10,1276.0066763190061
2019-05-12,1276.2312727290062
2019-05-13,1258.9019029004503
2019-05-14,1256.5080503231095
2019-05-15,1253.38129385149
2019-05-16,1248.5016835324723
2019-05-17,1241.0114522011434
2019-05-19,1240.4915913142913
2019-05-20,1234.1641648544635
2019-05-21,1238.4847810059086
2019-05-22,1228.8764795724753
2019-05-23,1223.5286637748218
2019-05-24,1222.2550482378963
2019-05-26,1223.5035248376803
2019-05-27,1224.289012258775
2019-05-28,1249.760376901613
2019-05-29,1257.027772829875
2019-05-30,1254.8024427787689
2019-05-31,1248.583877234354
2019-06-03,1248.583877234354
2019-06-04,1248.4627421490793
2019-06-05,1254.8673248139628
2019-06-06,1255.113255738279
2019-06-07,1262.8211345435996
2019-06-09,1263.2227688748617
2019-06-10,1265.597675691237
2019-06-11,1268.6348995366955
2019-06-12,1267.4622354833314
2019-06-13,1265.337487561413
2019-06-14,1261.9624141237414
2019-06-16,1262.0360356528067
2019-06-17,1262.3905318017685
2019-06-18,1265.6136562604368
2019-06-19,1267.0082782883967
2019-06-20,1273.0017436435664
2019-06-21,1272.8481488284726
2019-06-23,1272.8511379530069
2019-06-24,1267.0632976446846
2019-06-25,1260.8671488957505
2019-06-26,1262.9955328609763
2019-06-27,1256.3492778865557
2019-06-28,1269.7656796457482
2019-07-02,1269.7656796457482
2019-07-03,1266.855621010194
2019-07-04,1267.3745921294133
2019-07-05,1261.709014204861
2019-07-07,1261.7143915180945
2019-07-08,1258.4200991487123
2019-07-09,1242.4386929171778
2019-07-10,1256.6909453590686
2019-07-11,1252.9614010902476
2019-07-12,1250.900830797739
2019-07-14,1250.3568703863943
2019-07-15,1245.5701069156373
2019-07-16,1252.3340674941878
2019-07-17,1242.3771688569134
2019-07-18,1244.515280074888
2019-07-19,1247.822016875779
2019-07-21,1247.5839844451305
2019-07-22,1243.0964215581475
2019-07-23,1246.4522608080365
2019-07-24,1243.2567938961195
2019-07-25,1237.2226408670124
2019-07-26,1231.5394926813933
2019-07-28,1231.3392237790433
2019-07-29,1240.8603942156533
2019-07-30,1231.0419625921068
2019-07-31,1223.2559760614981
2019-08-01,1223.2559760614981
2019-08-02,1224.3780155382015
2019-08-04,1225.0181465797812
2019-08-05,1214.888100028511
2019-08-06,1211.2943350546454
2019-08-07,1212.9797480682573
2019-08-08,1200.1760368557243
2019-08-09,1195.5682403600972
2019-08-12,1188.352535519694
2019-08-13,1183.3485088809798
2019-08-14,1170.2546517397961
2019-08-15,1165.5130229094182
2019-08-16,1161.5935369678712
2019-08-18,1162.0213631789143
2019-08-19,1167.2345735038916
2019-08-20,1169.6854672471788
2019-08-21,1175.8412665855499
2019-08-22,1175.4460317128603
2019-08-23,1185.7085794886116
2019-08-25,1185.6384684593318
2019-08-26,1182.532772090525
2019-08-27,1178.540871409638
2019-08-28,1180.7566140454328
2019-08-29,1179.0216672105948
2019-08-30,1183.2409997586017
2019-09-02,1183.2409997586017
2019-09-03,1180.8352503446195
2019-09-04,1174.6134868749104
2019-09-05,1178.0181861697
2019-09-06,1177.433229725086
2019-09-08,1177.5314199102456
2019-09-09,1177.174281473893
2019-09-10,1178.5196776178543
2019-09-11,1186.834688865448
2019-09-12,1205.4952731779576
2019-09-13,1208.198157330483
2019-09-15,1207.832302149101
2019-09-16,1221.5876789806325
2019-09-17,1212.8116419953817
2019-09-18,1220.6665253162755
2019-09-19,1213.3848677799137
2019-09-20,1216.364283534366
2019-09-22,1213.1352017908393
2019-09-23,1213.0354590185582
2019-09-24,1201.8839752349322
2019-09-25,1198.906717903286
2019-09-26,1202.5113355621465
2019-09-27,1200.6396960202637
2019-09-29,1202.9435641749792
2019-09-30,1211.3676392909947
2019-10-01,1211.3676392909947
2019-10-02,1187.8389648111352
2019-10-03,1179.622797445502
2019-10-04,1177.9588777080614
2019-10-07,1180.047202725428
2019-10-08,1178.81483541377
2019-10-09,1173.1705471922096
2019-10-10,1180.1669911112338
2019-10-11,1180.3507820893078
2019-10-13,1179.7619521365677
2019-10-14,1178.55358350191
2019-10-15,1176.8601303519292
2019-10-16,1185.8871425433163
2019-10-17,1184.6077914123214
2019-10-18,1180.6206876892525
2019-10-20,1180.753420756336
2019-10-21,1181.7874151251158
2019-10-22,1184.089371339072
2019-10-23,1181.0709245873352
2019-10-24,1178.7227439756161
2019-10-25,1179.0581218512243
2019-10-27,1179.5924420637903
2019-10-28,1182.8200235900285
2019-10-29,1177.5671366855058
2019-10-30,1180.2355634989055
2019-10-31,1190.7275271319236
2019-11-01,1190.7275271319236
2019-11-04,1199.846168420136
2019-11-05,1199.3065943271788
2019-11-06,1205.3375351250215
2019-11-07,1199.420081596919
2019-11-08,1195.7109523773563
2019-11-11,1187.202328214524
2019-11-12,1195.0255870761273
2019-11-13,1193.6788240297988
2019-11-14,1211.5722781698557
2019-11-15,1205.2417164523147
2019-11-17,1204.9874380427
2019-11-18,1208.153269673031
2019-11-19,1215.3537451659518
2019-11-20,1223.779933614583
2019-11-21,1219.0884269041094
2019-11-22,1222.1310330743481
2019-11-24,1221.9844150958384
2019-11-25,1222.3693898516997
2019-11-26,1208.1187869455202
2019-11-27,1214.049043279529
2019-11-28,1212.8347067147083
2019-11-29,1218.2499812122883
2019-12-02,1218.2499812122883
2019-12-03,1220.2853571688488
2019-12-04,1222.3826604047129
2019-12-05,1216.8508087115545
2019-12-06,1220.1486676178204
2019-12-08,1219.70790967462
2019-12-09,1212.716172277329
2019-12-10,1206.8945578162725
2019-12-11,1209.5101367416028
2019-12-12,1215.2246038592443
2019-12-13,1225.184187597929
2019-12-15,1225.3980041296181
2019-12-16,1227.4638474179421
2019-12-17,1234.224096656302
2019-12-18,1237.6739398664186
2019-12-19,1238.9755887910965
2019-12-20,1239.5104323671167
2019-12-22,1239.6028679727294
2019-12-23,1235.6119963226888
2019-12-24,1236.3548113209301
2019-12-25,1236.2241463395628
2019-12-26,1236.2843220320922
2019-12-27,1248.2429653055005
2019-12-29,1248.029676576783
2019-12-30,1255.3548275747487
2019-12-31,1256.7667542013646
2020-01-02,1256.7667542013646
2020-01-03,1266.9933306379235
2020-01-05,1264.123794644546
2020-01-06,1269.1045930947669
2020-01-07,1275.9995446242867
2020-01-08,1298.464176450756
2020-01-09,1315.163620921916
2020-01-10,1313.3976808502155
2020-01-12,1313.834183289411
2020-01-13,1312.9140717098483
2020-01-14,1307.4649093728176
2020-01-15,1306.7966286012309
2020-01-16,1321.9958124491254
2020-01-17,1332.5613366843736
2020-01-19,1333.105321372727
2020-01-20,1336.2011029800983
2020-01-21,1320.1579364813276
2020-01-22,1321.1921833755305
2020-01-23,1314.713100670384
2020-01-24,1318.462620005616
2020-01-26,1318.477903720786
2020-01-27,1301.9501444955467
2020-01-28,1287.0686688021306
2020-01-29,1289.3188622253303
2020-01-30,1295.5400880559462
2020-01-31,1283.9585526791727
2020-02-03,1283.9585526791727
2020-02-04,1286.9221027919216
2020-02-05,1288.5326867953952
2020-02-06,1298.6425367567608
2020-02-07,1291.6022293793103
2020-02-09,1291.575715694354
2020-02-10,1279.8212396840042
2020-02-11,1284.2832994710727
2020-02-12,1286.069380344844
2020-02-13,1289.2671542514965
2020-02-14,1288.983992786906
2020-02-16,1288.657395041161
2020-02-17,1290.61227930082
2020-02-18,1283.168951762567
2020-02-19,1287.5904870899342
2020-02-20,1281.5852884288754
2020-02-21,1278.8450269166242
2020-02-23,1278.820525549663
2020-02-24,1241.4649807435053
2020-02-25,1236.0610397159005
2020-02-26,1237.471072253663
2020-02-27,1217.402969912202
2020-02-28,1170.1382764974699
2020-03-02,1170.1382764974699
2020-03-03,1207.4247780667997
2020-03-04,1218.3982388803793
2020-03-05,1223.6561067941202
2020-03-06,1209.6741456451418
2020-03-08,1207.715460490222
2020-03-09,1133.8352736586683
2020-03-10,1106.9132630207232
2020-03-11,1098.2562364577157
2020-03-12,1010.7423815191435
2020-03-13,1016.4609826293151
2020-03-15,1013.0417654820772
2020-03-16,975.0751857195643
2020-03-17,992.3190935256137
2020-03-18,968.401407932143
2020-03-19,938.4176370535623
2020-03-20,957.7064456672282
2020-03-22,960.1520508044117
2020-03-23,909.8984915091345
2020-03-24,940.7417188054472
2020-03-25,973.5680160421066
2020-03-26,999.1801691013663
2020-03-27,986.8505212861695
2020-03-29,986.4443807679584
2020-03-30,974.5425672288843
2020-03-31,984.3304687658755
2020-04-01,984.3304687658755
2020-04-02,991.7578279248451
2020-04-03,1000.1453279806467
2020-04-05,999.0265222307796
2020-04-06,1018.9192405482299
2020-04-07,1048.9455300612879
2020-04-08,1048.4864254652095
2020-04-09,1089.1288751455816
2020-04-10,1089.348729937137
2020-04-12,1088.7656994457088
2020-04-13,1089.3819734269775
2020-04-14,1133.6368595946785
2020-04-15,1142.1784736947882
2020-04-16,1117.0340094251594
2020-04-17,1137.747142149374
2020-04-20,1122.7092229393206
2020-04-21,1087.6818152246374
2020-04-22,1104.28873018044
2020-04-23,1124.3849822039128
2020-04-24,1129.0612195408357
2020-04-26,1130.42351482928
2020-04-27,1134.6279270480566
2020-04-28,1155.8559871613463
2020-04-29,1174.2682668702134
2020-04-30,1167.5143095023202
2020-05-03,1167.5143095023202
2020-05-04,1158.898269238545
2020-05-05,1180.2364224847984
2020-05-06,1208.5822386566806
2020-05-07,1199.2640333720174
2020-05-08,1203.1786845813924
2020-05-10,1203.4863780561625
2020-05-11,1186.3484009813592
2020-05-12,1187.7050667028075
2020-05-13,1184.9215598451447
2020-05-14,1177.8291820725196
2020-05-15,1189.1155139491157
2020-05-17,1189.5128650119148
2020-05-18,1207.6256245108123
2020-05-19,1227.5084147805512
2020-05-20,1235.1255971875387
2020-05-21,1231.6479417124353
2020-05-22,1226.3344656461782
2020-05-25,1222.8421983512794
2020-05-26,1230.4292576489247
2020-05-27,1251.30717515688
2020-05-28,1252.584423643146
2020-05-29,1235.8232077852028
2020-05-31,1236.3973819338148
2020-06-01,1236.3973819338148
2020-06-02,1258.6233726048404
2020-06-03,1268.1431311249842
2020-06-04,1262.132253017951
2020-06-05,1264.532568109792
2020-06-07,1267.4684009683572
2020-06-08,1274.4132306912295
2020-06-09,1273.9384450800417
2020-06-10,1264.356078810899
2020-06-11,1260.8987584787255
2020-06-12,1261.6799900196258
2020-06-14,1261.4217654607994
2020-06-15,1237.933590651625
2020-06-16,1239.3964029906103
2020-06-17,1257.8955524863393
2020-06-18,1257.7918137400372
2020-06-19,1264.8272069129434
2020-06-21,1264.6354718168136
2020-06-22,1265.5442028998225
2020-06-23,1272.285022165899
2020-06-24,1262.2469870207792
2020-06-25,1254.2977126395149
2020-06-26,1252.1749886027485
2020-06-28,1251.6884060734167
2020-06-29,1258.5750193615916
2020-06-30,1252.315735245319
2020-07-01,1252.315735245319
2020-07-02,1244.965491562047
2020-07-03,1244.7240840862548
2020-07-05,1246.893574680167
2020-07-06,1253.5274141039633
2020-07-07,1253.4924799810387
2020-07-08,1275.487643613619
2020-07-09,1271.6426398465437
2020-07-10,1265.4390361650746
2020-07-12,1266.848534984629
2020-07-13,1269.4067586452336
2020-07-14,1252.7423944302213
2020-07-15,1250.7056625218197
2020-07-16,1257.2084999582278
2020-07-17,1253.7088730926077
2020-07-19,1252.4571052706515
2020-07-20,1255.7068024928365
2020-07-21,1257.430318795019
2020-07-22,1253.263018968471
2020-07-23,1265.701748552709
2020-07-24,1265.9494732529452
2020-07-26,1266.6815309419658
2020-07-27,1295.431697229881
2020-07-28,1292.27546430256
2020-07-29,1293.8242780477533
2020-07-30,1280.2736708669606
2020-07-31,1277.1791971104901
2020-08-03,1277.1791971104901
2020-08-04,1285.5265143693744
2020-08-05,1300.5461298832622
2020-08-06,1307.474225937367
2020-08-07,1307.0249940677315
2020-08-09,1308.195851607463
2020-08-10,1307.1631890685128
2020-08-11,1309.949257797305
2020-08-12,1315.2587862644382
2020-08-13,1317.755439630689
2020-08-14,1316.5790540541261
2020-08-16,1318.083692885208
2020-08-17,1323.7728686832143
2020-08-18,1322.2630721194378
2020-08-19,1321.8633684483602
2020-08-20,1314.903704197082
2020-08-21,1321.390364950265
2020-08-23,1323.3421586926972
2020-08-24,1334.6533006114453
2020-08-25,1331.140239909414
2020-08-26,1337.6002447386427
2020-08-27,1346.3414303370241
2020-08-28,1343.3900226656647
2020-08-30,1343.525225118816
2020-08-31,1336.1585359438495
2020-09-01,1336.1585359438495
2020-09-02,1336.2555068623517
2020-09-03,1328.0145644418963
2020-09-04,1324.7211727021083
2020-09-06,1323.7260588320657
2020-09-07,1322.468754721268
2020-09-08,1315.884423226889
2020-09-09,1325.451394915126
2020-09-10,1341.5566711345687
2020-09-11,1345.909490113382
2020-09-13,1346.3356781570956
2020-09-14,1347.4317614455306
2020-09-15,1338.7525470263906
2020-09-16,1332.4924599228143
2020-09-17,1322.8374623684906
2020-09-18,1320.5636536093548
2020-09-20,1320.0775226572484
2020-09-21,1305.7342923155218
2020-09-22,1309.138307111246
2020-09-23,1319.5475529379412
2020-09-24,1326.730826136479
2020-09-25,1333.9586498983647
2020-09-27,1334.2719300135668
2020-09-28,1350.443337350725
2020-09-29,1350.842196863719
2020-09-30,1358.241816858965
2020-10-01,1358.241816858965
2020-10-02,1362.03507736128
2020-10-04,1362.0032937728165
2020-10-05,1381.1200746812374
2020-10-06,1417.2286123755218
2020-10-07,1412.3268719117782
2020-10-08,1416.13413933313
2020-10-09,1419.2510323993117
2020-10-11,1419.8854339290008
2020-10-12,1421.1302226587125
2020-10-13,1408.1220620757554
2020-10-14,1415.8331179858758
2020-10-15,1412.084662073501
2020-10-16,1432.023128397346
2020-10-18,1431.028657889563
2020-10-19,1428.9146976567636
2020-10-20,1426.2754532904971
2020-10-21,1424.7728853125243
2020-10-22,1422.7904842629675
2020-10-23,1433.3910138783556
2020-10-25,1431.297743196278
2020-10-26,1429.0161001836489
2020-10-27,1428.4311001984897
2020-10-28,1415.7510429337003
2020-10-29,1409.1730069716057
2020-10-30,1425.681106427574
2020-11-02,1425.681106427574
2020-11-03,1430.2966799902322
2020-11-04,1436.0368027281081
2020-11-05,1460.571694656193
2020-11-06,1484.3449578963882
2020-11-08,1484.411772995481
2020-11-09,1525.6648651445912
2020-11-10,1546.5362655626404
2020-11-11,1569.3708252371637
2020-11-12,1612.728562798157
2020-11-13,1596.0471170697797
2020-11-15,1595.8247192583308
2020-11-16,1574.168035284655
2020-11-17,1572.1943535406394
2020-11-18,1589.1159554943147
2020-11-19,1567.128630848939
2020-11-20,1558.7509368598232
2020-11-22,1558.529331217345
2020-11-23,1535.752686098063
2020-11-24,1542.4463385018387
2020-11-25,1559.0477075296676
2020-11-26,1564.8433864184258
2020-11-27,1561.432351924105
2020-11-29,1561.706972904751
2020-11-30,1540.919593291903
2020-12-01,1540.919593291903
2020-12-02,1549.8851186666593
2020-12-03,1545.63053607572
2020-12-04,1554.7999748102923
2020-12-06,1555.044132907076
2020-12-07,1558.0957970905984
2020-12-08,1559.3736711609547
2020-12-09,1559.9138114277173
2020-12-10,1532.0725010368221
2020-12-11,1544.6613392135596
2020-12-13,1544.7983376616203
2020-12-14,1550.0754612408048
2020-12-15,1568.2055800972387
2020-12-16,1579.5193039045885
2020-12-17,1596.74646014605
2020-12-18,1604.0523572521158
2020-12-20,1604.9836696504917
2020-12-21,1586.0435396143853
2020-12-22,1590.6944255127507
2020-12-23,1594.3281216870646
2020-12-24,1595.9566844531869
2020-12-25,1595.9255025513364
2020-12-27,1594.4142704833987
2020-12-28,1596.8807741630924
2020-12-29,1601.8744825790372
2020-12-30,1610.6834508279437
2020-12-31,1614.389768574616
2021-01-03,1614.389768574616
2021-01-04,1634.500660259064
2021-01-05,1616.8688382296527
2021-01-06,1617.2219583092897
2021-01-07,1631.4349367039954
2021-01-08,1639.7518670869224
2021-01-10,1641.9675690763565
2021-01-11,1642.9772131261313
2021-01-12,1645.809459350212
2021-01-13,1648.1931210513374
2021-01-14,1658.6015130695996
2021-01-15,1662.6715810635371
2021-01-17,1662.3337705330198
2021-01-18,1661.6816352960727
2021-01-19,1669.5356395330693
2021-01-20,1681.7049163526654
2021-01-21,1686.5701441106546
2021-01-22,1678.7045700192677
2021-01-24,1677.9760288248158
2021-01-25,1683.4770926084282
2021-01-26,1677.6270604829906
2021-01-27,1678.633237873305
2021-01-28,1688.0673635396718
2021-01-29,1683.5420563797416
2021-01-31,1683.3229892845904
2021-02-01,1683.3229892845904
2021-02-02,1671.7050411059583
2021-02-03,1681.6626896270616
2021-02-04,1685.3558224154913
2021-02-05,1699.046128329722
2021-02-07,1699.9263174310997
2021-02-08,1699.438190556278
2021-02-09,1704.2936457336666
2021-02-10,1695.7462745905339
2021-02-11,1696.639525704207
2021-02-12,1695.3652937134227
2021-02-14,1694.8979267818652
2021-02-15,1709.0039899773506
2021-02-16,1706.5382685374097
2021-02-17,1705.2369732251234
2021-02-18,1690.0400599761374
2021-02-19,1699.2940753898874
2021-02-21,1699.3210498092485
2021-02-22,1692.9517347019716
2021-02-23,1680.264370807597
2021-02-24,1690.8605158924593
2021-02-25,1694.2296248011337
2021-02-26,1682.8608409777753
2021-02-28,1682.6089288777016
2021-03-01,1682.6089288777016
2021-03-02,1689.0015921914116
2021-03-03,1686.5176363332657
2021-03-04,1679.6090940246154
2021-03-05,1683.8981026899103
2021-03-07,1685.859531198832
2021-03-08,1679.806629126399
2021-03-09,1680.3208130835185
2021-03-10,1683.068469717819
2021-03-11,1686.875350510327
2021-03-12,1671.992856411248
2021-03-14,1671.9782953005958
2021-03-15,1663.7641518582238
2021-03-16,1649.0344097889767
2021-03-17,1646.238098346891
2021-03-18,1670.110587626411
2021-03-19,1674.5062242860577
2021-03-21,1674.00130360818
2021-03-22,1673.1882785009968
2021-03-23,1659.4445506507645
2021-03-24,1662.3258573814605
2021-03-25,1663.5888583304095
2021-03-26,1686.693812339848
2021-03-28,1686.936588412127
2021-03-29,1701.9335675901702
2021-03-30,1713.711428960714
2021-03-31,1720.7721478863025
2021-04-01,1720.7721478863025
2021-04-02,1720.6999160672497
2021-04-04,1719.6873572573397
2021-04-05,1718.4188897177407
2021-04-06,1711.2151452451485
2021-04-07,1696.0403648260683
2021-04-08,1708.350289023463
2021-04-09,1711.3785166125285
2021-04-11,1712.567653489422
2021-04-12,1702.958679367572
2021-04-13,1706.9197824040627
2021-04-14,1717.4419785126354
2021-04-15,1724.544112918149
2021-04-16,1740.7665631528107
2021-04-18,1740.4134252570416
2021-04-19,1740.3147033924079
2021-04-20,1741.2022504606925
2021-04-21,1751.9365589236224
2021-04-22,1747.4321656909751
2021-04-23,1755.7492526628182
2021-04-25,1755.6505098389262
2021-04-26,1752.1272429980327
2021-04-27,1751.1641097437025
2021-04-28,1757.3824290678917
2021-04-29,1752.4701334417296
2021-04-30,1741.8505397618062
2021-05-03,1741.8505397618062
2021-05-04,1743.8092412878268
2021-05-05,1735.816697307774
2021-05-06,1742.9940384350632
2021-05-07,1760.806050032764
2021-05-09,1761.1267397423796
2021-05-10,1771.4249412373163
2021-05-11,1764.0440637336967
2021-05-12,1761.4838346215668
2021-05-13,1751.9313688599452
2021-05-14,1762.1350665443788
2021-05-17,1760.989487842157
2021-05-18,1753.8425605814577
2021-05-19,1734.9601662818634
2021-05-20,1744.4887799438934
2021-05-21,1742.1805049382576
2021-05-23,1742.6860025126193
2021-05-24,1745.8372761189273
2021-05-25,1745.8917904518432
2021-05-26,1742.7032418269362
2021-05-27,1745.4035988610608
2021-05-28,1757.4961833881225
2021-05-30,1757.9633105936057
2021-05-31,1759.769465380452
2021-06-01,1759.769465380452
2021-06-02,1765.368446829414
2021-06-03,1755.4937836789024
2021-06-04,1750.5677734734752
2021-06-06,1750.73032721235
2021-06-07,1748.0342708867133
2021-06-08,1750.5955283280007
2021-06-09,1753.8803226460939
2021-06-10,1751.0329478632852
2021-06-11,1744.9224967798598
2021-06-13,1744.3003117565347
2021-06-14,1754.1202734105018
2021-06-15,1743.0867511925935
2021-06-16,1746.4436199105544
2021-06-17,1739.257909968021
2021-06-18,1727.7961102222077
2021-06-20,1727.0809330370455
2021-06-21,1735.6847724969036
2021-06-22,1731.2005330739253
2021-06-23,1735.1784958104845
2021-06-24,1742.559800325534
2021-06-25,1753.9691697498022
2021-06-27,1753.9924337499924
2021-06-28,1747.6063176657742
2021-06-29,1755.7078092161587
2021-06-30,1759.7839275485035
2021-07-01,1759.7839275485035
2021-07-02,1761.0282830475924
2021-07-04,1761.8806512920055
2021-07-05,1758.9733362139903
2021-07-06,1765.601735617437
2021-07-07,1782.5137129297352
2021-07-08,1766.9505219338582
2021-07-09,1771.2532125348448
2021-07-11,1770.4416918435863
2021-07-12,1770.9468723726975
2021-07-13,1768.7729907602552
2021-07-14,1781.4547644230224
2021-07-15,1786.8830870549773
2021-07-16,1778.3323035909614
2021-07-18,1779.1403278820358
2021-07-19,1762.4201982872987
2021-07-20,1769.4199018087447
2021-07-21,1776.7119226315283
2021-07-22,1790.2112952881716
2021-07-23,1793.896181930018
2021-07-25,1795.2166314001827
2021-07-26,1790.5268435749613
2021-07-27,1781.704406813425
2021-07-28,1793.508061034671
2021-07-29,1805.7436470521411
2021-07-30,1799.5419759708977
2021-08-03,1799.5419759708977
2021-08-04,1804.8743082597894
2021-08-05,1799.6207680008017
2021-08-06,1801.715501861972
2021-08-08,1802.7172516995217
2021-08-09,1804.905165898163
2021-08-10,1817.4691874888572
2021-08-11,1825.1956043158752
2021-08-12,1820.4716304337628
2021-08-13,1821.2252430599572
2021-08-15,1822.0401223985145
2021-08-16,1818.3243749902324
2021-08-17,1821.4523229771073
2021-08-18,1825.8077474954814
2021-08-19,1799.9675981112623
2021-08-20,1797.441716717086
2021-08-22,1796.622203429597
2021-08-23,1805.8442684396455
2021-08-24,1816.7886893303958
2021-08-25,1811.5360749093322
2021-08-26,1806.5240498571943
2021-08-27,1813.5179330181115
2021-08-29,1813.211940485629
2021-08-30,1804.547984565382
2021-08-31,1807.89042975479
2021-09-01,1807.89042975479
2021-09-02,1799.2177470461934
2021-09-03,1799.810264327182
2021-09-05,1797.0463001153873
2021-09-06,1791.3011915191857
2021-09-07,1794.0677236442566
2021-09-08,1784.0338496319987
2021-09-09,1765.4342437585738
2021-09-10,1760.3765877323176
2021-09-12,1760.5148793530655
2021-09-13,1768.5290729742926
2021-09-14,1768.158056089062
2021-09-15,1769.3229398052463
2021-09-16,1756.6525814844742
2021-09-17,1772.240966287844
2021-09-19,1770.1212681088934
2021-09-20,1750.0696898357508
2021-09-21,1757.2004874602871
2021-09-22,1771.8214857966236
2021-09-23,1786.8235738024298
2021-09-24,1787.7121586233804
2021-09-26,1788.0436796915942
2021-09-27,1782.629838162952
2021-09-28,1779.9682158053213
2021-09-29,1800.5111813385613
2021-09-30,1809.4047130275837
2021-10-01,1809.4047130275837
2021-10-03,1807.8129287333625
2021-10-04,1808.5133781667098
2021-10-05,1833.834961007451
2021-10-06,1840.1585206288169
2021-10-07,1863.8050701001566
2021-10-08,1868.4637853926572
2021-10-10,1869.2051495312567
2021-10-11,1880.8676496642038
2021-10-12,1901.0599905391095
2021-10-13,1910.2157295114241
2021-10-14,1932.0420940272859
2021-10-15,1949.112846334184
2021-10-17,1950.343995557537
2021-10-18,1935.8359240496638
2021-10-19,1933.7705421660507
2021-10-20,1941.758617163387
2021-10-21,1935.314229841585
2021-10-22,1948.3678266359454
2021-10-24,1948.1466183864734
2021-10-25,1941.6699109686604
2021-10-26,1945.2709657640955
2021-10-27,1934.710340046049
2021-10-28,1941.1753883928918
2021-10-29,1935.842168581205
2021-10-31,1934.502055748734
2021-11-01,1934.502055748734
2021-11-02,1922.8444155536415
2021-11-03,1932.8339971529688
2021-11-04,1934.2404283477804
2021-11-05,1931.1825701968246
2021-11-07,1930.2206191721102
2021-11-08,1935.2311246136003
2021-11-09,1938.8983292330317
2021-11-10,1939.114658645097
2021-11-11,1942.2637055255389
2021-11-12,1944.5340021665786
2021-11-14,1945.1670130479513
2021-11-15,1949.1471306615472
2021-11-16,1962.5999778709127
2021-11-17,1951.7056204105932
2021-11-18,1933.8361656469845
2021-11-19,1923.9183907897916
2021-11-21,1922.8587294665103
2021-11-22,1932.11471070659
2021-11-23,1924.4599869242716
2021-11-24,1906.878231500837
2021-11-25,1904.9381957750497
2021-11-26,1878.5549013955542
2021-11-28,1876.8883610077758
2021-11-29,1889.1058832990375
2021-11-30,1897.6278368363182
2021-12-01,1897.6278368363182
2021-12-02,1888.8950737484945
2021-12-03,1880.1719868469281
2021-12-05,1880.6158159390511
2021-12-06,1869.6515258648876
2021-12-07,1882.851517165045
2021-12-08,1882.779492104426
2021-12-09,1889.8164793140938
2021-12-10,1895.9382902201078
2021-12-12,1897.6985801734925
2021-12-13,1896.0211907048063
2021-12-14,1895.8615825397194
2021-12-15,1901.1447714417307
2021-12-16,1901.9549227402215
2021-12-17,1909.3560942029087
2021-12-19,1908.7307197363214
2021-12-20,1899.2287346705596
2021-12-21,1910.7484939632438
2021-12-22,1916.1135232232502
2021-12-23,1919.882630811026
2021-12-24,1918.1089261854906
2021-12-26,1919.152768633412
2021-12-27,1919.1062477298863
2021-12-28,1922.1202088347889
2021-12-29,1925.244006294041
2021-12-30,1928.610959407721
2021-12-31,1954.0099021056624
2022-01-03,1954.0099021056624
2022-01-04,1965.743063479169
2022-01-05,1968.1112070164163
2022-01-06,1965.416712756142
2022-01-07,1976.6318038621293
2022-01-09,1976.0083720072946
2022-01-10,1976.4338868295945
2022-01-11,1972.9563737590706
2022-01-12,1993.3597045186762
2022-01-13,1991.414134984383
2022-01-14,1984.120500772233
2022-01-16,1982.0856469529997
2022-01-17,1979.3493863110823
2022-01-18,1976.0844015206278
2022-01-19,1985.5427429604222
2022-01-20,1996.969143632466
2022-01-21,1987.8008853803444
2022-01-23,1987.0212697040292
2022-01-24,1950.6692428656393
2022-01-25,1938.795360946085
2022-01-26,1952.211179690398
2022-01-27,1940.7506930433094
2022-01-28,1952.9560120648603
2022-01-30,1952.2110751424775
2022-01-31,1977.177936313951
2022-02-01,1977.177936313951
2022-02-02,1973.7988613212976
2022-02-03,1979.4363235050564
2022-02-04,1984.1221824761499
2022-02-06,1984.478804219676
2022-02-07,1983.8942780343568
2022-02-08,1988.8074968200012
2022-02-09,1993.1891967060608
2022-02-10,2000.9030967951053
2022-02-11,1990.980652411502
2022-02-13,1989.8663948802455
2022-02-14,1982.9785692044368
2022-02-15,1981.1899251449904
2022-02-16,1992.4473599111116
2022-02-17,1989.9801162349231
2022-02-18,1988.3324930410497
2022-02-20,1986.8594139859233
2022-02-21,1976.0170724808618
2022-02-22,1978.470063390563
2022-02-23,1969.3822065280988
2022-02-24,1950.3432357238194
2022-02-25,1961.8637662814976
2022-02-27,1964.1737837343999
2022-02-28,1978.2380168165448
2022-03-01,1978.2380168165448
2022-03-02,1972.8763655782454
2022-03-03,1972.8378141786536
2022-03-04,1938.4366171227798
2022-03-06,1936.4353241724566
2022-03-07,1916.098948915854
2022-03-08,1906.158331922738
2022-03-09,1921.4971059808277
2022-03-10,1945.123813904692
2022-03-11,1951.6493908180407
2022-03-13,1951.613010421801
2022-03-14,1924.2684717755471
2022-03-15,1907.6115157866643
2022-03-16,1948.5534122997506
2022-03-17,1956.4761887347472
2022-03-18,1963.8940113915385
2022-03-20,1966.2887043070139
2022-03-21,1975.5365736263348
2022-03-22,1987.0461408644776
2022-03-23,1968.975742764725
2022-03-24,1959.1216911640297
2022-03-25,1956.891809665142
2022-03-27,1955.2538140256027
2022-03-28,1945.855390532291
2022-03-29,1954.4118315293356
2022-03-30,1962.0257343034698
2022-03-31,1959.7563467827235
2022-04-01,1959.7563467827235
2022-04-03,1964.0130882584094
2022-04-04,1960.730433329641
2022-04-05,1955.2648177786853
2022-04-06,1949.992598154159
2022-04-07,1944.8090255583845
2022-04-08,1956.955768825378
2022-04-10,1953.7773711254474
2022-04-11,1959.38663454237
2022-04-12,1968.3208216652995
2022-04-13,1966.6239223221442
2022-04-14,1962.2924632462923
2022-04-15,1962.3252763613839
2022-04-17,1963.2724421165017
2022-04-18,1964.3504614982194
2022-04-19,1968.9087715061746
2022-04-20,1962.2827392323952
2022-04-21,1966.8930574079882
2022-04-22,1967.3560305328683
2022-04-25,1959.0493727066248
2022-04-26,1966.2509975136911
2022-04-27,1963.4114864090604
2022-04-28,1982.1727521968073
2022-04-29,2005.537668765304
2022-05-04,2005.537668765304
2022-05-05,2007.70560603527
2022-05-06,1991.4493884320373
2022-05-09,1996.0987493662797
2022-05-10,1988.8959592036929
2022-05-11,2021.9837261104044
2022-05-12,2010.1715095228658
2022-05-13,2030.7874929686443
2022-05-15,2028.2527769400206
2022-05-16,2032.6598558396154
2022-05-17,2033.8934317557457
2022-05-18,2019.829731808421
2022-05-19,2015.9403007878848
2022-05-20,2002.286161568317
2022-05-22,2001.1873439878118
2022-05-23,2006.350175096932
2022-05-24,1970.4670259722484
2022-05-25,1957.1482952367037
2022-05-26,1999.7664282858334
2022-05-27,2012.637255631752
2022-05-29,2011.3110176174453
2022-05-30,2024.3174768797853
2022-05-31,2019.2663001837543
2022-06-01,2019.2663001837543
2022-06-02,2011.8323821168049
2022-06-03,2015.0489011234724
2022-06-05,2014.3543255216728
2022-06-06,2018.789689202381
2022-06-07,2010.7319958839635
2022-06-08,2012.4176260034003
2022-06-09,2000.6149656937268
2022-06-10,1992.4239558000572
2022-06-12,1990.993731166625
2022-06-13,1971.7723138387212
2022-06-14,1964.421728274433
2022-06-15,1977.1149270930714
2022-06-16,1975.3498303330985
2022-06-17,1932.6506340976734
2022-06-19,1930.8971514489024
2022-06-20,1932.740740113516
2022-06-21,1934.8884399627927
2022-06-22,1917.720653193052
2022-06-23,1924.4078846650555
2022-06-24,1929.3000051182898
2022-06-26,1929.259517583015
2022-06-27,1956.8787233345681
2022-06-28,1952.0072318759549
2022-06-29,1954.015603948174
2022-06-30,1945.4422918156222
2022-07-01,1945.4422918156222
2022-07-04,1966.0759903443482
2022-07-05,1942.081150692812
2022-07-06,1949.0767627149673
2022-07-07,1982.9412159656797
2022-07-08,1986.7086736888798
2022-07-11,1972.1102966167282
2022-07-12,1977.0958086831074
2022-07-13,1962.191553432276
2022-07-14,1947.8503690880138
2022-07-15,1957.392627005785
2022-07-17,1957.896272845591
2022-07-18,1985.839418109607
2022-07-19,1981.377556229042
2022-07-20,1975.9558035085188
2022-07-21,1981.5565711060876
2022-07-22,1984.2248786113641
2022-07-24,1984.1143751855852
2022-07-25,1963.2970239594115
2022-07-26,1944.7958001798568
2022-07-27,1932.4895564945205
2022-07-28,1920.5181884610665
2022-07-29,1946.2910208872324
2022-07-31,1947.7488305602694
2022-08-01,1947.7488305602694
2022-08-02,1956.1286986866312
2022-08-03,1969.3032799809723
2022-08-04,1979.0182472622482
2022-08-05,1989.817416844793
2022-08-07,1991.2105860256015
2022-08-08,1995.6905273878547
2022-08-09,1982.2657046989887
2022-08-10,1984.5598967824499
2022-08-11,2002.6343109594795
2022-08-12,1991.3443920929503
2022-08-14,1990.621377891285
2022-08-15,1989.6042300391211
2022-08-16,2003.437324099838
2022-08-17,1997.833665687295
2022-08-18,1996.7698519191347
2022-08-19,1980.1186556922164
2022-08-21,1982.9664130325193
2022-08-22,1976.5362176380336
2022-08-23,1971.7537000807838
2022-08-24,1966.779058718891
2022-08-25,1981.0493616527506
2022-08-26,1978.468734893296
2022-08-28,1977.4664396622497
2022-08-29,1959.5158574792083
2022-08-30,1935.3853114467452
2022-08-31,1929.1197768336126
2022-09-01,1929.1197768336126
2022-09-02,1947.8072905595045
2022-09-04,1949.2334100913308
2022-09-05,1955.3402458613775
2022-09-06,1955.0954532273718
2022-09-07,1941.2429574435978
2022-09-08,1952.0872824472444
2022-09-09,1961.3325973510357
2022-09-11,1962.8269593202253
2022-09-12,1974.9848344848097
2022-09-13,1955.8641928675158
2022-09-14,1945.4367454184326
2022-09-15,1936.0062282747017
2022-09-16,1918.8580867270423
2022-09-18,1910.8578247516773
2022-09-19,1906.063781189848
2022-09-20,1912.6406473077602
2022-09-21,1909.1597236020145
2022-09-22,1890.525235782022
2022-09-23,1867.613363419498
2022-09-25,1866.0981400631704
2022-09-26,1875.3274733684973
2022-09-27,1880.7116348712173
2022-09-28,1877.1648292454415
2022-09-29,1861.2119491986807
2022-09-30,1866.5859968656134
2022-10-03,1866.5859968656134
2022-10-04,1883.0444797276314
2022-10-05,1866.7492426418908
2022-10-06,1862.2418466678298
2022-10-07,1863.1204137337736
2022-10-09,1861.865855386013
2022-10-10,1849.2017530001963
2022-10-11,1849.2973831775291
2022-10-12,1843.769903402248
2022-10-13,1840.0184300217825
2022-10-14,1849.5358582410308
2022-10-16,1852.5511744759606
2022-10-17,1874.1899760157194
2022-10-18,1874.3834664511367
2022-10-19,1858.5087324802973
2022-10-20,1861.0225942570146
2022-10-21,1857.4169415516863
2022-10-23,1857.8192466212552
2022-10-24,1835.305482364611
2022-10-25,1847.0005003247388
2022-10-26,1867.4936510264567
2022-10-27,1882.0055063816792
2022-10-28,1873.8905644419888
2022-10-30,1873.1428824035006
2022-10-31,1884.5533730502905
2022-11-01,1884.5533730502905
2022-11-02,1883.1961880943538
2022-11-03,1869.3211038162729
2022-11-04,1899.5872748680606
2022-11-06,1899.0639869165195
2022-11-07,1910.576629731085
2022-11-08,1893.072189030349
2022-11-09,1905.9914754096505
2022-11-10,1919.4397458719866
2022-11-11,1938.7863787367185
2022-11-13,1941.9464878765923
2022-11-14,1941.1362919250082
2022-11-15,1944.6195293558396
2022-11-16,1971.0013205476885
2022-11-17,1968.4235155000222
2022-11-18,1986.1019232708204
2022-11-20,1986.3215448089388
2022-11-21,1981.3386726188185
2022-11-22,1993.244240349817
2022-11-23,2011.322801808978
2022-11-24,2017.7186340312833
2022-11-25,2032.5703077086214
2022-11-27,2037.0898766796026
2022-11-28,2035.9779806003914
2022-11-29,2032.5913059210552
2022-11-30,2056.573193862816
2022-12-01,2056.573193862816
2022-12-02,2064.5850577939214
2022-12-04,2072.683050113037
2022-12-05,2082.692368578677
2022-12-06,2082.1560115494685
2022-12-07,2081.3680665709126
2022-12-08,2077.7395583817715
2022-12-09,2082.7469607455787
2022-12-11,2079.2477256031552
2022-12-12,2077.871424074918
2022-12-13,2096.777447039001
2022-12-14,2083.175704515127
2022-12-15,2075.594862582906
2022-12-16,2080.0302498919723
2022-12-18,2074.785932389666
2022-12-19,2087.258882714629
2022-12-20,2081.825925736597
2022-12-21,2095.2603009857985
2022-12-22,2092.0668565228107
2022-12-23,2104.4935620442375
2022-12-25,2103.215750375372
2022-12-26,2106.538872446803
2022-12-27,2104.46155362531
2022-12-28,2115.6346615900425
2022-12-29,2121.2274237368856
2022-12-30,2118.922265997819
2023-01-03,2118.922265997819
2023-01-04,2132.867334181544
2023-01-05,2141.386220076109
2023-01-06,2157.1682131023645
2023-01-09,2177.215275393013
2023-01-10,2156.995811859298
2023-01-11,2161.927602458577
2023-01-12,2178.6413952661705
2023-01-13,2202.5561609132687
2023-01-15,2202.2421518589954
2023-01-16,2201.2918939774336
2023-01-17,2209.3872988164962
2023-01-18,2211.8922793395454
2023-01-19,2213.5885722819503
2023-01-20,2209.48348476248
2023-01-22,2212.1004567597
2023-01-23,2229.7518911584343
2023-01-24,2234.2794892287125
2023-01-25,2237.7713749945847
2023-01-26,2247.6579671309028
2023-01-27,2246.499752798743
2023-01-30,2247.8916730094033
2023-01-31,2232.7143583168436
2023-02-01,2232.7143583168436
2023-02-02,2240.5070899467905
2023-02-03,2247.6005721173533
2023-02-05,2250.9190777581266
2023-02-06,2248.827181418954
2023-02-07,2261.0626360284423
2023-02-08,2264.070426141191
2023-02-09,2271.593745635825
2023-02-10,2261.9429771696796
2023-02-12,2257.4082157258604
2023-02-13,2266.5640757868987
2023-02-14,2270.7304111196354
2023-02-15,2265.396830779584
2023-02-16,2269.210800393206
2023-02-17,2249.842420920352
2023-02-19,2246.3042523233566
2023-02-20,2247.9469621970215
2023-02-21,2238.3803279255326
2023-02-22,2225.026429161347
2023-02-23,2240.436201466287
2023-02-24,2223.1130273524927
2023-02-26,2225.821847894378
2023-02-27,2231.597475055229
2023-02-28,2246.3790038078846
2023-03-01,2246.3790038078846
2023-03-02,2224.891607864132
2023-03-03,2224.268283053326
2023-03-05,2223.6110560387597
2023-03-06,2222.0829956836346
2023-03-07,2206.358256311892
2023-03-08,2194.539475268927
2023-03-09,2194.0310222030603
2023-03-10,2180.3759278734915
2023-03-12,2170.761430565602
2023-03-13,2151.392063584004
2023-03-14,2141.6525117321125
2023-03-15,2095.111888802279
2023-03-16,2080.3986053479193
2023-03-17,2080.624027642952
2023-03-19,2078.9202277539916
2023-03-20,2100.8142915200638
2023-03-21,2111.148030934045
2023-03-22,2128.963056931763
2023-03-23,2140.1646798175952
2023-03-24,2129.324678460985
2023-03-26,2137.5400903170403
2023-03-27,2121.228989642973
2023-03-28,2131.43890891648
2023-03-29,2157.688049936245
2023-03-30,2164.498629227801
2023-03-31,2165.238862792543
2023-04-03,2165.238862792543
2023-04-04,2169.7320861406374
2023-04-05,2154.6528265771394
2023-04-06,2159.691201622279
2023-04-07,2159.954253505922
2023-04-09,2158.6645938100696
2023-04-10,2159.592951725082
2023-04-11,2156.8099493880222
2023-04-12,2151.073190192504
2023-04-13,2170.289211811006
2023-04-14,2170.4479912971306
2023-04-17,2171.358953309855
2023-04-18,2176.4781672032527
2023-04-19,2172.7213302651253
2023-04-20,2178.0672326833665
2023-04-21,2166.8170679456753
2023-04-24,2166.1562597879947
2023-04-25,2168.086890403297
2023-04-26,2184.534569238301
2023-04-27,2191.3648180721984
2023-04-28,2197.4171638025673
2023-04-30,2196.5140015379056
2023-05-02,2196.5140015379056
2023-05-03,2194.7965244855986
2023-05-04,2189.629010731352
2023-05-05,2205.2310215443454
2023-05-07,2203.366788603771
2023-05-08,2218.9616836581495
2023-05-09,2206.1436912787613
2023-05-10,2207.2424107205766
2023-05-11,2183.822888029346
2023-05-12,2190.9024060241777
2023-05-14,2192.6950305498635
2023-05-15,2197.879677895672
2023-05-16,2218.8907529213457
2023-05-17,2233.1086006397145
2023-05-18,2206.7101036680037
2023-05-19,2215.111228965542
2023-05-22,2222.250360015802
2023-05-23,2224.821444331834
2023-05-24,2227.841917325761
2023-05-25,2223.012281797631
2023-05-26,2235.031637791436
2023-05-29,2238.889939393653
2023-05-30,2295.252251356243
2023-05-31,2283.7333482552604
2023-06-01,2283.7333482552604
2023-06-02,2294.0090083481264
2023-06-04,2291.848240298103
2023-06-05,2283.070443364831
2023-06-06,2288.18514594256
2023-06-07,2301.205041307847
2023-06-08,2309.340168116613
2023-06-09,2319.737117669105
2023-06-11,2323.915486405138
2023-06-12,2308.481036642484
2023-06-13,2378.241425731914
2023-06-14,2448.9904888493193
2023-06-15,2428.657472121061
2023-06-16,2416.0919464158083
2023-06-18,2418.2063654489407
2023-06-19,2432.7633887730663
2023-06-20,2414.7786249735736
2023-06-21,2390.6367766714893
2023-06-22,2386.1685572198226
2023-06-23,2380.5929349875314
2023-06-25,2373.3189893212057
2023-06-26,2386.0164677830376
2023-06-27,2418.184976826496
2023-06-28,2424.9956174387053
2023-06-29,2425.9858481185015
2023-06-30,2448.2942937779603
2023-07-03,2448.2942937779603
2023-07-04,2427.64069986157
2023-07-05,2437.6489863875263
2023-07-06,2418.5508616757293
2023-07-07,2448.573952176587
2023-07-09,2438.553148127488
2023-07-10,2453.2633249283235
2023-07-11,2463.3162967389685
2023-07-12,2475.2065395418467
2023-07-13,2463.960976348638
2023-07-14,2463.9706452105297
2023-07-16,2463.1052226476404
2023-07-17,2494.034223829452
2023-07-18,2492.9673265878405
2023-07-19,2473.332070732944
2023-07-20,2481.4992117867914
2023-07-21,2523.312740097325
2023-07-24,2521.2875521384785
2023-07-25,2542.1522528629494
2023-07-26,2537.163229991019
2023-07-27,2540.760671487413
2023-07-28,2533.3553028976626
2023-07-30,2536.600389158429
2023-07-31,2526.5539289398353
2023-08-01,2526.5539289398353
2023-08-02,2497.7344683183496
2023-08-03,2520.3215999079853
2023-08-04,2523.583552903592
2023-08-06,2526.573612403153
2023-08-07,2532.817681344677
2023-08-08,2530.5566957462597
2023-08-09,2517.4948757921293
2023-08-10,2548.004415702865
2023-08-11,2537.211104199209
2023-08-13,2538.9754895465294
2023-08-14,2520.998838709802
2023-08-15,2512.903011784491
2023-08-16,2494.519820502205
2023-08-17,2493.00116875627
2023-08-18,2479.4725935483866
2023-08-20,2480.56869672005
2023-08-21,2485.2521074242536
2023-08-22,2475.2468433427434
2023-08-23,2481.876320932766
2023-08-24,2483.6433694427296
2023-08-25,2478.592311833717
2023-08-27,2481.7267142857822
2023-08-28,2506.329755155589
2023-08-29,2514.1867027921667
2023-08-30,2512.794973872084
2023-08-31,2511.135088592086
2023-09-01,2511.135088592086
2023-09-03,2508.4462283734633
2023-09-04,2548.024830004733
2023-09-05,2535.7397602190904
2023-09-06,2536.204765557099
2023-09-07,2521.8933557978867
2023-09-08,2532.1428355405515
2023-09-10,2533.5509042406643
2023-09-11,2498.4433018679338
2023-09-12,2481.112155143198
2023-09-13,2509.2379887813313
2023-09-14,2521.308935457986
2023-09-15,2526.5289739805635
2023-09-17,2528.7323429368043
2023-09-18,2529.925121226938
2023-09-19,2534.9752945131395
2023-09-20,2540.029955846598
2023-09-21,2518.353361680735
2023-09-22,2521.0862522563966
2023-09-24,2522.0654375523286
2023-09-25,2511.7159250270915
2023-09-26,2492.325055992931
2023-09-27,2483.776566652305
2023-09-28,2483.9819439461826
2023-09-29,2487.233943005096
2023-10-02,2487.233943005096
2023-10-03,2475.264008269624
2023-10-04,2475.910367943596
2023-10-05,2485.0272451092865
2023-10-06,2497.0001381127495
2023-10-08,2488.034965518878
2023-10-09,2487.321801022848
2023-10-10,2520.6281762359504
2023-10-11,2520.0036591835046
2023-10-12,2516.056671641105
2023-10-13,2515.603174072067
2023-10-16,2525.3431730016755
2023-10-17,2543.4365006240364
2023-10-18,2536.7759930476727
2023-10-19,2517.474449322826
2023-10-20,2505.142545539362
2023-10-22,2509.9740685696797
2023-10-23,2509.2814988221166
2023-10-24,2524.4108953684213
2023-10-25,2522.700313921918
2023-10-26,2522.8536210139177
2023-10-27,2522.7407471005517
2023-10-29,2526.651267860661
2023-10-30,2546.6077764990628
2023-10-31,2547.647273738385
2023-11-01,2547.647273738385
2023-11-02,2568.9569566657538
2023-11-03,2582.3367837098967
2023-11-05,2591.0571128952824
2023-11-06,2605.8843621263227
2023-11-07,2593.773842566344
2023-11-08,2614.80018806165
2023-11-09,2619.990244220477
2023-11-10,2607.6102268688396
2023-11-12,2602.368304485081
2023-11-13,2607.8122147484382
2023-11-14,2644.3262709360206
2023-11-15,2669.2139248200556
2023-11-16,2657.39468575908
2023-11-17,2667.9174388121014
2023-11-19,2673.5443840972716
2023-11-20,2678.7756065726117
2023-11-21,2670.5839095052343
2023-11-22,2685.600443064107
2023-11-23,2707.8888285961707
2023-11-24,2721.7027466841664
2023-11-26,2719.525477233457
2023-11-27,2731.389771720026
2023-11-28,2726.6984225184433
2023-11-29,2719.7339416502678
2023-11-30,2725.484360007924
2023-12-01,2725.484360007924
2023-12-03,2725.7246816916836
2023-12-04,2755.7753123264997
2023-12-05,2750.174715099156
2023-12-06,2765.4619750911866
2023-12-07,2742.0379725718944
2023-12-08,2731.6635482429174
2023-12-10,2723.154036518257
2023-12-11,2728.656564404273
2023-12-12,2712.853737409096
2023-12-13,2735.441155769191
2023-12-14,2784.80484356132
2023-12-15,2778.282685759332
2023-12-18,2773.0472373133393
2023-12-19,2784.4559426758697
2023-12-20,2797.699519299215
2023-12-21,2820.20758335078
2023-12-22,2792.2897584800526
2023-12-24,2779.6423582836587
2023-12-25,2787.4359577031328
2023-12-26,2784.115245396453
2023-12-27,2822.7386789868106
2023-12-28,2830.345860548645
2023-12-29,2851.876392957069
2023-12-31,2851.3027292654915
2024-01-02,2851.3027292654915
2024-01-03,2874.559651517824
2024-01-04,2883.9021747324555
2024-01-05,2910.9645990793165
2024-01-08,2928.2933703307704
2024-01-09,2990.3893478410682
2024-01-10,2920.4402327493917
2024-01-11,2942.68932245402
2024-01-12,2959.816749675528
2024-01-14,2966.4152848869226
2024-01-15,2992.4635092107033
2024-01-16,3036.287633354432
2024-01-17,3013.832916631641
2024-01-18,3022.5554438840295
2024-01-19,3030.200908844722
2024-01-21,3041.498895733873
2024-01-22,3039.682286767701
2024-01-23,3041.754213683527
2024-01-24,3076.6634644111914
2024-01-25,3098.5338696129343
2024-01-26,3121.0773967976606
2024-01-28,3129.8491785411543
2024-01-29,3124.909990236623
2024-01-30,3102.5743422105234
2024-01-31,3018.318183747463
2024-02-01,3018.318183747463
2024-02-02,3056.1338722796077
2024-02-04,3049.404583803206
2024-02-05,3039.8653214482465
2024-02-06,3026.783358543512
2024-02-07,3018.6782791754904
2024-02-08,2994.7033697547427
2024-02-09,3017.0962532328545
2024-02-11,3012.4668474499595
2024-02-12,3032.549245260668
2024-02-13,2999.169186934116
2024-02-14,3027.8308255492943
2024-02-15,3036.867491700127
2024-02-16,3064.406761304416
2024-02-18,3070.6028988826283
2024-02-19,3060.084291652856
2024-02-20,3036.598102247244
2024-02-21,3031.0591020686834
2024-02-22,3052.1541119363446
2024-02-23,3049.6593810380436
2024-02-25,3026.197999912886
2024-02-26,3034.5619640399113
2024-02-27,3012.5375766947186
2024-02-28,2944.1015122436106
2024-02-29,2993.951937412382
2024-03-01,2993.951937412382
2024-03-03,2993.490147275996
2024-03-04,3021.30832152244
2024-03-05,3021.09450068411
2024-03-06,3045.1057210738286
2024-03-07,3056.6859967089686
2024-03-08,3074.634363297984
2024-03-10,3101.359590690593
2024-03-11,3125.966759216087
2024-03-12,3153.0015857004983
2024-03-13,3166.4713787402247
2024-03-14,3161.853048581302
2024-03-15,3188.6028991508238
2024-03-17,3187.7636785343834
2024-03-18,3151.925108792321
2024-03-19,3141.0312708501656
2024-03-20,3143.425330526422
2024-03-21,3167.7904233773716
2024-03-22,3206.968541825012
2024-03-24,3207.9962062301665
2024-03-25,3204.6339059962766
2024-03-26,3215.034174442358
2024-03-27,3241.5141516152803
2024-03-28,3250.6334321546874
2024-03-29,3250.693491402274
2024-03-31,3234.0700024538855
2024-04-01,3234.0700024538855
2024-04-02,3228.607881413836
2024-04-03,3212.0461518894826
2024-04-04,3220.6433178716156
2024-04-05,3194.395098902074
2024-04-07,3191.747051546801
2024-04-08,3149.927225408467
2024-04-09,3158.0079193306124
2024-04-10,3163.041200160806
2024-04-11,3161.6714269078566
2024-04-12,3145.7624077521773
2024-04-15,3100.8138889941247
2024-04-16,3027.651338748334
2024-04-17,3038.870869190853
2024-04-18,3022.138590998697
2024-04-19,2999.494192761155
2024-04-21,3004.471102477415
2024-04-22,3030.218621745178
2024-04-23,2991.053325831022
2024-04-24,2963.1429164099413
2024-04-25,2961.0179734741364
2024-04-26,2987.949260933842
2024-04-28,2970.490960623554
2024-04-29,3013.473557498487
2024-04-30,2994.9980139757195
2024-05-01,2994.9980139757195
2024-05-02,3037.9036979574357
2024-05-03,3099.598633929024
2024-05-06,3136.807421634584
2024-05-07,3111.238539129655
2024-05-08,3096.7378629819987
2024-05-09,3122.6915713761764
2024-05-10,3143.148717571099
2024-05-12,3133.047519100279
2024-05-13,3144.8069080492405
2024-05-14,3134.9758376955633
2024-05-15,3134.921493353692
2024-05-16,3115.208631463695
2024-05-17,3135.2902820230174
2024-05-19,3148.3844730922824
2024-05-20,3146.461342300906
2024-05-21,3146.231288291683
2024-05-22,3121.2461185128095
2024-05-23,3096.6596338335535
2024-05-24,3076.988116404973
2024-05-26,3084.2119428466517
2024-05-27,3098.7911684519618
2024-05-28,3140.855117045317
2024-05-29,3172.6232761248343
2024-05-30,3156.1868799231374
2024-05-31,3146.8440459616545
2024-06-03,3146.8440459616545
2024-06-04,3131.899250982712
2024-06-05,3129.9081146262383
2024-06-06,3122.8030503544946
2024-06-07,3115.301686994127
2024-06-09,3106.1700623789648
2024-06-10,3119.973812166179
2024-06-11,3129.271961220374
2024-06-12,3146.264639757736
2024-06-13,3174.601240348987
2024-06-14,3188.0512499843767
2024-06-17,3188.0589011955085
2024-06-18,3230.795863965931
2024-06-19,3243.6855024310184
2024-06-20,3256.3365368835234
2024-06-21,3242.14187440976
2024-06-23,3253.50343688164
2024-06-24,3248.253712955679
2024-06-25,3234.2584989947336
2024-06-26,3243.184386214903
2024-06-27,3253.7920301440577
2024-06-28,3281.8876789519013
2024-07-02,3281.8876789519013
2024-07-03,3330.1212379658614
2024-07-04,3356.667841250128
2024-07-05,3347.0360928556825
2024-07-07,3354.279937443091
2024-07-08,3354.9926705928256
2024-07-09,3338.4626767718128
2024-07-10,3329.5856692847647
2024-07-11,3332.572051589024
2024-07-12,3344.3076137543358
2024-07-14,3336.635751635746
2024-07-15,3360.7443716691514
2024-07-16,3348.5684962612254
2024-07-17,3357.1480494622892
2024-07-18,3335.988366541315
2024-07-19,3320.646266151319
2024-07-21,3322.1265242481136
2024-07-22,3331.9905236250024
2024-07-23,3328.074905063405
2024-07-24,3316.8083547696147
2024-07-25,3300.6113784662407
2024-07-26,3305.7807137414466
2024-07-28,3304.8330061408324
2024-07-29,3288.902891620117
2024-07-30,3278.880208878195
2024-07-31,3310.9297557972745
2024-08-01,3310.9297557972745
2024-08-02,3308.2368310905395
2024-08-04,3289.532579694728
2024-08-05,3262.926508406967
2024-08-06,3273.33061618568
2024-08-07,3317.4567723399573
2024-08-08,3369.490132374889
2024-08-09,3393.6806120173956
2024-08-11,3408.2841287306624
2024-08-12,3410.54948160583
2024-08-13,3386.390997065245
2024-08-14,3389.7148782443833
2024-08-15,3408.4871418684083
2024-08-16,3419.970478587947
2024-08-18,3418.4287829333934
2024-08-19,3442.6655012033084
2024-08-20,3456.098514638666
2024-08-21,3460.1381153369734
2024-08-22,3458.142450837324
2024-08-23,3475.3150353878664
2024-08-25,3476.870663097101
2024-08-26,3484.1404361249183
2024-08-27,3527.73985792051
2024-08-28,3519.9809910934187
2024-08-29,3518.6138102026
2024-08-30,3511.309147394694
2024-09-02,3511.309147394694
2024-09-03,3491.545246588475
2024-09-04,3477.591567355787
2024-09-05,3469.7898577654655
2024-09-06,3460.6443791088545
2024-09-08,3447.72761563277
2024-09-09,3450.261976195685
2024-09-10,3453.4299154173973
2024-09-11,3457.705152877656
2024-09-12,3483.1923295502866
2024-09-13,3507.495594399278
2024-09-16,3508.13416249705
2024-09-17,3534.0515492994023
2024-09-18,3537.499208339343
2024-09-19,3582.284116571102
2024-09-20,3604.089471183252
2024-09-22,3608.978900443325
2024-09-23,3634.443587592215
2024-09-24,3653.303309093261
2024-09-25,3699.7829358194376
2024-09-26,3714.235034997037
2024-09-27,3720.858861800094
2024-09-29,3727.0952458492357
2024-09-30,3724.642363902235
2024-10-01,3724.642363902235
2024-10-02,3699.3137098606517
2024-10-03,3692.6390140354015
2024-10-04,3697.413321261255
2024-10-07,3702.707099200026
2024-10-08,3667.4597117726744
2024-10-09,3670.451990509699
2024-10-10,3656.7134476551673
2024-10-11,3679.162429193525
2024-10-13,3660.7467645309785
2024-10-14,3674.9378146503836
2024-10-15,3681.071851570575
2024-10-16,3691.9059464432876
2024-10-17,3688.96317593155
2024-10-18,3704.587268106043
2024-10-20,3689.9348104684827
2024-10-21,3732.866200554559
2024-10-22,3743.941054768509
2024-10-23,3776.4394086204193
2024-10-24,3809.438723885822
2024-10-25,3811.0674470280046
2024-10-27,3815.765164669387
2024-10-28,3818.239065350618
2024-10-29,3795.6737127405063
2024-10-30,3797.90450371987
2024-10-31,3779.1214176291796
2024-11-01,3779.1214176291796
2024-11-03,3781.4874617138853
2024-11-04,3789.352438017008
2024-11-05,3835.038500564376
2024-11-06,3775.6721198726345
2024-11-07,3785.092184844911
2024-11-08,3769.6723579201016
2024-11-10,3771.9829905216043
2024-11-11,3757.6988495506316
2024-11-12,3747.2076452788615
2024-11-13,3752.5659906731476
2024-11-14,3758.0737717534003
2024-11-15,3771.9769267285446
2024-11-17,3768.360050123123
2024-11-18,3772.1138913802733
2024-11-19,3778.257761902133
2024-11-20,3803.3764854715405
2024-11-21,3795.02699157815
2024-11-22,3789.0172075641844
2024-11-24,3783.9893875504094
2024-11-25,3752.2647379120067
2024-11-26,3754.897245826705
2024-11-27,3740.525870960874
2024-11-28,3756.7553062801762
2024-11-29,3753.198002773233
2024-12-02,3753.198002773233
2024-12-03,3779.9086616205486
2024-12-04,3797.508069849987
2024-12-05,3802.3617131024416
2024-12-06,3806.459596619121
2024-12-08,3811.325521047846
2024-12-09,3818.660548163384
2024-12-10,3807.9387848887395
2024-12-11,3809.3515831946065
2024-12-12,3809.943376851885
2024-12-13,3821.270118399267
2024-12-15,3822.7756248936043
2024-12-16,3831.7854877228447
2024-12-17,3797.7819874082693
2024-12-18,3792.450320025802
2024-12-19,3782.4777649637804
2024-12-20,3810.8771001686337
2024-12-22,3806.741475195685
2024-12-23,3826.5050772427094
2024-12-24,3860.6416090518596
2024-12-25,3860.737705374023
2024-12-26,3858.6812597208127
2024-12-27,3834.6905509285084
2024-12-29,3830.248456547652
2024-12-30,3811.431903865814
2024-12-31,3820.882532213515
2025-01-02,3820.882532213515
2025-01-03,3838.0199654233274
2025-01-05,3838.216487416687
2025-01-06,3836.681576319183
2025-01-07,3815.703571020713
2025-01-08,3823.971436096659
2025-01-09,3855.7450771992035
2025-01-10,3849.309470465348
2025-01-12,3843.839346318005
2025-01-13,3789.8492069321587
2025-01-14,3796.1020351510756
2025-01-15,3834.4369736852527
2025-01-16,3843.623798631985
2025-01-17,3866.8693214582813
2025-01-19,3869.5296492527405
2025-01-20,3875.410918643973
2025-01-21,3895.4016401660274
2025-01-22,3895.4894875233927
2025-01-23,3891.189373481841
2025-01-24,3921.7131435161714
2025-01-26,3923.1603711515727
2025-01-27,3964.392312026875
2025-01-28,3955.977542694316
2025-01-29,3982.92381439032
2025-01-30,3991.5542386978022
2025-01-31,3990.1004347476205
2025-02-03,3990.1004347476205
2025-02-04,4014.5125259670367
2025-02-05,4051.456884024593
2025-02-06,4068.5394562560227
2025-02-07,4098.436098462099
2025-02-09,4097.640004256969
2025-02-10,4097.275162546201
2025-02-11,4087.636819931215
2025-02-12,4114.011307172807
2025-02-13,4122.271720215171
2025-02-14,4139.619297118127
2025-02-16,4148.867599080076
2025-02-17,4133.282032588965
2025-02-18,4142.094645313215
2025-02-19,4131.70049068032
2025-02-20,4141.08188998656
2025-02-21,4135.240892984013
2025-02-23,4136.263506000666
2025-02-24,4086.83878147797
2025-02-25,4074.529940574191
2025-02-26,4077.33906685835
2025-02-27,4065.3659978407522
2025-02-28,4046.747197221313
2025-03-03,4046.747197221313
2025-03-04,3999.555267397894
2025-03-05,4007.143587946743
2025-03-06,4042.1089189206195
2025-03-07,4049.150604951058
2025-03-09,4054.393710523352
2025-03-10,4033.228720853293
2025-03-11,4015.844903522772
2025-03-12,4010.5690228999215
2025-03-13,4009.1205297894367
2025-03-14,4024.430057585532
2025-03-16,4027.8651760295884
2025-03-17,4040.429492673071
2025-03-18,4046.85392845379
2025-03-19,4052.7684442321483
2025-03-20,4044.4447626615715
2025-03-21,4051.622540894388
2025-03-23,4055.1633820341417
2025-03-24,4081.5234138449127
2025-03-25,4094.530544491291
2025-03-26,4089.910221077864
2025-03-27,4092.401099643209
2025-03-28,4105.5085853741675
2025-03-31,4084.9852571246183
2025-04-01,4084.9852571246183
2025-04-02,4071.971673314892
2025-04-03,4010.089276237557
2025-04-04,3919.993705109726
2025-04-06,3899.8311001646393
2025-04-07,3843.9823099503615
2025-04-08,3902.2830795231416
2025-04-09,3844.1486378863465
2025-04-10,3966.190537483114
2025-04-11,3975.3223913742795
2025-04-13,3984.873266998608
2025-04-14,4032.3290089411507
2025-04-15,4043.862578117973
2025-04-16,4036.5293923203385
2025-04-17,4051.2965361210977
2025-04-18,4047.468381401955
2025-04-21,4047.79700540171
2025-04-22,4070.113922686226
2025-04-23,4126.365297694545
2025-04-24,4156.0898632626495
2025-04-25,4178.038624750193
2025-04-27,4183.985907243386
2025-04-28,4209.698856111362
2025-04-29,4232.266964411384
2025-04-30,4233.889233221468
2025-05-02,4233.889233221468
2025-05-04,4238.777100497928
2025-05-05,4235.680478561015
2025-05-06,4279.031644955128
2025-05-07,4295.450410759357
2025-05-08,4283.772133967338
2025-05-09,4303.103532668064
2025-05-11,4295.818497391209
2025-05-12,4299.5476719974395
2025-05-13,4329.720522683496
2025-05-14,4348.604851184002
2025-05-15,4355.064554461145
2025-05-16,4355.512266343714
2025-05-18,4355.545273619126
2025-05-19,4349.988573238685
2025-05-20,4379.835318090965
2025-05-21,4396.649285078193
2025-05-22,4378.036936622207
2025-05-23,4403.160640368169
2025-05-25,4408.062376429118
2025-05-26,4400.770651342839
2025-05-27,4430.106398372297
2025-05-28,4440.001094031596
2025-05-29,4473.812034367428
2025-05-30,4455.5893291639
2025-06-03,4455.5893291639
2025-06-04,4505.003089642315
2025-06-05,4581.895785151282
2025-06-06,4582.589608517976
2025-06-09,4588.156590877185
2025-06-10,4622.75302350326
2025-06-11,4631.486899855402
2025-06-12,4638.927292296641
2025-06-13,4610.1444882734795
2025-06-15,4585.522239983461
2025-06-16,4543.508358212274
2025-06-17,4519.718465290642
2025-06-18,4593.876565258871
2025-06-19,4609.600234236711
2025-06-20,4638.878555549668
2025-06-22,4663.5809077731265
2025-06-23,4696.491097357834
2025-06-24,4756.893759593443
2025-06-25,4797.176832645948
2025-06-26,4803.188259828418
2025-06-27,4783.225749242279
2025-06-29,4782.945612644434
2025-06-30,4783.76840388654
2025-07-01,4783.76840388654
2025-07-02,4797.062235863245
2025-07-03,4832.882641075897
2025-07-04,4836.98634425053
2025-07-06,4838.749379496307
2025-07-07,4838.739976078033
2025-07-08,4850.764289677607
2025-07-09,4862.088691823972
2025-07-10,4954.233887094631
2025-07-11,5016.279713466838
2025-07-13,5009.523669362788
2025-07-14,5033.266435084173
2025-07-15,5043.087479837164
2025-07-16,5118.156937420925
2025-07-17,5100.629794445956
2025-07-18,5144.602891220925
2025-07-20,5152.750155606447
2025-07-21,5170.062228321836
2025-07-22,5161.978967970366
2025-07-23,5184.284007637761
2025-07-24,5220.699838178243
2025-07-25,5233.790447317312
2025-07-27,5238.601526230893
2025-07-28,5218.420654399668
2025-07-29,5295.818156161107
2025-07-30,5327.204127881534
2025-07-31,5322.817808024632
2025-08-01,5322.817808024632
2025-08-03,5316.508751825643
2025-08-04,5363.284840792017
2025-08-05,5374.844054268583
2025-08-06,5401.167563673321
2025-08-07,5406.42347303718
2025-08-08,5416.415817125258
2025-08-10,5425.025845400772
2025-08-11,5388.07821913713
2025-08-12,5392.804937278132
2025-08-13,5404.537952628758
2025-08-14,5388.970569059671
2025-08-15,5387.504413475544
2025-08-17,5395.588787472186
2025-08-18,5377.298158895336
2025-08-19,5342.050460112815
2025-08-20,5330.735194438749
2025-08-21,5358.661119126988
2025-08-22,5399.966631013311
2025-08-24,5403.467910284249
2025-08-25,5416.991305994119
2025-08-26,5415.319489857651
2025-08-27,5343.785152226466
2025-08-28,5302.200001897024
2025-08-29,5294.890464670255
2025-08-31,5281.557026663493
2025-09-01,5281.557026663493
2025-09-02,5243.033768383471
2025-09-03,5237.9426234564025
2025-09-04,5234.781105026221
2025-09-05,5274.272451545337
2025-09-08,5318.4511979675035
2025-09-09,5315.06203296531
2025-09-10,5338.590476674079
2025-09-11,5347.625051817713
2025-09-12,5368.32015158552
2025-09-14,5375.826949134856
2025-09-15,5382.143432062252
2025-09-16,5365.316789815741
2025-09-17,5391.420128074595
2025-09-18,5390.050500325351
2025-09-19,5395.583983444667
2025-09-21,5390.965149939705
2025-09-22,5379.868239079215
2025-09-23,5372.7095217689575
2025-09-24,5398.5917278973475
2025-09-25,5395.415681340668
2025-09-26,5418.490898120301
2025-09-28,5425.55564592325
2025-09-29,5428.6011529725965
2025-09-30,5462.399570605817
2025-10-01,5462.399570605817
2025-10-02,5453.816941256966
2025-10-03,5515.968150945761
2025-10-05,5520.505098475758
2025-10-06,5517.371899429749
2025-10-07,5480.192187137793
2025-10-08,5525.5545344965985
2025-10-09,5515.074031084166
2025-10-10,5513.928506539509
2025-10-12,5513.404908600952
2025-10-13,5540.979400860068
2025-10-14,5513.4908081259555
2025-10-15,5546.818160932449
2025-10-16,5582.788975823932
2025-10-17,5549.461654907229
2025-10-19,5553.954655616331
2025-10-20,5596.495411045964
2025-10-21,5584.950976882826
2025-10-22,5612.52975996947
2025-10-23,5658.209268909681
2025-10-24,5687.2165253154435
2025-10-26,5692.780669607581
2025-10-27,5679.572717133041
2025-10-28,5711.15052120404
2025-10-29,5679.180915403299
2025-10-30,5649.0887037853745
2025-10-31,5661.714126783862
2025-11-03,5661.714126783862
2025-11-04,5593.402856452368
2025-11-05,5621.88657424486
2025-11-06,5651.576578591971
2025-11-07,5601.237278054765
2025-11-09,5616.071121681799
2025-11-10,5633.935614984227
2025-11-11,5462.345039377235
2025-11-12,5622.279061078479
2025-11-13,5670.945118441535
2025-11-14,5621.417351914407
2025-11-16,5627.706493590144
2025-11-17,5606.610042120643
2025-11-18,5538.132764146504
2025-11-19,5540.32558143915
2025-11-20,5535.76099029533
2025-11-21,5477.658787345507
2025-11-23,5478.763232308065
2025-11-24,5475.023593707707
2025-11-25,5454.432304941582
2025-11-26,5492.868951635217
2025-11-27,5483.8394782672485
2025-11-28,5503.925129592218
2025-11-30,5518.229750196829
2025-12-01,5518.229750196829
2025-12-02,5511.738554964955
2025-12-03,5537.5003497985745
2025-12-04,5542.015900472245
2025-12-05,5601.066696951484
2025-12-07,5613.467763798218
2025-12-08,5594.069408678244
2025-12-09,5595.052372553545
2025-12-10,5611.744106260762
2025-12-11,5628.560447335626
2025-12-12,5659.913090458205
2025-12-14,5663.80455925209
2025-12-15,5671.314109282537
2025-12-16,5663.166333903064
2025-12-17,5687.5809005972815
2025-12-18,5706.051103802137
2025-12-19,5716.597533215584
2025-12-21,5724.077410919038
2025-12-22,5739.000828642156
2025-12-23,5755.697666442228
2025-12-24,5774.3259641429795
2025-12-25,5770.770487652551
2025-12-26,5770.770487652551
2025-12-28,5775.5630927465245
2025-12-29,5768.718082137536
2025-12-30,5776.826221037958
2025-12-31,5793.76546687577
2026-01-02,5793.76546687577
2026-01-04,5783.2248428766625
2026-01-05,5845.418522090202
2026-01-06,5906.416488419836
2026-01-07,5899.952266095395
2026-01-08,5877.290843082983
2026-01-09,5913.189406527372
2026-01-11,5933.211801175922
2026-01-12,6005.271983915057
2026-01-13,6062.674823956411
2026-01-14,6077.538038632353
2026-01-15,6078.039217781057
2026-01-16,6071.139481104091
2026-01-18,6082.3224774020755
2026-01-19,6080.545913013899
2026-01-20,6083.598367978648
2026-01-21,6080.647894532372
2026-01-22,6088.958248665027
2026-01-23,6106.914951018361
2026-01-25,6118.6288117339745
2026-01-26,6152.4456474629
2026-01-27,6141.465355545248
2026-01-28,6158.660727518358
2026-01-29,6177.949909693531
2026-01-30,6089.712691981398
2026-02-02,6089.712691981398
2026-02-03,6172.923491115992
2026-02-04,6242.0617273684065
2026-02-05,6220.092530407639
2026-02-06,6280.065702233178
2026-02-08,6285.394633148798
2026-02-09,6324.6845473908625
2026-02-10,6401.900070075973
2026-02-11,6447.065113604511
2026-02-12,6489.86138037833
2026-02-13,6530.741730281628
2026-02-15,6554.947659419879
2026-02-16,6704.074487931678
2026-02-17,6620.479785879073
2026-02-18,6734.331285564419
2026-02-19,6727.3152885275895
2026-02-20,6784.576149079208
2026-02-22,6766.210967215534
2026-02-23,6860.248683414625
2026-02-24,6868.249327502251
2026-02-25,6877.620086178384
2026-02-26,6858.461518704645
2026-02-27,6919.144748547395
2026-03-02,6919.144748547395
2026-03-03,6804.522984547069
2026-03-04,6816.608983037656
2026-03-05,6821.937487165374
2026-03-06,6740.641765605343
2026-03-08,6738.733662152817
2026-03-09,6732.307531649953
2026-03-10,6809.903791959487
2026-03-11,6759.180668578713
2026-03-12,6730.989166565452
2026-03-13,6706.881456400665
2026-03-15,6689.822573917552
2026-03-16,6756.761129180473
2026-03-17,6824.103465539224
2026-03-18,6714.280925989591
2026-03-19,6617.27189476386
2026-03-20,6613.415538657013
2026-03-23,6571.477570009389
2026-03-24,6579.199282397688
2026-03-25,6668.445020843061
