Company,Dividend_Status,Liquidity Score,Price,Trading Days (90d),AvgDailyValue30d,AvgDailyValue30dUSD,InvestableCapacity20USD,TradeCount30,StaleVolumeDays30d,ClippedValueDays30d,MedianTradedValueUSD,TradedValueCapUSD,Date,ObservationDate,ImplementationDate,Country,Regime,RawLiquidity,Rank
REDEFINE PROPERTIES (SOUTH AFRICA),OK,383513362.3187276,36.21782122038363,85,383513362.3187276,383513362.3187276,76702672.46374552,30,,,,,2026-01-31,2025-12-31,2026-01-31,SOUTH AFRICA,HIGH,383513362.3187276,1.0
BLUE LABEL TELECOMS (SOUTH AFRICA),OK,173597509.46676967,63.62263927714058,85,173597509.46676967,173597509.46676967,34719501.89335393,30,,,,,2026-01-31,2025-12-31,2026-01-31,SOUTH AFRICA,HIGH,173597509.46676967,2.0
NASPERS (SOUTH AFRICA),OK,132863970.57016438,66.6715761935432,85,132863970.57016438,132863970.57016438,26572794.11403288,30,,,,,2026-01-31,2025-12-31,2026-01-31,SOUTH AFRICA,HIGH,132863970.57016438,3.0
ANGLOGOLD ASHANTI ADR (SOUTH AFRICA),OK,88350536.61082894,86.50928413665467,85,88350536.61082894,88350536.61082894,17670107.322165787,30,,,,,2026-01-31,2025-12-31,2026-01-31,SOUTH AFRICA,HIGH,88350536.61082894,4.0
GOLD FIELDS (SOUTH AFRICA),OK,86587037.67603363,43.80605839640768,85,86587037.67603363,86587037.67603363,17317407.535206728,30,,,,,2026-01-31,2025-12-31,2026-01-31,SOUTH AFRICA,HIGH,86587037.67603363,5.0
PPC (SOUTH AFRICA),OK,66421726.10623161,33.74293677032409,85,66421726.10623161,66421726.10623161,13284345.221246323,30,,,,,2026-01-31,2025-12-31,2026-01-31,SOUTH AFRICA,HIGH,66421726.10623161,6.0
GRINDROD (SOUTH AFRICA),OK,60856456.68977235,102.6171601244203,85,60856456.68977235,60856456.68977235,12171291.33795447,30,,,,,2026-01-31,2025-12-31,2026-01-31,SOUTH AFRICA,HIGH,60856456.68977235,7.0
FIRSTRAND (SOUTH AFRICA),OK,58294149.98885582,5.477945459583024,85,58294149.98885582,58294149.98885582,11658829.997771164,30,,,,,2026-01-31,2025-12-31,2026-01-31,SOUTH AFRICA,HIGH,58294149.98885582,8.0
PROSUS (SOUTH AFRICA),OK,52912869.032721,61.78277395914509,85,52912869.032721,52912869.032721,10582573.8065442,30,,,,,2026-01-31,2025-12-31,2026-01-31,SOUTH AFRICA,HIGH,52912869.032721,9.0
CAPITEC BANK (SOUTH AFRICA),OK,52194720.888338104,250.8567023794505,85,52194720.888338104,52194720.888338104,10438944.177667622,30,,,,,2026-01-31,2025-12-31,2026-01-31,SOUTH AFRICA,HIGH,52194720.888338104,10.0
STANDARD BANK GROUP (SOUTH AFRICA),OK,45942818.914219216,17.52942547066568,85,45942818.914219216,45942818.914219216,9188563.782843843,30,,,,,2026-01-31,2025-12-31,2026-01-31,SOUTH AFRICA,HIGH,45942818.914219216,11.0
NORTHAM PLATINUM HOLDINGS (SOUTH AFRICA),OK,42001630.35328874,20.34898285267254,85,42001630.35328874,42001630.35328874,8400326.070657749,30,,,,,2026-01-31,2025-12-31,2026-01-31,SOUTH AFRICA,HIGH,42001630.35328874,12.0
MTN GROUP (SOUTH AFRICA),OK,41578248.98720508,10.23153449475838,85,41578248.98720508,41578248.98720508,8315649.797441017,30,,,,,2026-01-31,2025-12-31,2026-01-31,SOUTH AFRICA,HIGH,41578248.98720508,13.0
SIBANYE STILLWATER (SOUTH AFRICA),OK,40202675.29154995,3.651963639722016,85,40202675.29154995,40202675.29154995,8040535.058309991,30,,,,,2026-01-31,2025-12-31,2026-01-31,SOUTH AFRICA,HIGH,40202675.29154995,14.0
HARMONY GOLD MINING COMPANY (SOUTH AFRICA),OK,38061134.38737542,20.34717196161152,85,38061134.38737542,38061134.38737542,7612226.877475085,30,,,,,2026-01-31,2025-12-31,2026-01-31,SOUTH AFRICA,HIGH,38061134.38737542,15.0
IMPALA PLATINUM HOLDINGS (SOUTH AFRICA),OK,37336400.06170806,15.81511526623419,85,37336400.06170806,37336400.06170806,7467280.012341613,30,,,,,2026-01-31,2025-12-31,2026-01-31,SOUTH AFRICA,HIGH,37336400.06170806,16.0
BRITISH AMERICAN TOBACCO (SOUTH AFRICA),OK,34345465.5529127,56.81489614841581,85,34345465.5529127,34345465.5529127,6869093.11058254,30,,,,,2026-01-31,2025-12-31,2026-01-31,SOUTH AFRICA,HIGH,34345465.5529127,17.0
ABSA (SOUTH AFRICA),OK,33478368.831765827,14.44849614551838,85,33478368.831765827,33478368.831765827,6695673.766353166,30,,,,,2026-01-31,2025-12-31,2026-01-31,SOUTH AFRICA,HIGH,33478368.831765827,18.0
ANGLO AMERICAN (SOUTH AFRICA),OK,29641967.3490513,41.35471553014138,85,29641967.3490513,29641967.3490513,5928393.46981026,30,,,,,2026-01-31,2025-12-31,2026-01-31,SOUTH AFRICA,HIGH,29641967.3490513,19.0
OLD MUTUAL (SOUTH AFRICA),OK,27150488.18038922,0.8994092269728602,85,27150488.18038922,27150488.18038922,5430097.636077845,30,,,,,2026-01-31,2025-12-31,2026-01-31,SOUTH AFRICA,HIGH,27150488.18038922,20.0
SHOPRITE HOLDINGS (SOUTH AFRICA),OK,22937662.095640674,16.31190304730712,85,22937662.095640674,22937662.095640674,4587532.419128135,30,,,,,2026-01-31,2025-12-31,2026-01-31,SOUTH AFRICA,HIGH,22937662.095640674,21.0
PEPKOR HOLDINGS LTD (SOUTH AFRICA),OK,21465109.971717987,1.596602285465245,86,21465109.971717987,21465109.971717987,4293021.994343597,30,,,,,2026-01-31,2025-12-31,2026-01-31,SOUTH AFRICA,HIGH,21465109.971717987,22.0
BID CORP (SOUTH AFRICA),OK,20839463.590907473,25.4653537304054,85,20839463.590907473,20839463.590907473,4167892.7181814946,30,,,,,2026-01-31,2025-12-31,2026-01-31,SOUTH AFRICA,HIGH,20839463.590907473,23.0
BID CORPORATION (SOUTH AFRICA),OK,20839463.590907473,25.4653537304054,85,20839463.590907473,20839463.590907473,4167892.7181814946,30,,,,,2026-01-31,2025-12-31,2026-01-31,SOUTH AFRICA,HIGH,20839463.590907473,24.0
DISCOVERY HOLDINGS (SOUTH AFRICA),OK,20015313.183596693,13.73741958889151,85,20015313.183596693,20015313.183596693,4003062.6367193386,30,,,,,2026-01-31,2025-12-31,2026-01-31,SOUTH AFRICA,HIGH,20015313.183596693,25.0
SANLAM (SOUTH AFRICA),OK,18028635.141685758,5.945155353325973,85,18028635.141685758,18028635.141685758,3605727.0283371517,30,,,,,2026-01-31,2025-12-31,2026-01-31,SOUTH AFRICA,HIGH,18028635.141685758,26.0
GLENCORE (SOUTH AFRICA),OK,16890597.542154636,5.502090673729946,85,16890597.542154636,16890597.542154636,3378119.5084309275,30,,,,,2026-01-31,2025-12-31,2026-01-31,SOUTH AFRICA,HIGH,16890597.542154636,27.0
MR PRICE (SOUTH AFRICA),OK,16435512.105205422,10.56232392857121,85,16435512.105205422,16435512.105205422,3287102.4210410845,30,,,,,2026-01-31,2025-12-31,2026-01-31,SOUTH AFRICA,HIGH,16435512.105205422,28.0
BHP (SOUTH AFRICA),OK,14821707.898255263,30.61130249546824,85,14821707.898255263,14821707.898255263,2964341.5796510526,30,,,,,2026-01-31,2025-12-31,2026-01-31,SOUTH AFRICA,HIGH,14821707.898255263,29.0
CLICKS (SOUTH AFRICA),OK,14677702.310171487,20.3163868135742,85,14677702.310171487,14677702.310171487,2935540.4620342976,30,,,,,2026-01-31,2025-12-31,2026-01-31,SOUTH AFRICA,HIGH,14677702.310171487,30.0
REINET INVEST (SOUTH AFRICA),OK,12042982.602568721,35.01056051303751,85,12042982.602568721,12042982.602568721,2408596.5205137446,30,,,,,2026-01-31,2025-12-31,2026-01-31,SOUTH AFRICA,HIGH,12042982.602568721,31.0
WOOLWORTHS HOLDINGS (SOUTH AFRICA),OK,11054150.860379905,3.380329980569139,85,11054150.860379905,11054150.860379905,2210830.172075981,30,,,,,2026-01-31,2025-12-31,2026-01-31,SOUTH AFRICA,HIGH,11054150.860379905,32.0
BIDVEST (SOUTH AFRICA),OK,10663637.194557134,14.33561726938151,85,10663637.194557134,10663637.194557134,2132727.438911427,30,,,,,2026-01-31,2025-12-31,2026-01-31,SOUTH AFRICA,HIGH,10663637.194557134,33.0
VODACOM (SOUTH AFRICA),OK,10334210.145252006,8.529900527754018,85,10334210.145252006,10334210.145252006,2066842.0290504014,30,,,,,2026-01-31,2025-12-31,2026-01-31,SOUTH AFRICA,HIGH,10334210.145252006,34.0
TIGER BRANDS (SOUTH AFRICA),OK,9956255.104095493,22.10373629080013,85,9956255.104095493,9956255.104095493,1991251.0208190987,30,,,,,2026-01-31,2025-12-31,2026-01-31,SOUTH AFRICA,HIGH,9956255.104095493,35.0
REMGRO (SOUTH AFRICA),OK,8894954.979846377,10.96253085305645,85,8894954.979846377,8894954.979846377,1778990.9959692755,30,,,,,2026-01-31,2025-12-31,2026-01-31,SOUTH AFRICA,HIGH,8894954.979846377,36.0
OUTSURANCE (SOUTH AFRICA),OK,8797148.222378561,4.325615114421152,85,8797148.222378561,8797148.222378561,1759429.6444757124,30,,,,,2026-01-31,2025-12-31,2026-01-31,SOUTH AFRICA,HIGH,8797148.222378561,37.0
FOSCHINI (SOUTH AFRICA),OK,8475066.34433366,5.067476819085343,85,8475066.34433366,8475066.34433366,1695013.268866732,30,,,,,2026-01-31,2025-12-31,2026-01-31,SOUTH AFRICA,HIGH,8475066.34433366,38.0
GROWTHPOINT PROPERTIES (SOUTH AFRICA),OK,7560417.9038665425,1.035829686902972,85,7560417.9038665425,7560417.9038665425,1512083.5807733086,30,,,,,2026-01-31,2025-12-31,2026-01-31,SOUTH AFRICA,HIGH,7560417.9038665425,39.0
ASPEN PHARMACARE HOLDINGS (SOUTH AFRICA),OK,7495093.664817252,7.049798900547674,85,7495093.664817252,7495093.664817252,1499018.7329634505,30,,,,,2026-01-31,2025-12-31,2026-01-31,SOUTH AFRICA,HIGH,7495093.664817252,40.0
INVESTEC (SOUTH AFRICA),OK,7377866.878820579,7.37455203082378,85,7377866.878820579,7377866.878820579,1475573.3757641157,30,,,,,2026-01-31,2025-12-31,2026-01-31,SOUTH AFRICA,HIGH,7377866.878820579,41.0
MONDI (SOUTH AFRICA),OK,6910582.654097618,12.28991400078351,85,6910582.654097618,6910582.654097618,1382116.5308195236,30,,,,,2026-01-31,2025-12-31,2026-01-31,SOUTH AFRICA,HIGH,6910582.654097618,42.0
CHOPPIES ENTERPRISES LIMITED (SOUTH AFRICA),OK,6827424.728662121,47.8678870462737,85,6827424.728662121,6827424.728662121,1365484.9457324243,30,,,,,2026-01-31,2025-12-31,2026-01-31,SOUTH AFRICA,HIGH,6827424.728662121,43.0
COMMERCIAL INTERNATIONAL BANK EGYPT (EGYPT),OK,6292655.221301473,2.160334579196188,86,6292655.221301473,6292655.221301473,1258531.0442602946,30,,,,,2026-01-31,2025-12-31,2026-01-31,EGYPT,MID,6292655.221301473,44.0
KUMBA IRON ORE (SOUTH AFRICA),OK,6000482.902529971,21.19104719604646,85,6000482.902529971,6000482.902529971,1200096.5805059941,30,,,,,2026-01-31,2025-12-31,2026-01-31,SOUTH AFRICA,HIGH,6000482.902529971,45.0
BELTONE HOLDING EGYPT (EGYPT),ZERO_CONFIRMED,5708532.137400225,0.07173149767816468,86,5708532.137400225,5708532.137400225,1141706.427480045,30,,,,,2026-01-31,2025-12-31,2026-01-31,EGYPT,MID,5708532.137400225,46.0
MARSA MAROC MOROCCO (MOROCCO),OK,5420773.640564676,107.5181074640089,85,5420773.640564676,5420773.640564676,1084154.7281129353,30,,,,,2026-01-31,2025-12-31,2026-01-31,MOROCCO,MID,5420773.640564676,47.0
ATTIJARIWAFA BANK MOROCCO (MOROCCO),OK,5398472.380160305,82.63049500997147,85,5398472.380160305,5398472.380160305,1079694.476032061,30,,,,,2026-01-31,2025-12-31,2026-01-31,MOROCCO,MID,5398472.380160305,48.0
TRUWORTHS INT (SOUTH AFRICA),OK,5163132.750531305,3.436467603460733,85,5163132.750531305,5163132.750531305,1032626.5501062609,30,,,,,2026-01-31,2025-12-31,2026-01-31,SOUTH AFRICA,HIGH,5163132.750531305,49.0
EXXARO RESOURCES (SOUTH AFRICA),OK,5073422.039710659,10.80498333074778,85,5073422.039710659,5073422.039710659,1014684.4079421317,30,,,,,2026-01-31,2025-12-31,2026-01-31,SOUTH AFRICA,HIGH,5073422.039710659,50.0
AFRICAN RAINBOW MINERALS (SOUTH AFRICA),OK,4393945.536134313,12.00620773455717,85,4393945.536134313,4393945.536134313,878789.1072268626,30,,,,,2026-01-31,2025-12-31,2026-01-31,SOUTH AFRICA,HIGH,4393945.536134313,51.0
BANQUE CENTRALE POPULAIRE MOROCCO (MOROCCO),OK,3546366.8615173963,32.82131701532903,85,3546366.8615173963,3546366.8615173963,709273.3723034794,30,,,,,2026-01-31,2025-12-31,2026-01-31,MOROCCO,MID,3546366.8615173963,52.0
SPAR (SOUTH AFRICA),OK,3519175.64071834,5.764669877577727,85,3519175.64071834,3519175.64071834,703835.1281436681,30,,,,,2026-01-31,2025-12-31,2026-01-31,SOUTH AFRICA,HIGH,3519175.64071834,53.0
MAROC TELECOM MOROCCO (MOROCCO),OK,3487578.7433356415,12.3362881195547,85,3487578.7433356415,3487578.7433356415,697515.7486671284,30,,,,,2026-01-31,2025-12-31,2026-01-31,MOROCCO,MID,3487578.7433356415,54.0
LIFE HEALTHCARE (SOUTH AFRICA),OK,3450052.176116201,0.687534972833616,85,3450052.176116201,3450052.176116201,690010.4352232403,30,,,,,2026-01-31,2025-12-31,2026-01-31,SOUTH AFRICA,HIGH,3450052.176116201,55.0
AVI (SOUTH AFRICA),OK,3406230.697460811,6.368300231250788,85,3406230.697460811,3406230.697460811,681246.1394921623,30,,,,,2026-01-31,2025-12-31,2026-01-31,SOUTH AFRICA,HIGH,3406230.697460811,56.0
THUNGELA RESOURSES (SOUTH AFRICA),OK,3228343.953016669,5.79485139526138,86,3228343.953016669,3228343.953016669,645668.7906033339,30,,,,,2026-01-31,2025-12-31,2026-01-31,SOUTH AFRICA,HIGH,3228343.953016669,57.0
TALAAT MOUSTAFA GROUP EGYPT (EGYPT),OK,2910160.7414423283,1.677929770249466,86,2910160.7414423283,2910160.7414423283,582032.1482884657,30,,,,,2026-01-31,2025-12-31,2026-01-31,EGYPT,MID,2910160.7414423283,58.0
ORASCOM INVESTMENT HOLDING EGYPT (EGYPT),OK,2849539.9401912303,0.02474946411117963,86,2849539.9401912303,2849539.9401912303,569907.988038246,30,,,,,2026-01-31,2025-12-31,2026-01-31,EGYPT,MID,2849539.9401912303,59.0
LAFARGEHOLCIM MAROC MOROCCO (MOROCCO),OK,2805827.470738218,208.2455976145014,85,2805827.470738218,2805827.470738218,561165.4941476437,30,,,,,2026-01-31,2025-12-31,2026-01-31,MOROCCO,MID,2805827.470738218,60.0
SANTAM (SOUTH AFRICA),OK,2628936.5802691625,25.80217946775497,85,2628936.5802691625,2628936.5802691625,525787.3160538325,30,,,,,2026-01-31,2025-12-31,2026-01-31,SOUTH AFRICA,HIGH,2628936.5802691625,61.0
HELIOPOLIS CO. FOR HOUSING & DEVELOPMENT (EGYPT),OK,2459722.4112872453,0.07550683966122598,86,2459722.4112872453,2459722.4112872453,491944.48225744907,30,,,,,2026-01-31,2025-12-31,2026-01-31,EGYPT,MID,2459722.4112872453,62.0
QUILTER (SOUTH AFRICA),OK,2415012.466888678,2.44772108414426,85,2415012.466888678,2415012.466888678,483002.4933777356,30,,,,,2026-01-31,2025-12-31,2026-01-31,SOUTH AFRICA,HIGH,2415012.466888678,63.0
SAFARICOM KENYA (KENYA),OK,2030132.7580069602,0.2213287532203919,83,2030132.7580069602,2030132.7580069602,406026.55160139204,30,,,,,2026-01-31,2025-12-31,2026-01-31,KENYA,MID,2030132.7580069602,64.0
PALM HILLS DEVELOPMANT COMPANY EGYPT (EGYPT),OK,1988389.487261987,0.1805871915230988,86,1988389.487261987,1988389.487261987,397677.89745239745,30,,,,,2026-01-31,2025-12-31,2026-01-31,EGYPT,MID,1988389.487261987,65.0
FAWRY EGYPT (EGYPT),ZERO_CONFIRMED,1952139.4733061497,0.3381028487052675,86,1952139.4733061497,1952139.4733061497,390427.89466123,30,,,,,2026-01-31,2025-12-31,2026-01-31,EGYPT,MID,1952139.4733061497,66.0
EFG HOLDING EGYPT (EGYPT),OK,1941929.4447299964,0.5226751234327088,86,1941929.4447299964,1941929.4447299964,388385.8889459993,30,,,,,2026-01-31,2025-12-31,2026-01-31,EGYPT,MID,1941929.4447299964,67.0
GUARANTY TRUST HOLDING COMPANY NIGERIA (NIGERIA),OK,1757606.7548035379,0.06277381356108162,86,1757606.7548035379,1757606.7548035379,351521.3509607076,30,,,,,2026-01-31,2025-12-31,2026-01-31,NIGERIA,MID,1757606.7548035379,68.0
RAYA HOLDING EGYPT (EGYPT),OK,1709608.6784914474,0.07257046256328942,86,1709608.6784914474,1709608.6784914474,341921.73569828947,30,,,,,2026-01-31,2025-12-31,2026-01-31,EGYPT,MID,1709608.6784914474,69.0
TELECOM EGYPT (EGYPT),OK,1642910.9465048043,1.379468012366342,86,1642910.9465048043,1642910.9465048043,328582.18930096086,30,,,,,2026-01-31,2025-12-31,2026-01-31,EGYPT,MID,1642910.9465048043,70.0
RAUBEX (SOUTH AFRICA),OK,1445528.8327893177,2.689776855967158,85,1445528.8327893177,1445528.8327893177,289105.76655786356,30,,,,,2026-01-31,2025-12-31,2026-01-31,SOUTH AFRICA,HIGH,1445528.8327893177,71.0
EASTERN TOBACCO EGYPT (EGYPT),OK,1415789.8601010765,0.77813993095319,86,1415789.8601010765,1415789.8601010765,283157.9720202153,30,,,,,2026-01-31,2025-12-31,2026-01-31,EGYPT,MID,1415789.8601010765,72.0
CORONATION (NAMIBIA),OK,1378693.9074178396,2.856556395607403,85,1378693.9074178396,1378693.9074178396,275738.78148356796,30,,,,,2026-01-31,2025-12-31,2026-01-31,NAMIBIA,LOW,1378693.9074178396,73.0
EQUITY GROUP HOLDINGS KENYA (KENYA),OK,1331072.5644936778,0.5211179639316106,83,1331072.5644936778,1331072.5644936778,266214.5128987356,30,,,,,2026-01-31,2025-12-31,2026-01-31,KENYA,MID,1331072.5644936778,74.0
EGYPT ALUMINIUM (EGYPT),OK,1291606.7965120457,4.939405761171867,86,1291606.7965120457,1291606.7965120457,258321.35930240914,30,,,,,2026-01-31,2025-12-31,2026-01-31,EGYPT,MID,1291606.7965120457,75.0
TAQA MOROCCO (MOROCCO),OK,1283799.1196923903,239.9351450775777,85,1283799.1196923903,1283799.1196923903,256759.82393847808,30,,,,,2026-01-31,2025-12-31,2026-01-31,MOROCCO,MID,1283799.1196923903,76.0
WILSON BAYLY HOLMES OVCON (SOUTH AFRICA),OK,1276704.0293419405,10.08605957952317,85,1276704.0293419405,1276704.0293419405,255340.80586838812,30,,,,,2026-01-31,2025-12-31,2026-01-31,SOUTH AFRICA,HIGH,1276704.0293419405,77.0
ZENITH BANK NIGERIA (NIGERIA),OK,1254220.1537495987,0.04277201409123312,86,1254220.1537495987,1254220.1537495987,250844.03074991974,30,,,,,2026-01-31,2025-12-31,2026-01-31,NIGERIA,MID,1254220.1537495987,78.0
NINETY ONE (SOUTH AFRICA),OK,1216728.4625394244,2.885956720910902,85,1216728.4625394244,1216728.4625394244,243345.6925078849,30,,,,,2026-01-31,2025-12-31,2026-01-31,SOUTH AFRICA,HIGH,1216728.4625394244,79.0
ABU QIR FERTILIZERS EGYPT (EGYPT),OK,1142955.6377113322,1.069680228534035,86,1142955.6377113322,1142955.6377113322,228591.12754226645,30,,,,,2026-01-31,2025-12-31,2026-01-31,EGYPT,MID,1142955.6377113322,80.0
ABU DHABI ISLAMIC BANK EGYPT (EGYPT),OK,1103590.1163085094,0.627126251630738,86,1103590.1163085094,1103590.1163085094,220718.0232617019,30,,,,,2026-01-31,2025-12-31,2026-01-31,EGYPT,MID,1103590.1163085094,81.0
KCB GROUP KENYA (KENYA),OK,1088691.3383013054,0.513310953236006,83,1088691.3383013054,1088691.3383013054,217738.2676602611,30,,,,,2026-01-31,2025-12-31,2026-01-31,KENYA,MID,1088691.3383013054,82.0
CIH BANK (MOROCCO),OK,1079226.34419069,46.96843641848809,85,1079226.34419069,1079226.34419069,215845.268838138,30,,,,,2026-01-31,2025-12-31,2026-01-31,MOROCCO,MID,1079226.34419069,83.0
PSG KONSULT (SOUTH AFRICA),OK,1064625.7856483648,1.64489271375909,85,1064625.7856483648,1064625.7856483648,212925.15712967297,30,,,,,2026-01-31,2025-12-31,2026-01-31,SOUTH AFRICA,HIGH,1064625.7856483648,84.0
FIRST HOLDCO NIGERIA (NIGERIA),OK,1045710.3281657076,0.03315177143964509,86,1045710.3281657076,1045710.3281657076,209142.06563314155,30,,,,,2026-01-31,2025-12-31,2026-01-31,NIGERIA,MID,1045710.3281657076,85.0
EMAAR MISR EGYPT (EGYPT),ZERO_CONFIRMED,958458.6827029026,0.2034489846427478,86,958458.6827029026,958458.6827029026,191691.73654058052,30,,,,,2026-01-31,2025-12-31,2026-01-31,EGYPT,MID,958458.6827029026,86.0
ALEXANDRIA CONTAINERS AND GOODS (EGYPT),OK,935175.481831187,0.5134465096963367,86,935175.481831187,935175.481831187,187035.0963662374,30,,,,,2026-01-31,2025-12-31,2026-01-31,EGYPT,MID,935175.481831187,87.0
BANK OF AFRICA MOROCCO (MOROCCO),OK,812139.7779971202,25.46481492568632,85,812139.7779971202,812139.7779971202,162427.95559942405,30,,,,,2026-01-31,2025-12-31,2026-01-31,MOROCCO,MID,812139.7779971202,88.0
EDITA FOOD INDUSTRIES COMPANY (EGYPT),OK,802821.0203529549,0.576788358523254,86,802821.0203529549,802821.0203529549,160564.204070591,30,,,,,2026-01-31,2025-12-31,2026-01-31,EGYPT,MID,802821.0203529549,89.0
CRDB BANK PLC TANZANIA (TANZANIA),OK,786569.365015881,0.6193577219942024,83,786569.365015881,786569.365015881,157313.8730031762,30,,,,,2026-01-31,2025-12-31,2026-01-31,TANZANIA,LOW,786569.365015881,90.0
CIMENTS DU MAROC MOROCCO (MOROCCO),OK,754883.8014653584,209.3773671667541,85,754883.8014653584,754883.8014653584,150976.76029307168,30,,,,,2026-01-31,2025-12-31,2026-01-31,MOROCCO,MID,754883.8014653584,91.0
HULAMIN LIMITED (SOUTH AFRICA),OK,746210.6697340625,14.77196606427192,84,746210.6697340625,746210.6697340625,149242.1339468125,30,,,,,2026-01-31,2025-12-31,2026-01-31,SOUTH AFRICA,HIGH,746210.6697340625,92.0
MTN NIGERIA (NIGERIA),OK,715050.0542328389,0.3536650356087399,86,715050.0542328389,715050.0542328389,143010.01084656778,30,,,,,2026-01-31,2025-12-31,2026-01-31,NIGERIA,MID,715050.0542328389,93.0
COSUMAR MOROCCO (MOROCCO),OK,713937.2399447213,23.03151038834296,85,713937.2399447213,713937.2399447213,142787.44798894427,30,,,,,2026-01-31,2025-12-31,2026-01-31,MOROCCO,MID,713937.2399447213,94.0
IBNSINA PHARMA (EGYPT),OK,708368.7983466964,0.2458167113415468,86,708368.7983466964,708368.7983466964,141673.75966933928,30,,,,,2026-01-31,2025-12-31,2026-01-31,EGYPT,MID,708368.7983466964,95.0
MCB GROUP LTD MAURITIUS (MAURITIUS),OK,666674.3691565221,9.666666666666666,87,666674.3691565221,666674.3691565221,133334.87383130443,30,,,,,2026-01-31,2025-12-31,2026-01-31,MAURITIUS,LOW,666674.3691565221,96.0
SONATEL SENEGAL (SENEGAL),OK,655549.5467677654,46.74312950262769,87,655549.5467677654,655549.5467677654,131109.90935355308,30,,,,,2026-01-31,2025-12-31,2026-01-31,SENEGAL,LOW,655549.5467677654,97.0
GB AUTO EGYPT (EGYPT),OK,601731.0896676768,0.5663012974591949,86,601731.0896676768,601731.0896676768,120346.21793353537,30,,,,,2026-01-31,2025-12-31,2026-01-31,EGYPT,MID,601731.0896676768,98.0
MANAGEM MOROCCO (MOROCCO),OK,570822.6492089466,724.332513441744,85,570822.6492089466,570822.6492089466,114164.52984178934,30,,,,,2026-01-31,2025-12-31,2026-01-31,MOROCCO,MID,570822.6492089466,99.0
MTN GHANA (GHANA),OK,559338.530459028,0.4005046358411599,85,559338.530459028,559338.530459028,111867.7060918056,30,,,,,2026-01-31,2025-12-31,2026-01-31,GHANA,LOW,559338.530459028,100.0
JUHAYNA FOOD INDUSTRIES (EGYPT),OK,555779.9461982952,0.5302258073988314,86,555779.9461982952,555779.9461982952,111155.98923965904,30,,,,,2026-01-31,2025-12-31,2026-01-31,EGYPT,MID,555779.9461982952,101.0
ARABIAN CEMENT COMPANY (EGYPT),OK,547958.8862008054,1.065485404108411,86,547958.8862008054,547958.8862008054,109591.77724016109,30,,,,,2026-01-31,2025-12-31,2026-01-31,EGYPT,MID,547958.8862008054,102.0
