Date,Country,Weight
2019-04-30,SOUTH AFRICA,0.9999999999999999
2019-07-31,EGYPT,0.24043116685083643
2019-07-31,KENYA,0.09556506494904715
2019-07-31,MOROCCO,0.24999999999999997
2019-07-31,NIGERIA,0.16400376820011653
2019-07-31,SOUTH AFRICA,0.25
2019-10-31,EGYPT,0.24999999999999997
2019-10-31,KENYA,0.0700338428185726
2019-10-31,MAURITIUS,0.011117543595808702
2019-10-31,MOROCCO,0.07205900801282691
2019-10-31,NIGERIA,0.09678960557279194
2019-10-31,SOUTH AFRICA,0.24999999999999997
2019-10-31,ZIMBABWE,0.25
2020-01-31,EGYPT,0.20337778938281934
2020-01-31,KENYA,0.06250478201182588
2020-01-31,MOROCCO,0.17256822903791896
2020-01-31,NIGERIA,0.06154919956743574
2020-01-31,SOUTH AFRICA,0.24999999999999997
2020-01-31,ZIMBABWE,0.24999999999999994
2020-04-30,EGYPT,0.19084612155972666
2020-04-30,KENYA,0.05822738043639562
2020-04-30,MAURITIUS,0.010540138836436515
2020-04-30,MOROCCO,0.14219525067646985
2020-04-30,NIGERIA,0.09819110849097135
2020-04-30,SOUTH AFRICA,0.24999999999999992
2020-04-30,ZIMBABWE,0.24999999999999992
2020-07-31,EGYPT,0.24999999999999997
2020-07-31,KENYA,0.056558530019191644
2020-07-31,MAURITIUS,0.007688479088570712
2020-07-31,MOROCCO,0.1222703871811354
2020-07-31,NIGERIA,0.06348260371110251
2020-07-31,SOUTH AFRICA,0.24999999999999994
2020-07-31,ZIMBABWE,0.24999999999999994
2020-10-31,EGYPT,0.25
2020-10-31,KENYA,0.23327403613780992
2020-10-31,MOROCCO,0.11643472327833385
2020-10-31,NIGERIA,0.15029124058385634
2020-10-31,SOUTH AFRICA,0.24999999999999997
2021-01-31,EGYPT,0.23914788866042008
2021-01-31,KENYA,0.03590341584439728
2021-01-31,MOROCCO,0.13938096331272287
2021-01-31,NIGERIA,0.07605358383493295
2021-01-31,SENEGAL,0.00951414834752687
2021-01-31,SOUTH AFRICA,0.24999999999999997
2021-01-31,ZIMBABWE,0.25
2021-04-30,EGYPT,0.2022302289813537
2021-04-30,KENYA,0.061923489104452126
2021-04-30,MAURITIUS,0.013965809380947996
2021-04-30,MOROCCO,0.09884973753342177
2021-04-30,NIGERIA,0.12303073499982446
2021-04-30,SOUTH AFRICA,0.24999999999999997
2021-04-30,ZIMBABWE,0.25
2021-07-31,EGYPT,0.24999999999999997
2021-07-31,KENYA,0.07799612219774728
2021-07-31,MOROCCO,0.14771179174419166
2021-07-31,NIGERIA,0.024292086058061067
2021-07-31,SOUTH AFRICA,0.24999999999999992
2021-07-31,ZIMBABWE,0.24999999999999994
2021-10-31,EGYPT,0.24999999999999994
2021-10-31,KENYA,0.05625900895935968
2021-10-31,MOROCCO,0.15390006936349168
2021-10-31,NIGERIA,0.03984092167714872
2021-10-31,SOUTH AFRICA,0.24999999999999992
2021-10-31,ZIMBABWE,0.24999999999999994
2022-01-31,EGYPT,0.2382072241742214
2022-01-31,KENYA,0.040449645874293685
2022-01-31,MAURITIUS,0.004436475298234275
2022-01-31,MOROCCO,0.17656615643827522
2022-01-31,NIGERIA,0.04034049821497545
2022-01-31,SOUTH AFRICA,0.25
2022-01-31,ZIMBABWE,0.25
2022-04-30,EGYPT,0.24999999999999992
2022-04-30,GHANA,0.015272278476912919
2022-04-30,KENYA,0.051757218965853405
2022-04-30,MOROCCO,0.12448970864349065
2022-04-30,NIGERIA,0.058480793913743154
2022-04-30,SOUTH AFRICA,0.24999999999999992
2022-04-30,ZIMBABWE,0.24999999999999994
2022-07-31,EGYPT,0.21281885931181624
2022-07-31,KENYA,0.04558826488029277
2022-07-31,MOROCCO,0.16490754021418236
2022-07-31,NIGERIA,0.07668533559370869
2022-07-31,SOUTH AFRICA,0.24999999999999994
2022-07-31,ZIMBABWE,0.24999999999999994
2022-10-31,EGYPT,0.24999999999999997
2022-10-31,KENYA,0.042672153149950605
2022-10-31,MOROCCO,0.1307839698220714
2022-10-31,NIGERIA,0.07654387702797805
2022-10-31,SOUTH AFRICA,0.24999999999999994
2022-10-31,ZIMBABWE,0.24999999999999997
2023-01-31,EGYPT,0.24999999999999994
2023-01-31,KENYA,0.01769406851393284
2023-01-31,MOROCCO,0.21125426895892627
2023-01-31,NIGERIA,0.02105166252714095
2023-01-31,SOUTH AFRICA,0.24999999999999997
2023-01-31,ZIMBABWE,0.24999999999999997
2023-04-30,EGYPT,0.24999999999999994
2023-04-30,KENYA,0.038605567992112434
2023-04-30,MOROCCO,0.10956006551460272
2023-04-30,NIGERIA,0.08281711743548192
2023-04-30,SOUTH AFRICA,0.24999999999999992
2023-04-30,TUNISIA,0.019017249057803214
2023-04-30,ZIMBABWE,0.24999999999999992
2023-07-31,EGYPT,0.24999999999999997
2023-07-31,KENYA,0.008009033885805882
2023-07-31,MAURITIUS,0.0059608775871756205
2023-07-31,MOROCCO,0.11695999191114442
2023-07-31,NIGERIA,0.11209021336314325
2023-07-31,SOUTH AFRICA,0.25
2023-07-31,TUNISIA,0.0069798832527308416
2023-07-31,ZIMBABWE,0.25
2023-10-31,EGYPT,0.24999999999999994
2023-10-31,KENYA,0.01731679283366942
2023-10-31,MOROCCO,0.11199656599248539
2023-10-31,NIGERIA,0.12068664117384527
2023-10-31,SOUTH AFRICA,0.24999999999999994
2023-10-31,ZIMBABWE,0.24999999999999997
2024-01-31,EGYPT,0.24999999999999992
2024-01-31,GHANA,0.007342985121802683
2024-01-31,KENYA,0.009654374292784174
2024-01-31,MOROCCO,0.17612116772607744
2024-01-31,NIGERIA,0.05688147285933571
2024-01-31,SOUTH AFRICA,0.24999999999999992
2024-01-31,ZIMBABWE,0.24999999999999992
2024-04-30,EGYPT,0.25
2024-04-30,GHANA,0.01652793278583129
2024-04-30,KENYA,0.05736306444512067
2024-04-30,MOROCCO,0.11741206037560292
2024-04-30,NIGERIA,0.05869694239344521
2024-04-30,SOUTH AFRICA,0.25
2024-04-30,ZIMBABWE,0.25
2024-07-31,EGYPT,0.25
2024-07-31,KENYA,0.06844258486161106
2024-07-31,MOROCCO,0.24999999999999997
2024-07-31,NIGERIA,0.11213332020196516
2024-07-31,SOUTH AFRICA,0.25
2024-07-31,TUNISIA,0.046857360178478594
2024-07-31,ZIMBABWE,0.022566734757945375
2024-10-31,EGYPT,0.24999999999999994
2024-10-31,KENYA,0.08346296212637559
2024-10-31,MOROCCO,0.24999999999999992
2024-10-31,NIGERIA,0.16653703787362437
2024-10-31,SOUTH AFRICA,0.24999999999999994
2025-01-31,EGYPT,0.25
2025-01-31,KENYA,0.14718201097434727
2025-01-31,MOROCCO,0.25
2025-01-31,NIGERIA,0.041985186924708456
2025-01-31,SOUTH AFRICA,0.25
2025-01-31,ZIMBABWE,0.06083280210094425
2025-04-30,EGYPT,0.25
2025-04-30,KENYA,0.11151536493271642
2025-04-30,MAURITIUS,0.037639828579223995
2025-04-30,MOROCCO,0.25
2025-04-30,NIGERIA,0.10084480648805966
2025-04-30,SOUTH AFRICA,0.25
2025-07-31,EGYPT,0.24999999999999994
2025-07-31,KENYA,0.04047776441667518
2025-07-31,MAURITIUS,0.01416269188308218
2025-07-31,MOROCCO,0.24999999999999997
2025-07-31,NIGERIA,0.13874459397401212
2025-07-31,SENEGAL,0.012843128818939177
2025-07-31,SOUTH AFRICA,0.24999999999999994
2025-07-31,TANZANIA,0.01326595245802757
2025-07-31,TUNISIA,0.01572256321463347
2025-07-31,ZIMBABWE,0.014783305234630333
2025-10-31,EGYPT,0.25
2025-10-31,GHANA,0.012271631672103605
2025-10-31,KENYA,0.10165654486160527
2025-10-31,MAURITIUS,0.01142009219418303
2025-10-31,MOROCCO,0.25
2025-10-31,NIGERIA,0.09406374460082889
2025-10-31,SOUTH AFRICA,0.25
2025-10-31,TUNISIA,0.01331491126914562
2025-10-31,ZIMBABWE,0.017273075402133662
2026-01-31,EGYPT,0.25
2026-01-31,GHANA,0.011760083363225213
2026-01-31,KENYA,0.09355900378581493
2026-01-31,MAURITIUS,0.014016817598766471
2026-01-31,MOROCCO,0.25
2026-01-31,NIGERIA,0.10034356895420825
2026-01-31,SENEGAL,0.01378291839181306
2026-01-31,SOUTH AFRICA,0.25
2026-01-31,TANZANIA,0.01653760790617206
