Date,ObservationDate,ImplementationDate,Company,Country,Weight,Liquidity,AvgDailyValue30d,AvgDailyValue30dUSD,InvestableCapacity20USD,TradeCount30,Rank,Dividend_Status,Price,Trading Days (90d),StaleVolumeDays30d,ClippedValueDays30d,MedianTradedValueUSD,TradedValueCapUSD,Regime,RawLiquidity
2026-01-31,2025-12-31,2026-01-31,MARSA MAROC MOROCCO (MOROCCO),MOROCCO,0.05237699688781658,5420773.640564676,5420773.640564676,5420773.640564676,1084154.728112935,30,47,OK,107.5181074640089,85,,,,,MID,5420773.640564676
2026-01-31,2025-12-31,2026-01-31,ATTIJARIWAFA BANK MOROCCO (MOROCCO),MOROCCO,0.05216151601289989,5398472.380160305,5398472.380160305,5398472.380160305,1079694.476032061,30,48,OK,82.63049500997147,85,,,,,MID,5398472.380160305
2026-01-31,2025-12-31,2026-01-31,COMMERCIAL INTERNATIONAL BANK EGYPT (EGYPT),EGYPT,0.03980695292482517,6292655.221301473,6292655.221301473,6292655.221301473,1258531.044260295,30,44,OK,2.160334579196188,86,,,,,MID,6292655.221301473
2026-01-31,2025-12-31,2026-01-31,SAFARICOM KENYA (KENYA),KENYA,0.03824865061574171,2030132.75800696,2030132.75800696,2030132.75800696,406026.551601392,30,64,OK,0.2213287532203919,83,,,,,MID,2030132.75800696
2026-01-31,2025-12-31,2026-01-31,BELTONE HOLDING EGYPT (EGYPT),EGYPT,0.03611182594179119,5708532.137400225,5708532.137400225,5708532.137400225,1141706.427480045,30,46,ZERO_CONFIRMED,0.07173149767816468,86,,,,,MID,5708532.137400225
2026-01-31,2025-12-31,2026-01-31,BANQUE CENTRALE POPULAIRE MOROCCO (MOROCCO),MOROCCO,0.0342659661489579,3546366.861517396,3546366.861517396,3546366.861517396,709273.3723034794,30,52,OK,32.82131701532903,85,,,,,MID,3546366.861517396
2026-01-31,2025-12-31,2026-01-31,MAROC TELECOM MOROCCO (MOROCCO),MOROCCO,0.03369793927913908,3487578.743335641,3487578.743335641,3487578.743335641,697515.7486671284,30,54,OK,12.3362881195547,85,,,,,MID,3487578.743335641
2026-01-31,2025-12-31,2026-01-31,GUARANTY TRUST HOLDING COMPANY NIGERIA (NIGERIA),NIGERIA,0.03311413326010556,1757606.754803538,1757606.754803538,1757606.754803538,351521.3509607076,30,68,OK,0.06277381356108162,86,,,,,MID,1757606.754803538
2026-01-31,2025-12-31,2026-01-31,LAFARGEHOLCIM MAROC MOROCCO (MOROCCO),MOROCCO,0.02711067210091015,2805827.470738218,2805827.470738218,2805827.470738218,561165.4941476437,30,60,OK,208.2455976145014,85,,,,,MID,2805827.470738218
2026-01-31,2025-12-31,2026-01-31,CORONATION (NAMIBIA),NAMIBIA,0.02597523800495016,1378693.90741784,1378693.90741784,1378693.90741784,275738.781483568,30,73,OK,2.856556395607403,85,,,,,LOW,1378693.90741784
2026-01-31,2025-12-31,2026-01-31,EQUITY GROUP HOLDINGS KENYA (KENYA),KENYA,0.02507802963265295,1331072.564493678,1331072.564493678,1331072.564493678,266214.5128987356,30,74,OK,0.5211179639316106,83,,,,,MID,1331072.564493678
2026-01-31,2025-12-31,2026-01-31,ZENITH BANK NIGERIA (NIGERIA),NIGERIA,0.0236300942718081,1254220.153749599,1254220.153749599,1254220.153749599,250844.0307499197,30,78,OK,0.04277201409123312,86,,,,,MID,1254220.153749599
2026-01-31,2025-12-31,2026-01-31,KCB GROUP KENYA (KENYA),KENYA,0.02051145397404997,1088691.338301305,1088691.338301305,1088691.338301305,217738.2676602611,30,82,OK,0.513310953236006,83,,,,,MID,1088691.338301305
2026-01-31,2025-12-31,2026-01-31,FIRST HOLDCO NIGERIA (NIGERIA),NIGERIA,0.01970167164168563,1045710.328165708,1045710.328165708,1045710.328165708,209142.0656331416,30,85,OK,0.03315177143964509,86,,,,,MID,1045710.328165708
2026-01-31,2025-12-31,2026-01-31,TALAAT MOUSTAFA GROUP EGYPT (EGYPT),EGYPT,0.01840949925972738,2910160.741442328,2910160.741442328,2910160.741442328,582032.1482884657,30,58,OK,1.677929770249466,86,,,,,MID,2910160.741442328
2026-01-31,2025-12-31,2026-01-31,ORASCOM INVESTMENT HOLDING EGYPT (EGYPT),EGYPT,0.01802601577035728,2849539.94019123,2849539.94019123,2849539.94019123,569907.988038246,30,59,OK,0.02474946411117963,86,,,,,MID,2849539.94019123
2026-01-31,2025-12-31,2026-01-31,HELIOPOLIS CO. FOR HOUSING & DEVELOPMENT (EGYPT),EGYPT,0.01556005387086786,2459722.411287245,2459722.411287245,2459722.411287245,491944.4822574491,30,62,OK,0.07550683966122598,86,,,,,MID,2459722.411287245
2026-01-31,2025-12-31,2026-01-31,CRDB BANK PLC TANZANIA (TANZANIA),TANZANIA,0.0148193347005906,786569.365015881,786569.365015881,786569.365015881,157313.8730031762,30,90,OK,0.6193577219942024,83,,,,,LOW,786569.365015881
2026-01-31,2025-12-31,2026-01-31,MTN NIGERIA (NIGERIA),NIGERIA,0.01347187743720219,715050.0542328389,715050.0542328389,715050.0542328389,143010.0108465678,30,93,OK,0.3536650356087399,86,,,,,MID,715050.0542328389
2026-01-31,2025-12-31,2026-01-31,ANGLOGOLD ASHANTI ADR (SOUTH AFRICA),SOUTH AFRICA,0.01321706174575021,88350536.61082894,88350536.61082894,88350536.61082894,17670107.32216579,30,4,OK,86.50928413665467,85,,,,,HIGH,88350536.61082894
2026-01-31,2025-12-31,2026-01-31,BLUE LABEL TELECOMS (SOUTH AFRICA),SOUTH AFRICA,0.01321706174575021,173597509.4667697,173597509.4667697,173597509.4667697,34719501.89335393,30,2,OK,63.62263927714058,85,,,,,HIGH,173597509.4667697
2026-01-31,2025-12-31,2026-01-31,GOLD FIELDS (SOUTH AFRICA),SOUTH AFRICA,0.01321706174575021,86587037.67603363,86587037.67603363,86587037.67603363,17317407.53520673,30,5,OK,43.80605839640768,85,,,,,HIGH,86587037.67603363
2026-01-31,2025-12-31,2026-01-31,NASPERS (SOUTH AFRICA),SOUTH AFRICA,0.01321706174575021,132863970.5701644,132863970.5701644,132863970.5701644,26572794.11403288,30,3,OK,66.6715761935432,85,,,,,HIGH,132863970.5701644
2026-01-31,2025-12-31,2026-01-31,REDEFINE PROPERTIES (SOUTH AFRICA),SOUTH AFRICA,0.01321706174575021,383513362.3187276,383513362.3187276,383513362.3187276,76702672.46374552,30,1,OK,36.21782122038363,85,,,,,HIGH,383513362.3187276
2026-01-31,2025-12-31,2026-01-31,PALM HILLS DEVELOPMANT COMPANY EGYPT (EGYPT),EGYPT,0.0125784305562644,1988389.487261987,1988389.487261987,1988389.487261987,397677.8974523974,30,65,OK,0.1805871915230988,86,,,,,MID,1988389.487261987
2026-01-31,2025-12-31,2026-01-31,MCB GROUP LTD MAURITIUS (MAURITIUS),MAURITIUS,0.01256045690596674,666674.3691565221,666674.3691565221,666674.3691565221,133334.8738313044,30,96,OK,9.666666666666666,87,,,,,LOW,666674.3691565221
2026-01-31,2025-12-31,2026-01-31,TAQA MOROCCO (MOROCCO),MOROCCO,0.01240441806931925,1283799.11969239,1283799.11969239,1283799.11969239,256759.8239384781,30,76,OK,239.9351450775777,85,,,,,MID,1283799.11969239
2026-01-31,2025-12-31,2026-01-31,SONATEL SENEGAL (SENEGAL),SENEGAL,0.01235086004929246,655549.5467677654,655549.5467677654,655549.5467677654,131109.9093535531,30,97,OK,46.74312950262769,87,,,,,LOW,655549.5467677654
2026-01-31,2025-12-31,2026-01-31,FAWRY EGYPT (EGYPT),EGYPT,0.01234911518011293,1952139.47330615,1952139.47330615,1952139.47330615,390427.89466123,30,66,ZERO_CONFIRMED,0.3381028487052675,86,,,,,MID,1952139.47330615
2026-01-31,2025-12-31,2026-01-31,EFG HOLDING EGYPT (EGYPT),EGYPT,0.01228452716240043,1941929.444729996,1941929.444729996,1941929.444729996,388385.8889459993,30,67,OK,0.5226751234327088,86,,,,,MID,1941929.444729996
2026-01-31,2025-12-31,2026-01-31,PPC (SOUTH AFRICA),SOUTH AFRICA,0.01210950550690235,66421726.10623161,66421726.10623161,66421726.10623161,13284345.22124632,30,6,OK,33.74293677032409,85,,,,,HIGH,66421726.10623161
2026-01-31,2025-12-31,2026-01-31,GRINDROD (SOUTH AFRICA),SOUTH AFRICA,0.01109488778169864,60856456.68977235,60856456.68977235,60856456.68977235,12171291.33795447,30,7,OK,102.6171601244203,85,,,,,HIGH,60856456.68977235
2026-01-31,2025-12-31,2026-01-31,RAYA HOLDING EGYPT (EGYPT),EGYPT,0.01081488017239666,1709608.678491447,1709608.678491447,1709608.678491447,341921.7356982895,30,69,OK,0.07257046256328942,86,,,,,MID,1709608.678491447
2026-01-31,2025-12-31,2026-01-31,FIRSTRAND (SOUTH AFRICA),SOUTH AFRICA,0.01062774745090542,58294149.98885582,58294149.98885582,58294149.98885582,11658829.99777116,30,8,OK,5.477945459583024,85,,,,,HIGH,58294149.98885582
2026-01-31,2025-12-31,2026-01-31,MTN GHANA (GHANA),GHANA,0.01053819950595389,559338.530459028,559338.530459028,559338.530459028,111867.7060918056,30,100,OK,0.4005046358411599,85,,,,,LOW,559338.530459028
2026-01-31,2025-12-31,2026-01-31,CIH BANK (MOROCCO),MOROCCO,0.01042777998474718,1079226.34419069,1079226.34419069,1079226.34419069,215845.268838138,30,83,OK,46.96843641848809,85,,,,,MID,1079226.34419069
2026-01-31,2025-12-31,2026-01-31,TELECOM EGYPT (EGYPT),EGYPT,0.01039295439003419,1642910.946504804,1642910.946504804,1642910.946504804,328582.1893009609,30,70,OK,1.379468012366342,86,,,,,MID,1642910.946504804
2026-01-31,2025-12-31,2026-01-31,PROSUS (SOUTH AFRICA),SOUTH AFRICA,0.009646673106822852,52912869.032721,52912869.032721,52912869.032721,10582573.8065442,30,9,OK,61.78277395914509,85,,,,,HIGH,52912869.032721
2026-01-31,2025-12-31,2026-01-31,CAPITEC BANK (SOUTH AFRICA),SOUTH AFRICA,0.00951574578200043,52194720.8883381,52194720.8883381,52194720.8883381,10438944.17766762,30,10,OK,250.8567023794505,85,,,,,HIGH,52194720.8883381
2026-01-31,2025-12-31,2026-01-31,EASTERN TOBACCO EGYPT (EGYPT),EGYPT,0.008956200257358469,1415789.860101077,1415789.860101077,1415789.860101077,283157.9720202153,30,72,OK,0.77813993095319,86,,,,,MID,1415789.860101077
2026-01-31,2025-12-31,2026-01-31,STANDARD BANK GROUP (SOUTH AFRICA),SOUTH AFRICA,0.008375946414800555,45942818.91421922,45942818.91421922,45942818.91421922,9188563.782843843,30,11,OK,17.52942547066568,85,,,,,HIGH,45942818.91421922
2026-01-31,2025-12-31,2026-01-31,EGYPT ALUMINIUM (EGYPT),EGYPT,0.008170625775283678,1291606.796512046,1291606.796512046,1291606.796512046,258321.3593024091,30,75,OK,4.939405761171867,86,,,,,MID,1291606.796512046
2026-01-31,2025-12-31,2026-01-31,BANK OF AFRICA MOROCCO (MOROCCO),MOROCCO,0.007847116564010619,812139.7779971202,812139.7779971202,812139.7779971202,162427.9555994241,30,88,OK,25.46481492568632,85,,,,,MID,812139.7779971202
2026-01-31,2025-12-31,2026-01-31,NORTHAM PLATINUM HOLDINGS (SOUTH AFRICA),SOUTH AFRICA,0.007657418797707349,42001630.35328874,42001630.35328874,42001630.35328874,8400326.070657749,30,12,OK,20.34898285267254,85,,,,,HIGH,42001630.35328874
2026-01-31,2025-12-31,2026-01-31,MTN GROUP (SOUTH AFRICA),SOUTH AFRICA,0.007580231117039279,41578248.98720508,41578248.98720508,41578248.98720508,8315649.797441017,30,13,OK,10.23153449475838,85,,,,,HIGH,41578248.98720508
2026-01-31,2025-12-31,2026-01-31,SIBANYE STILLWATER (SOUTH AFRICA),SOUTH AFRICA,0.007329446950183322,40202675.29154995,40202675.29154995,40202675.29154995,8040535.058309991,30,14,OK,3.651963639722016,85,,,,,HIGH,40202675.29154995
2026-01-31,2025-12-31,2026-01-31,CIMENTS DU MAROC MOROCCO (MOROCCO),MOROCCO,0.007293893665682659,754883.8014653584,754883.8014653584,754883.8014653584,150976.7602930717,30,91,OK,209.3773671667541,85,,,,,MID,754883.8014653584
2026-01-31,2025-12-31,2026-01-31,ABU QIR FERTILIZERS EGYPT (EGYPT),EGYPT,0.007230267616049131,1142955.637711332,1142955.637711332,1142955.637711332,228591.1275422664,30,80,OK,1.069680228534035,86,,,,,MID,1142955.637711332
2026-01-31,2025-12-31,2026-01-31,ABU DHABI ISLAMIC BANK EGYPT (EGYPT),EGYPT,0.006981243729909815,1103590.116308509,1103590.116308509,1103590.116308509,220718.0232617019,30,81,OK,0.627126251630738,86,,,,,MID,1103590.116308509
2026-01-31,2025-12-31,2026-01-31,HARMONY GOLD MINING COMPANY (SOUTH AFRICA),SOUTH AFRICA,0.00693901744928655,38061134.38737542,38061134.38737542,38061134.38737542,7612226.877475085,30,15,OK,20.34717196161152,85,,,,,HIGH,38061134.38737542
2026-01-31,2025-12-31,2026-01-31,COSUMAR MOROCCO (MOROCCO),MOROCCO,0.006898256793985174,713937.2399447213,713937.2399447213,713937.2399447213,142787.4479889443,30,94,OK,23.03151038834296,85,,,,,MID,713937.2399447213
2026-01-31,2025-12-31,2026-01-31,IMPALA PLATINUM HOLDINGS (SOUTH AFRICA),SOUTH AFRICA,0.006806889381827508,37336400.06170806,37336400.06170806,37336400.06170806,7467280.012341613,30,16,OK,15.81511526623419,85,,,,,HIGH,37336400.06170806
2026-01-31,2025-12-31,2026-01-31,BRITISH AMERICAN TOBACCO (SOUTH AFRICA),SOUTH AFRICA,0.006261604878875638,34345465.5529127,34345465.5529127,34345465.5529127,6869093.11058254,30,17,OK,56.81489614841581,85,,,,,HIGH,34345465.5529127
2026-01-31,2025-12-31,2026-01-31,ABSA (SOUTH AFRICA),SOUTH AFRICA,0.006103522378837146,33478368.83176583,33478368.83176583,33478368.83176583,6695673.766353166,30,18,OK,14.44849614551838,85,,,,,HIGH,33478368.83176583
2026-01-31,2025-12-31,2026-01-31,EMAAR MISR EGYPT (EGYPT),EGYPT,0.006063151137470609,958458.6827029026,958458.6827029026,958458.6827029026,191691.7365405805,30,86,ZERO_CONFIRMED,0.2034489846427478,86,,,,,MID,958458.6827029026
2026-01-31,2025-12-31,2026-01-31,ALEXANDRIA CONTAINERS AND GOODS (EGYPT),EGYPT,0.005915863029598088,935175.481831187,935175.481831187,935175.481831187,187035.0963662374,30,87,OK,0.5134465096963367,86,,,,,MID,935175.481831187
2026-01-31,2025-12-31,2026-01-31,MANAGEM MOROCCO (MOROCCO),MOROCCO,0.00551544449253147,570822.6492089466,570822.6492089466,570822.6492089466,114164.5298417893,30,99,OK,724.332513441744,85,,,,,MID,570822.6492089466
2026-01-31,2025-12-31,2026-01-31,ANGLO AMERICAN (SOUTH AFRICA),SOUTH AFRICA,0.00540409874736875,29641967.3490513,29641967.3490513,29641967.3490513,5928393.46981026,30,19,OK,41.35471553014138,85,,,,,HIGH,29641967.3490513
2026-01-31,2025-12-31,2026-01-31,EDITA FOOD INDUSTRIES COMPANY (EGYPT),EGYPT,0.005078596783130368,802821.0203529549,802821.0203529549,802821.0203529549,160564.204070591,30,89,OK,0.576788358523254,86,,,,,MID,802821.0203529549
2026-01-31,2025-12-31,2026-01-31,OLD MUTUAL (SOUTH AFRICA),SOUTH AFRICA,0.004949871155255401,27150488.18038922,27150488.18038922,27150488.18038922,5430097.636077845,30,20,OK,0.8994092269728602,85,,,,,HIGH,27150488.18038922
2026-01-31,2025-12-31,2026-01-31,IBNSINA PHARMA (EGYPT),EGYPT,0.00448109779060323,708368.7983466964,708368.7983466964,708368.7983466964,141673.7596693393,30,95,OK,0.2458167113415468,86,,,,,MID,708368.7983466964
2026-01-31,2025-12-31,2026-01-31,SHOPRITE HOLDINGS (SOUTH AFRICA),SOUTH AFRICA,0.004181820644323283,22937662.09564067,22937662.09564067,22937662.09564067,4587532.419128135,30,21,OK,16.31190304730712,85,,,,,HIGH,22937662.09564067
2026-01-31,2025-12-31,2026-01-31,PEPKOR HOLDINGS LTD (SOUTH AFRICA),SOUTH AFRICA,0.003913356105697426,21465109.97171799,21465109.97171799,21465109.97171799,4293021.994343597,30,22,OK,1.596602285465245,86,,,,,HIGH,21465109.97171799
2026-01-31,2025-12-31,2026-01-31,GB AUTO EGYPT (EGYPT),EGYPT,0.00380651415299548,601731.0896676768,601731.0896676768,601731.0896676768,120346.2179335354,30,98,OK,0.5663012974591949,86,,,,,MID,601731.0896676768
2026-01-31,2025-12-31,2026-01-31,BID CORP (SOUTH AFRICA),SOUTH AFRICA,0.003799293001078895,20839463.59090747,20839463.59090747,20839463.59090747,4167892.718181495,30,23,OK,25.4653537304054,85,,,,,HIGH,20839463.59090747
2026-01-31,2025-12-31,2026-01-31,BID CORPORATION (SOUTH AFRICA),SOUTH AFRICA,0.003799293001078895,20839463.59090747,20839463.59090747,20839463.59090747,4167892.718181495,30,24,OK,25.4653537304054,85,,,,,HIGH,20839463.59090747
2026-01-31,2025-12-31,2026-01-31,DISCOVERY HOLDINGS (SOUTH AFRICA),SOUTH AFRICA,0.003649040147368287,20015313.18359669,20015313.18359669,20015313.18359669,4003062.636719339,30,25,OK,13.73741958889151,85,,,,,HIGH,20015313.18359669
2026-01-31,2025-12-31,2026-01-31,JUHAYNA FOOD INDUSTRIES (EGYPT),EGYPT,0.003515830023546347,555779.9461982952,555779.9461982952,555779.9461982952,111155.989239659,30,101,OK,0.5302258073988314,86,,,,,MID,555779.9461982952
2026-01-31,2025-12-31,2026-01-31,ARABIAN CEMENT COMPANY (EGYPT),EGYPT,0.003466354475277247,547958.8862008054,547958.8862008054,547958.8862008054,109591.7772401611,30,102,OK,1.065485404108411,86,,,,,MID,547958.8862008054
2026-01-31,2025-12-31,2026-01-31,SANLAM (SOUTH AFRICA),SOUTH AFRICA,0.003286844069378898,18028635.14168576,18028635.14168576,18028635.14168576,3605727.028337152,30,26,OK,5.945155353325973,85,,,,,HIGH,18028635.14168576
2026-01-31,2025-12-31,2026-01-31,GLENCORE (SOUTH AFRICA),SOUTH AFRICA,0.003079365682615156,16890597.54215464,16890597.54215464,16890597.54215464,3378119.508430928,30,27,OK,5.502090673729946,85,,,,,HIGH,16890597.54215464
2026-01-31,2025-12-31,2026-01-31,MR PRICE (SOUTH AFRICA),SOUTH AFRICA,0.00299639795612106,16435512.10520542,16435512.10520542,16435512.10520542,3287102.421041084,30,28,OK,10.56232392857121,85,,,,,HIGH,16435512.10520542
2026-01-31,2025-12-31,2026-01-31,BHP (SOUTH AFRICA),SOUTH AFRICA,0.002702181408663832,14821707.89825526,14821707.89825526,14821707.89825526,2964341.579651053,30,29,OK,30.61130249546824,85,,,,,HIGH,14821707.89825526
2026-01-31,2025-12-31,2026-01-31,CLICKS (SOUTH AFRICA),SOUTH AFRICA,0.002675927401667143,14677702.31017149,14677702.31017149,14677702.31017149,2935540.462034298,30,30,OK,20.3163868135742,85,,,,,HIGH,14677702.31017149
2026-01-31,2025-12-31,2026-01-31,REINET INVEST (SOUTH AFRICA),SOUTH AFRICA,0.002195585280516417,12042982.60256872,12042982.60256872,12042982.60256872,2408596.520513745,30,31,OK,35.01056051303751,85,,,,,HIGH,12042982.60256872
2026-01-31,2025-12-31,2026-01-31,WOOLWORTHS HOLDINGS (SOUTH AFRICA),SOUTH AFRICA,0.002015308974413136,11054150.8603799,11054150.8603799,11054150.8603799,2210830.172075981,30,32,OK,3.380329980569139,85,,,,,HIGH,11054150.8603799
2026-01-31,2025-12-31,2026-01-31,BIDVEST (SOUTH AFRICA),SOUTH AFRICA,0.001944113483660031,10663637.19455713,10663637.19455713,10663637.19455713,2132727.438911427,30,33,OK,14.33561726938151,85,,,,,HIGH,10663637.19455713
2026-01-31,2025-12-31,2026-01-31,VODACOM (SOUTH AFRICA),SOUTH AFRICA,0.001884054841683414,10334210.14525201,10334210.14525201,10334210.14525201,2066842.029050401,30,34,OK,8.529900527754018,85,,,,,HIGH,10334210.14525201
2026-01-31,2025-12-31,2026-01-31,TIGER BRANDS (SOUTH AFRICA),SOUTH AFRICA,0.001815148944162379,9956255.104095493,9956255.104095493,9956255.104095493,1991251.020819099,30,35,OK,22.10373629080013,85,,,,,HIGH,9956255.104095493
2026-01-31,2025-12-31,2026-01-31,REMGRO (SOUTH AFRICA),SOUTH AFRICA,0.001621660752083234,8894954.979846377,8894954.979846377,8894954.979846377,1778990.995969275,30,36,OK,10.96253085305645,85,,,,,HIGH,8894954.979846377
2026-01-31,2025-12-31,2026-01-31,OUTSURANCE (SOUTH AFRICA),SOUTH AFRICA,0.001603829365613775,8797148.222378561,8797148.222378561,8797148.222378561,1759429.644475712,30,37,OK,4.325615114421152,85,,,,,HIGH,8797148.222378561
2026-01-31,2025-12-31,2026-01-31,FOSCHINI (SOUTH AFRICA),SOUTH AFRICA,0.001545109839571644,8475066.34433366,8475066.34433366,8475066.34433366,1695013.268866732,30,38,OK,5.067476819085343,85,,,,,HIGH,8475066.34433366
2026-01-31,2025-12-31,2026-01-31,GROWTHPOINT PROPERTIES (SOUTH AFRICA),SOUTH AFRICA,0.0013783580705947,7560417.903866543,7560417.903866543,7560417.903866543,1512083.580773309,30,39,OK,1.035829686902972,85,,,,,HIGH,7560417.903866543
2026-01-31,2025-12-31,2026-01-31,ASPEN PHARMACARE HOLDINGS (SOUTH AFRICA),SOUTH AFRICA,0.001366448650607083,7495093.664817252,7495093.664817252,7495093.664817252,1499018.73296345,30,40,OK,7.049798900547674,85,,,,,HIGH,7495093.664817252
2026-01-31,2025-12-31,2026-01-31,INVESTEC (SOUTH AFRICA),SOUTH AFRICA,0.001345076751775174,7377866.878820579,7377866.878820579,7377866.878820579,1475573.375764116,30,41,OK,7.37455203082378,85,,,,,HIGH,7377866.878820579
2026-01-31,2025-12-31,2026-01-31,MONDI (SOUTH AFRICA),SOUTH AFRICA,0.001259885034783037,6910582.654097618,6910582.654097618,6910582.654097618,1382116.530819524,30,42,OK,12.28991400078351,85,,,,,HIGH,6910582.654097618
2026-01-31,2025-12-31,2026-01-31,CHOPPIES ENTERPRISES LIMITED (SOUTH AFRICA),SOUTH AFRICA,0.001244724312305076,6827424.728662121,6827424.728662121,6827424.728662121,1365484.945732424,30,43,OK,47.8678870462737,85,,,,,HIGH,6827424.728662121
2026-01-31,2025-12-31,2026-01-31,KUMBA IRON ORE (SOUTH AFRICA),SOUTH AFRICA,0.001093962548278957,6000482.902529971,6000482.902529971,6000482.902529971,1200096.580505994,30,45,OK,21.19104719604646,85,,,,,HIGH,6000482.902529971
2026-01-31,2025-12-31,2026-01-31,TRUWORTHS INT (SOUTH AFRICA),SOUTH AFRICA,0.0009413032171947858,5163132.750531305,5163132.750531305,5163132.750531305,1032626.550106261,30,49,OK,3.436467603460733,85,,,,,HIGH,5163132.750531305
2026-01-31,2025-12-31,2026-01-31,EXXARO RESOURCES (SOUTH AFRICA),SOUTH AFRICA,0.0009249478405673661,5073422.039710659,5073422.039710659,5073422.039710659,1014684.407942132,30,50,OK,10.80498333074778,85,,,,,HIGH,5073422.039710659
2026-01-31,2025-12-31,2026-01-31,AFRICAN RAINBOW MINERALS (SOUTH AFRICA),SOUTH AFRICA,0.0008010708360958341,4393945.536134313,4393945.536134313,4393945.536134313,878789.1072268626,30,51,OK,12.00620773455717,85,,,,,HIGH,4393945.536134313
2026-01-31,2025-12-31,2026-01-31,SPAR (SOUTH AFRICA),SOUTH AFRICA,0.000641589421101136,3519175.64071834,3519175.64071834,3519175.64071834,703835.1281436681,30,53,OK,5.764669877577727,85,,,,,HIGH,3519175.64071834
2026-01-31,2025-12-31,2026-01-31,LIFE HEALTHCARE (SOUTH AFRICA),SOUTH AFRICA,0.0006289873551157229,3450052.176116201,3450052.176116201,3450052.176116201,690010.4352232403,30,55,OK,0.687534972833616,85,,,,,HIGH,3450052.176116201
2026-01-31,2025-12-31,2026-01-31,AVI (SOUTH AFRICA),SOUTH AFRICA,0.0006209981553733171,3406230.697460811,3406230.697460811,3406230.697460811,681246.1394921623,30,56,OK,6.368300231250788,85,,,,,HIGH,3406230.697460811
2026-01-31,2025-12-31,2026-01-31,THUNGELA RESOURSES (SOUTH AFRICA),SOUTH AFRICA,0.0005885671928294339,3228343.953016669,3228343.953016669,3228343.953016669,645668.7906033339,30,57,OK,5.79485139526138,86,,,,,HIGH,3228343.953016669
2026-01-31,2025-12-31,2026-01-31,SANTAM (SOUTH AFRICA),SOUTH AFRICA,0.0004792877852218255,2628936.580269163,2628936.580269163,2628936.580269163,525787.3160538325,30,61,OK,25.80217946775497,85,,,,,HIGH,2628936.580269163
2026-01-31,2025-12-31,2026-01-31,QUILTER (SOUTH AFRICA),SOUTH AFRICA,0.0004402867628018866,2415012.466888678,2415012.466888678,2415012.466888678,483002.4933777356,30,63,OK,2.44772108414426,85,,,,,HIGH,2415012.466888678
2026-01-31,2025-12-31,2026-01-31,RAUBEX (SOUTH AFRICA),SOUTH AFRICA,0.000263537857071831,1445528.832789318,1445528.832789318,1445528.832789318,289105.7665578636,30,71,OK,2.689776855967158,85,,,,,HIGH,1445528.832789318
2026-01-31,2025-12-31,2026-01-31,WILSON BAYLY HOLMES OVCON (SOUTH AFRICA),SOUTH AFRICA,0.0002327589989045796,1276704.029341941,1276704.029341941,1276704.029341941,255340.8058683881,30,77,OK,10.08605957952317,85,,,,,HIGH,1276704.029341941
2026-01-31,2025-12-31,2026-01-31,NINETY ONE (SOUTH AFRICA),SOUTH AFRICA,0.0002218247082883874,1216728.462539424,1216728.462539424,1216728.462539424,243345.6925078849,30,79,OK,2.885956720910902,85,,,,,HIGH,1216728.462539424
2026-01-31,2025-12-31,2026-01-31,PSG KONSULT (SOUTH AFRICA),SOUTH AFRICA,0.000194094501450928,1064625.785648365,1064625.785648365,1064625.785648365,212925.157129673,30,84,OK,1.64489271375909,85,,,,,HIGH,1064625.785648365
2026-01-31,2025-12-31,2026-01-31,HULAMIN LIMITED (SOUTH AFRICA),SOUTH AFRICA,0.0001360434716797604,746210.6697340625,746210.6697340625,746210.6697340625,149242.1339468125,30,92,OK,14.77196606427192,84,,,,,HIGH,746210.6697340625
