Rank,Company,Country,Liquidity,AvgDailyValue30d,AvgDailyValue30dUSD,InvestableCapacity20USD
1.0,NASPERS (SOUTH AFRICA),SOUTH AFRICA,132863970.57016438,132863970.57016438,132863970.57016438,26572794.11403288
2.0,ANGLOGOLD ASHANTI ADR (SOUTH AFRICA),SOUTH AFRICA,88350536.61082894,88350536.61082894,88350536.61082894,17670107.322165787
3.0,GOLD FIELDS (SOUTH AFRICA),SOUTH AFRICA,86587037.67603363,86587037.67603363,86587037.67603363,17317407.535206728
4.0,FIRSTRAND (SOUTH AFRICA),SOUTH AFRICA,58294149.98885582,58294149.98885582,58294149.98885582,11658829.997771164
5.0,PROSUS (SOUTH AFRICA),SOUTH AFRICA,52912869.032721,52912869.032721,52912869.032721,10582573.8065442
6.0,CAPITEC BANK (SOUTH AFRICA),SOUTH AFRICA,52194720.888338104,52194720.888338104,52194720.888338104,10438944.177667622
7.0,STANDARD BANK GROUP (SOUTH AFRICA),SOUTH AFRICA,45942818.914219216,45942818.914219216,45942818.914219216,9188563.782843843
8.0,NORTHAM PLATINUM HOLDINGS (SOUTH AFRICA),SOUTH AFRICA,42001630.35328874,42001630.35328874,42001630.35328874,8400326.070657749
9.0,MTN GROUP (SOUTH AFRICA),SOUTH AFRICA,41578248.98720508,41578248.98720508,41578248.98720508,8315649.797441017
10.0,SIBANYE STILLWATER (SOUTH AFRICA),SOUTH AFRICA,40202675.29154995,40202675.29154995,40202675.29154995,8040535.058309991
11.0,HARMONY GOLD MINING COMPANY (SOUTH AFRICA),SOUTH AFRICA,38061134.38737542,38061134.38737542,38061134.38737542,7612226.877475085
12.0,IMPALA PLATINUM HOLDINGS (SOUTH AFRICA),SOUTH AFRICA,37336400.06170806,37336400.06170806,37336400.06170806,7467280.012341613
13.0,BRITISH AMERICAN TOBACCO (SOUTH AFRICA),SOUTH AFRICA,34345465.5529127,34345465.5529127,34345465.5529127,6869093.11058254
14.0,ABSA (SOUTH AFRICA),SOUTH AFRICA,33478368.831765827,33478368.831765827,33478368.831765827,6695673.766353166
15.0,ANGLO AMERICAN (SOUTH AFRICA),SOUTH AFRICA,29641967.3490513,29641967.3490513,29641967.3490513,5928393.46981026
16.0,OLD MUTUAL (SOUTH AFRICA),SOUTH AFRICA,27150488.18038922,27150488.18038922,27150488.18038922,5430097.636077845
17.0,SHOPRITE HOLDINGS (SOUTH AFRICA),SOUTH AFRICA,22937662.095640674,22937662.095640674,22937662.095640674,4587532.419128135
18.0,PEPKOR HOLDINGS LTD (SOUTH AFRICA),SOUTH AFRICA,21465109.971717987,21465109.971717987,21465109.971717987,4293021.994343597
19.0,BID CORPORATION (SOUTH AFRICA),SOUTH AFRICA,20839463.590907473,20839463.590907473,20839463.590907473,4167892.7181814946
20.0,BID CORP (SOUTH AFRICA),SOUTH AFRICA,20839463.590907473,20839463.590907473,20839463.590907473,4167892.7181814946
21.0,DISCOVERY HOLDINGS (SOUTH AFRICA),SOUTH AFRICA,20015313.183596693,20015313.183596693,20015313.183596693,4003062.6367193386
22.0,SANLAM (SOUTH AFRICA),SOUTH AFRICA,18028635.141685758,18028635.141685758,18028635.141685758,3605727.0283371517
23.0,GLENCORE (SOUTH AFRICA),SOUTH AFRICA,16890597.542154636,16890597.542154636,16890597.542154636,3378119.5084309275
24.0,MR PRICE (SOUTH AFRICA),SOUTH AFRICA,16435512.105205422,16435512.105205422,16435512.105205422,3287102.4210410845
25.0,BHP (SOUTH AFRICA),SOUTH AFRICA,14821707.898255263,14821707.898255263,14821707.898255263,2964341.5796510526
26.0,CLICKS (SOUTH AFRICA),SOUTH AFRICA,14677702.310171487,14677702.310171487,14677702.310171487,2935540.4620342976
27.0,REINET INVEST (SOUTH AFRICA),SOUTH AFRICA,12042982.602568721,12042982.602568721,12042982.602568721,2408596.5205137446
28.0,WOOLWORTHS HOLDINGS (SOUTH AFRICA),SOUTH AFRICA,11054150.860379905,11054150.860379905,11054150.860379905,2210830.172075981
29.0,BIDVEST (SOUTH AFRICA),SOUTH AFRICA,10663637.194557134,10663637.194557134,10663637.194557134,2132727.438911427
30.0,VODACOM (SOUTH AFRICA),SOUTH AFRICA,10334210.145252006,10334210.145252006,10334210.145252006,2066842.0290504014
31.0,TIGER BRANDS (SOUTH AFRICA),SOUTH AFRICA,9956255.104095493,9956255.104095493,9956255.104095493,1991251.0208190987
32.0,REMGRO (SOUTH AFRICA),SOUTH AFRICA,8894954.979846377,8894954.979846377,8894954.979846377,1778990.9959692755
33.0,OUTSURANCE (SOUTH AFRICA),SOUTH AFRICA,8797148.222378561,8797148.222378561,8797148.222378561,1759429.6444757124
34.0,FOSCHINI (SOUTH AFRICA),SOUTH AFRICA,8475066.34433366,8475066.34433366,8475066.34433366,1695013.268866732
35.0,GROWTHPOINT PROPERTIES (SOUTH AFRICA),SOUTH AFRICA,7560417.9038665425,7560417.9038665425,7560417.9038665425,1512083.5807733086
36.0,ASPEN PHARMACARE HOLDINGS (SOUTH AFRICA),SOUTH AFRICA,7495093.664817252,7495093.664817252,7495093.664817252,1499018.7329634505
37.0,INVESTEC (SOUTH AFRICA),SOUTH AFRICA,7377866.878820579,7377866.878820579,7377866.878820579,1475573.3757641157
38.0,MONDI (SOUTH AFRICA),SOUTH AFRICA,6910582.654097618,6910582.654097618,6910582.654097618,1382116.5308195236
39.0,COMMERCIAL INTERNATIONAL BANK EGYPT (EGYPT),EGYPT,6292655.221301473,6292655.221301473,6292655.221301473,1258531.0442602946
40.0,KUMBA IRON ORE (SOUTH AFRICA),SOUTH AFRICA,6000482.902529971,6000482.902529971,6000482.902529971,1200096.5805059941
41.0,BELTONE HOLDING EGYPT (EGYPT),EGYPT,5708532.137400225,5708532.137400225,5708532.137400225,1141706.427480045
42.0,MARSA MAROC MOROCCO (MOROCCO),MOROCCO,5420773.640564676,5420773.640564676,5420773.640564676,1084154.7281129353
43.0,ATTIJARIWAFA BANK MOROCCO (MOROCCO),MOROCCO,5398472.380160305,5398472.380160305,5398472.380160305,1079694.476032061
44.0,TRUWORTHS INT (SOUTH AFRICA),SOUTH AFRICA,5163132.750531305,5163132.750531305,5163132.750531305,1032626.5501062609
45.0,EXXARO RESOURCES (SOUTH AFRICA),SOUTH AFRICA,5073422.039710659,5073422.039710659,5073422.039710659,1014684.4079421317
46.0,AFRICAN RAINBOW MINERALS (SOUTH AFRICA),SOUTH AFRICA,4393945.536134313,4393945.536134313,4393945.536134313,878789.1072268626
47.0,REDEFINE PROPERTIES (SOUTH AFRICA),SOUTH AFRICA,3835133.6231872765,3835133.6231872765,3835133.6231872765,767026.7246374553
48.0,BANQUE CENTRALE POPULAIRE MOROCCO (MOROCCO),MOROCCO,3546366.8615173963,3546366.8615173963,3546366.8615173963,709273.3723034794
49.0,SPAR (SOUTH AFRICA),SOUTH AFRICA,3519175.64071834,3519175.64071834,3519175.64071834,703835.1281436681
50.0,MAROC TELECOM MOROCCO (MOROCCO),MOROCCO,3487578.7433356415,3487578.7433356415,3487578.7433356415,697515.7486671284
51.0,LIFE HEALTHCARE (SOUTH AFRICA),SOUTH AFRICA,3450052.176116201,3450052.176116201,3450052.176116201,690010.4352232403
52.0,AVI (SOUTH AFRICA),SOUTH AFRICA,3406230.697460811,3406230.697460811,3406230.697460811,681246.1394921623
53.0,THUNGELA RESOURSES (SOUTH AFRICA),SOUTH AFRICA,3228343.953016669,3228343.953016669,3228343.953016669,645668.7906033339
54.0,TALAAT MOUSTAFA GROUP EGYPT (EGYPT),EGYPT,2910160.7414423283,2910160.7414423283,2910160.7414423283,582032.1482884657
55.0,ORASCOM INVESTMENT HOLDING EGYPT (EGYPT),EGYPT,2849539.9401912303,2849539.9401912303,2849539.9401912303,569907.988038246
56.0,LAFARGEHOLCIM MAROC MOROCCO (MOROCCO),MOROCCO,2805827.470738218,2805827.470738218,2805827.470738218,561165.4941476437
57.0,SANTAM (SOUTH AFRICA),SOUTH AFRICA,2628936.5802691625,2628936.5802691625,2628936.5802691625,525787.3160538325
58.0,HELIOPOLIS CO. FOR HOUSING & DEVELOPMENT (EGYPT),EGYPT,2459722.4112872453,2459722.4112872453,2459722.4112872453,491944.48225744907
59.0,QUILTER (SOUTH AFRICA),SOUTH AFRICA,2415012.466888678,2415012.466888678,2415012.466888678,483002.4933777356
60.0,SAFARICOM KENYA (KENYA),KENYA,2030132.7580069602,2030132.7580069602,2030132.7580069602,406026.55160139204
61.0,PALM HILLS DEVELOPMANT COMPANY EGYPT (EGYPT),EGYPT,1988389.487261987,1988389.487261987,1988389.487261987,397677.89745239745
62.0,FAWRY EGYPT (EGYPT),EGYPT,1952139.4733061497,1952139.4733061497,1952139.4733061497,390427.89466123
63.0,EFG HOLDING EGYPT (EGYPT),EGYPT,1941929.4447299964,1941929.4447299964,1941929.4447299964,388385.8889459993
64.0,GUARANTY TRUST HOLDING COMPANY NIGERIA (NIGERIA),NIGERIA,1757606.7548035379,1757606.7548035379,1757606.7548035379,351521.3509607076
65.0,BLUE LABEL TELECOMS (SOUTH AFRICA),SOUTH AFRICA,1735975.0946676969,1735975.0946676969,1735975.0946676969,347195.0189335394
66.0,RAYA HOLDING EGYPT (EGYPT),EGYPT,1709608.6784914474,1709608.6784914474,1709608.6784914474,341921.73569828947
67.0,TELECOM EGYPT (EGYPT),EGYPT,1642910.9465048043,1642910.9465048043,1642910.9465048043,328582.18930096086
68.0,RAUBEX (SOUTH AFRICA),SOUTH AFRICA,1445528.8327893177,1445528.8327893177,1445528.8327893177,289105.76655786356
69.0,EASTERN TOBACCO EGYPT (EGYPT),EGYPT,1415789.8601010765,1415789.8601010765,1415789.8601010765,283157.9720202153
70.0,EQUITY GROUP HOLDINGS KENYA (KENYA),KENYA,1331072.5644936778,1331072.5644936778,1331072.5644936778,266214.5128987356
71.0,EGYPT ALUMINIUM (EGYPT),EGYPT,1291606.7965120457,1291606.7965120457,1291606.7965120457,258321.35930240914
72.0,TAQA MOROCCO (MOROCCO),MOROCCO,1283799.1196923903,1283799.1196923903,1283799.1196923903,256759.82393847808
73.0,WILSON BAYLY HOLMES OVCON (SOUTH AFRICA),SOUTH AFRICA,1276704.0293419405,1276704.0293419405,1276704.0293419405,255340.80586838812
74.0,ZENITH BANK NIGERIA (NIGERIA),NIGERIA,1254220.1537495987,1254220.1537495987,1254220.1537495987,250844.03074991974
75.0,NINETY ONE (SOUTH AFRICA),SOUTH AFRICA,1216728.4625394244,1216728.4625394244,1216728.4625394244,243345.6925078849
76.0,ABU QIR FERTILIZERS EGYPT (EGYPT),EGYPT,1142955.6377113322,1142955.6377113322,1142955.6377113322,228591.12754226645
77.0,ABU DHABI ISLAMIC BANK EGYPT (EGYPT),EGYPT,1103590.1163085094,1103590.1163085094,1103590.1163085094,220718.0232617019
78.0,KCB GROUP KENYA (KENYA),KENYA,1088691.3383013054,1088691.3383013054,1088691.3383013054,217738.2676602611
79.0,CIH BANK (MOROCCO),MOROCCO,1079226.34419069,1079226.34419069,1079226.34419069,215845.268838138
80.0,PSG KONSULT (SOUTH AFRICA),SOUTH AFRICA,1064625.7856483648,1064625.7856483648,1064625.7856483648,212925.15712967297
81.0,FIRST HOLDCO NIGERIA (NIGERIA),NIGERIA,1045710.3281657076,1045710.3281657076,1045710.3281657076,209142.06563314155
82.0,EMAAR MISR EGYPT (EGYPT),EGYPT,958458.6827029026,958458.6827029026,958458.6827029026,191691.73654058052
83.0,ALEXANDRIA CONTAINERS AND GOODS (EGYPT),EGYPT,935175.481831187,935175.481831187,935175.481831187,187035.0963662374
84.0,BANK OF AFRICA MOROCCO (MOROCCO),MOROCCO,812139.7779971202,812139.7779971202,812139.7779971202,162427.95559942405
85.0,EDITA FOOD INDUSTRIES COMPANY (EGYPT),EGYPT,802821.0203529549,802821.0203529549,802821.0203529549,160564.204070591
86.0,CRDB BANK PLC TANZANIA (TANZANIA),TANZANIA,786569.365015881,786569.365015881,786569.365015881,157313.8730031762
87.0,CIMENTS DU MAROC MOROCCO (MOROCCO),MOROCCO,754883.8014653584,754883.8014653584,754883.8014653584,150976.76029307168
88.0,MTN NIGERIA (NIGERIA),NIGERIA,715050.0542328389,715050.0542328389,715050.0542328389,143010.01084656778
89.0,COSUMAR MOROCCO (MOROCCO),MOROCCO,713937.2399447213,713937.2399447213,713937.2399447213,142787.44798894427
90.0,IBNSINA PHARMA (EGYPT),EGYPT,708368.7983466964,708368.7983466964,708368.7983466964,141673.75966933928
91.0,MCB GROUP LTD MAURITIUS (MAURITIUS),MAURITIUS,666674.3691565221,666674.3691565221,666674.3691565221,133334.87383130443
92.0,PPC (SOUTH AFRICA),SOUTH AFRICA,664217.2610623161,664217.2610623161,664217.2610623161,132843.45221246322
93.0,SONATEL SENEGAL (SENEGAL),SENEGAL,655549.5467677654,655549.5467677654,655549.5467677654,131109.90935355308
94.0,GRINDROD (SOUTH AFRICA),SOUTH AFRICA,608564.5668977236,608564.5668977236,608564.5668977236,121712.91337954473
95.0,GB AUTO EGYPT (EGYPT),EGYPT,601731.0896676768,601731.0896676768,601731.0896676768,120346.21793353537
96.0,MANAGEM MOROCCO (MOROCCO),MOROCCO,570822.6492089466,570822.6492089466,570822.6492089466,114164.52984178934
97.0,MTN GHANA (GHANA),GHANA,559338.530459028,559338.530459028,559338.530459028,111867.7060918056
98.0,JUHAYNA FOOD INDUSTRIES (EGYPT),EGYPT,555779.9461982952,555779.9461982952,555779.9461982952,111155.98923965904
99.0,ARABIAN CEMENT COMPANY (EGYPT),EGYPT,547958.8862008054,547958.8862008054,547958.8862008054,109591.77724016109
100.0,ALEXANDRIA MINERAL OILS EGYPT (EGYPT),EGYPT,457398.31908757874,457398.31908757874,457398.31908757874,91479.66381751576
101.0,PADENGA HOLDINGS (ZIMBABWE),ZIMBABWE,441501.0551167937,441501.0551167937,441501.0551167937,88300.21102335874
102.0,FIDELITY BANK NIGERIA (NIGERIA),NIGERIA,403830.09214473586,403830.09214473586,403830.09214473586,80766.01842894718
103.0,DELTA CORPORATION LIMITED (ZIMBABWE),ZIMBABWE,389217.930837057,389217.930837057,389217.930837057,77843.5861674114
104.0,EXPORT DEVELOPMENT BANK OF (EGYPT),EGYPT,378313.6514560733,378313.6514560733,378313.6514560733,75662.73029121466
105.0,STANBIC IBTC HOLDINGS NIGERIA (NIGERIA),NIGERIA,367986.2765368699,367986.2765368699,367986.2765368699,73597.25530737398
106.0,FCMB GROUP NIGERIA (NIGERIA),NIGERIA,364493.8541211038,364493.8541211038,364493.8541211038,72898.77082422077
107.0,POULINA GROUP HOLDING TUNISIA (TUNISIA),TUNISIA,354989.7396963292,354989.7396963292,354989.7396963292,70997.94793926585
108.0,AMEN BANK TUNISIA (TUNISIA),TUNISIA,341578.5489559784,341578.5489559784,341578.5489559784,68315.70979119568
109.0,SEPLAT ENERGY NIGERIA (NIGERIA),NIGERIA,340513.73801666533,340513.73801666533,340513.73801666533,68102.74760333307
110.0,EAST AFRICAN BREWERIES KENYA (KENYA),KENYA,331670.28508897097,331670.28508897097,331670.28508897097,66334.0570177942
111.0,UNITED BANK FOR AFRICA NIGERIA (NIGERIA),NIGERIA,328016.96573005716,328016.96573005716,328016.96573005716,65603.39314601144
112.0,FIRST CAPITAL BANK (ZIMBABWE),ZIMBABWE,326293.5872829344,326293.5872829344,326293.5872829344,65258.717456586885
113.0,SIDI KERIR PETROCHEMICALS EGYPT (EGYPT),EGYPT,292386.60984660196,292386.60984660196,292386.60984660196,58477.321969320394
114.0,ATTIJARI BANK TUNISIA (TUNISIA),TUNISIA,284177.13305978756,284177.13305978756,284177.13305978756,56835.42661195752
115.0,EL SEWEDY ELECTRIC (EGYPT),EGYPT,275393.77170346206,275393.77170346206,275393.77170346206,55078.754340692416
116.0,SOCIETE FRIGORIFIQUE ET BRASSERIE DE TUNIS TUNISIA (TUNISIA),TUNISIA,259120.75527868507,259120.75527868507,259120.75527868507,51824.15105573702
117.0,LAFARGE AFRICA NIGERIA (NIGERIA),NIGERIA,252470.2296688279,252470.2296688279,252470.2296688279,50494.045933765585
118.0,INNSCOR AFRICA (ZIMBABWE),ZIMBABWE,226548.69365601818,226548.69365601818,226548.69365601818,45309.73873120364
119.0,CUSTODIAN INVESTMENT NIGERIA (NIGERIA),NIGERIA,219908.28035913265,219908.28035913265,219908.28035913265,43981.65607182653
120.0,TSOGO SUN GAMING (SOUTH AFRICA),SOUTH AFRICA,212873.04926423976,212873.04926423976,212873.04926423976,42574.609852847956
121.0,BIAT TUNISIA (TUNISIA),TUNISIA,211947.8889160725,211947.8889160725,211947.8889160725,42389.5777832145
122.0,GCB BANK PLC GHANA (GHANA),GHANA,203949.1979621095,203949.1979621095,203949.1979621095,40789.8395924219
123.0,NIGERIAN BREWERIES (NIGERIA),NIGERIA,202692.25715080995,202692.25715080995,202692.25715080995,40538.45143016199
