Company,Dividend_Status,Liquidity Score,Price,Trading Days (90d),NonZeroVolumeDays90d,AvgDailyValue30d,AvgDailyValue30dUSD,InvestableCapacity20USD,TradeCount30,StaleVolumeDays30d,ClippedValueDays30d,MedianTradedValueUSD,TradedValueCapUSD,Date,ObservationDate,ImplementationDate,Country,Regime,RawLiquidity,Rank,Selected,RebalanceDate
REDEFINE PROPERTIES (SOUTH AFRICA),OK,280268761.9131905,22.83106269857699,87,87,280268761.9131905,280268761.9131905,56053752.3826381,30,,,,,2025-04-30,2025-03-31,2025-04-30,SOUTH AFRICA,HIGH,280268761.9131905,1.0,True,2025-04-30
NASPERS (SOUTH AFRICA),OK,137592687.39593336,49.35442166132577,87,87,137592687.39593336,137592687.39593336,27518537.479186673,30,,,,,2025-04-30,2025-03-31,2025-04-30,SOUTH AFRICA,HIGH,137592687.39593336,2.0,True,2025-04-30
BLUE LABEL TELECOMS (SOUTH AFRICA),OK,83063008.20599397,41.40178355387885,87,87,83063008.20599397,83063008.20599397,16612601.641198793,30,,,,,2025-04-30,2025-03-31,2025-04-30,SOUTH AFRICA,HIGH,83063008.20599397,3.0,True,2025-04-30
PPC (SOUTH AFRICA),OK,77348286.38884577,25.12509292187899,87,87,77348286.38884577,77348286.38884577,15469657.277769156,30,,,,,2025-04-30,2025-03-31,2025-04-30,SOUTH AFRICA,HIGH,77348286.38884577,4.0,True,2025-04-30
GRINDROD (SOUTH AFRICA),OK,76634844.97269078,66.58149624297931,87,87,76634844.97269078,76634844.97269078,15326968.994538156,30,,,,,2025-04-30,2025-03-31,2025-04-30,SOUTH AFRICA,HIGH,76634844.97269078,5.0,True,2025-04-30
ANGLOGOLD ASHANTI ADR (SOUTH AFRICA),OK,60876982.154381596,37.51394852305419,87,87,60876982.154381596,60876982.154381596,12175396.43087632,30,,,,,2025-04-30,2025-03-31,2025-04-30,SOUTH AFRICA,HIGH,60876982.154381596,6.0,True,2025-04-30
GOLD FIELDS (SOUTH AFRICA),OK,59148288.175941154,22.14394602693082,87,87,59148288.175941154,59148288.175941154,11829657.635188231,30,,,,,2025-04-30,2025-03-31,2025-04-30,SOUTH AFRICA,HIGH,59148288.175941154,7.0,True,2025-04-30
FIRSTRAND (SOUTH AFRICA),OK,55019157.70430853,3.92388407719084,87,87,55019157.70430853,55019157.70430853,11003831.540861707,30,,,,,2025-04-30,2025-03-31,2025-04-30,SOUTH AFRICA,HIGH,55019157.70430853,8.0,True,2025-04-30
STANDARD BANK GROUP (SOUTH AFRICA),OK,51822103.46898101,13.07651847049358,87,87,51822103.46898101,51822103.46898101,10364420.693796203,30,,,,,2025-04-30,2025-03-31,2025-04-30,SOUTH AFRICA,HIGH,51822103.46898101,9.0,True,2025-04-30
PROSUS (SOUTH AFRICA),OK,50541465.164666705,45.96799609359425,87,87,50541465.164666705,50541465.164666705,10108293.032933341,30,,,,,2025-04-30,2025-03-31,2025-04-30,SOUTH AFRICA,HIGH,50541465.164666705,10.0,True,2025-04-30
CAPITEC BANK (SOUTH AFRICA),OK,48333692.80901303,169.4665669673849,87,87,48333692.80901303,48333692.80901303,9666738.561802607,30,,,,,2025-04-30,2025-03-31,2025-04-30,SOUTH AFRICA,HIGH,48333692.80901303,11.0,True,2025-04-30
BRITISH AMERICAN TOBACCO (SOUTH AFRICA),OK,36900724.28605602,41.21716874067026,87,87,36900724.28605602,36900724.28605602,7380144.857211204,30,,,,,2025-04-30,2025-03-31,2025-04-30,SOUTH AFRICA,HIGH,36900724.28605602,12.0,True,2025-04-30
MTN GROUP (SOUTH AFRICA),OK,36297121.069469176,6.730793914702494,87,87,36297121.069469176,36297121.069469176,7259424.213893835,30,,,,,2025-04-30,2025-03-31,2025-04-30,SOUTH AFRICA,HIGH,36297121.069469176,13.0,True,2025-04-30
HARMONY GOLD MINING COMPANY (SOUTH AFRICA),OK,32318078.197769858,14.55562176685116,87,87,32318078.197769858,32318078.197769858,6463615.639553972,30,,,,,2025-04-30,2025-03-31,2025-04-30,SOUTH AFRICA,HIGH,32318078.197769858,14.0,True,2025-04-30
ABSA (SOUTH AFRICA),OK,30507208.145804524,9.667152600529048,87,87,30507208.145804524,30507208.145804524,6101441.629160905,30,,,,,2025-04-30,2025-03-31,2025-04-30,SOUTH AFRICA,HIGH,30507208.145804524,15.0,True,2025-04-30
SIBANYE STILLWATER (SOUTH AFRICA),OK,29743507.40778617,1.137729751223346,87,87,29743507.40778617,29743507.40778617,5948701.481557234,30,,,,,2025-04-30,2025-03-31,2025-04-30,SOUTH AFRICA,HIGH,29743507.40778617,16.0,True,2025-04-30
ANGLO AMERICAN (SOUTH AFRICA),OK,28476065.29097583,27.90797006181319,87,87,28476065.29097583,28476065.29097583,5695213.058195166,30,,,,,2025-04-30,2025-03-31,2025-04-30,SOUTH AFRICA,HIGH,28476065.29097583,17.0,True,2025-04-30
IMPALA PLATINUM HOLDINGS (SOUTH AFRICA),OK,26627929.70970132,6.877721088528265,87,87,26627929.70970132,26627929.70970132,5325585.941940264,30,,,,,2025-04-30,2025-03-31,2025-04-30,SOUTH AFRICA,HIGH,26627929.70970132,18.0,True,2025-04-30
SANLAM (SOUTH AFRICA),OK,24874174.452095304,4.519785737577144,87,87,24874174.452095304,24874174.452095304,4974834.890419061,30,,,,,2025-04-30,2025-03-31,2025-04-30,SOUTH AFRICA,HIGH,24874174.452095304,19.0,True,2025-04-30
SHOPRITE HOLDINGS (SOUTH AFRICA),OK,23229741.249468967,14.89535671896873,87,87,23229741.249468967,23229741.249468967,4645948.249893794,30,,,,,2025-04-30,2025-03-31,2025-04-30,SOUTH AFRICA,HIGH,23229741.249468967,20.0,True,2025-04-30
EXXARO RESOURCES (SOUTH AFRICA),OK,19301447.957229327,8.102842467305972,87,87,19301447.957229327,19301447.957229327,3860289.5914458656,30,,,,,2025-04-30,2025-03-31,2025-04-30,SOUTH AFRICA,HIGH,19301447.957229327,21.0,True,2025-04-30
DISCOVERY HOLDINGS (SOUTH AFRICA),OK,19174603.25413802,10.89664356068447,87,87,19174603.25413802,19174603.25413802,3834920.650827604,30,,,,,2025-04-30,2025-03-31,2025-04-30,SOUTH AFRICA,HIGH,19174603.25413802,22.0,True,2025-04-30
BID CORPORATION (SOUTH AFRICA),OK,18271341.02970587,24.00265670547765,87,87,18271341.02970587,18271341.02970587,3654268.205941174,30,,,,,2025-04-30,2025-03-31,2025-04-30,SOUTH AFRICA,HIGH,18271341.02970587,23.0,True,2025-04-30
BID CORP (SOUTH AFRICA),OK,18271341.02970587,24.00265670547765,87,87,18271341.02970587,18271341.02970587,3654268.205941174,30,,,,,2025-04-30,2025-03-31,2025-04-30,SOUTH AFRICA,HIGH,18271341.02970587,24.0,True,2025-04-30
CLICKS (SOUTH AFRICA),OK,16663316.191839717,18.50135375093059,87,87,16663316.191839717,16663316.191839717,3332663.2383679436,30,,,,,2025-04-30,2025-03-31,2025-04-30,SOUTH AFRICA,HIGH,16663316.191839717,25.0,True,2025-04-30
NORTHAM PLATINUM HOLDINGS (SOUTH AFRICA),OK,16242469.36230899,7.150819924635645,87,87,16242469.36230899,16242469.36230899,3248493.872461798,30,,,,,2025-04-30,2025-03-31,2025-04-30,SOUTH AFRICA,HIGH,16242469.36230899,26.0,True,2025-04-30
GLENCORE (SOUTH AFRICA),OK,15631716.627870478,3.674817938660909,87,87,15631716.627870478,15631716.627870478,3126343.325574096,30,,,,,2025-04-30,2025-03-31,2025-04-30,SOUTH AFRICA,HIGH,15631716.627870478,27.0,True,2025-04-30
BHP (SOUTH AFRICA),OK,15521226.734320452,23.9671538567837,87,87,15521226.734320452,15521226.734320452,3104245.3468640908,30,,,,,2025-04-30,2025-03-31,2025-04-30,SOUTH AFRICA,HIGH,15521226.734320452,28.0,True,2025-04-30
PEPKOR HOLDINGS LTD (SOUTH AFRICA),OK,15512168.50012359,1.394442657164284,85,85,15512168.50012359,15512168.50012359,3102433.7000247184,30,,,,,2025-04-30,2025-03-31,2025-04-30,SOUTH AFRICA,HIGH,15512168.50012359,29.0,True,2025-04-30
MR PRICE (SOUTH AFRICA),OK,15471569.226658264,12.10319421860688,87,87,15471569.226658264,15471569.226658264,3094313.845331653,30,,,,,2025-04-30,2025-03-31,2025-04-30,SOUTH AFRICA,HIGH,15471569.226658264,30.0,True,2025-04-30
REINET INVEST (SOUTH AFRICA),OK,13239248.418565892,24.31726656467335,87,87,13239248.418565892,13239248.418565892,2647849.6837131786,30,,,,,2025-04-30,2025-03-31,2025-04-30,SOUTH AFRICA,HIGH,13239248.418565892,31.0,True,2025-04-30
OLD MUTUAL (SOUTH AFRICA),OK,12402302.154570337,0.6499752299355651,87,87,12402302.154570337,12402302.154570337,2480460.4309140677,30,,,,,2025-04-30,2025-03-31,2025-04-30,SOUTH AFRICA,HIGH,12402302.154570337,32.0,True,2025-04-30
FOSCHINI (SOUTH AFRICA),OK,12348691.561146706,6.790329460973903,87,87,12348691.561146706,12348691.561146706,2469738.3122293414,30,,,,,2025-04-30,2025-03-31,2025-04-30,SOUTH AFRICA,HIGH,12348691.561146706,33.0,True,2025-04-30
BIDVEST (SOUTH AFRICA),OK,11948619.208280755,12.86295518065761,87,87,11948619.208280755,11948619.208280755,2389723.841656151,30,,,,,2025-04-30,2025-03-31,2025-04-30,SOUTH AFRICA,HIGH,11948619.208280755,34.0,True,2025-04-30
OUTSURANCE (SOUTH AFRICA),OK,11770630.145987572,3.806997775336881,87,87,11770630.145987572,11770630.145987572,2354126.0291975145,30,,,,,2025-04-30,2025-03-31,2025-04-30,SOUTH AFRICA,HIGH,11770630.145987572,35.0,True,2025-04-30
REMGRO (SOUTH AFRICA),OK,11331062.74228558,8.618999267548922,87,87,11331062.74228558,11331062.74228558,2266212.548457116,30,,,,,2025-04-30,2025-03-31,2025-04-30,SOUTH AFRICA,HIGH,11331062.74228558,36.0,True,2025-04-30
VODACOM (SOUTH AFRICA),OK,11214948.332030497,6.852049797934171,87,87,11214948.332030497,11214948.332030497,2242989.6664060997,30,,,,,2025-04-30,2025-03-31,2025-04-30,SOUTH AFRICA,HIGH,11214948.332030497,37.0,True,2025-04-30
ASPEN PHARMACARE HOLDINGS (SOUTH AFRICA),OK,10693838.16812351,8.942894487172275,87,87,10693838.16812351,10693838.16812351,2138767.633624702,30,,,,,2025-04-30,2025-03-31,2025-04-30,SOUTH AFRICA,HIGH,10693838.16812351,38.0,True,2025-04-30
MONDI (SOUTH AFRICA),OK,9859031.958070606,14.86750063768578,87,87,9859031.958070606,9859031.958070606,1971806.3916141214,30,,,,,2025-04-30,2025-03-31,2025-04-30,SOUTH AFRICA,HIGH,9859031.958070606,39.0,True,2025-04-30
KUMBA IRON ORE (SOUTH AFRICA),OK,9799554.610426698,17.0440983614616,87,87,9799554.610426698,9799554.610426698,1959910.9220853397,30,,,,,2025-04-30,2025-03-31,2025-04-30,SOUTH AFRICA,HIGH,9799554.610426698,40.0,True,2025-04-30
WOOLWORTHS HOLDINGS (SOUTH AFRICA),OK,9319221.418210376,2.785608128295279,87,87,9319221.418210376,9319221.418210376,1863844.2836420753,30,,,,,2025-04-30,2025-03-31,2025-04-30,SOUTH AFRICA,HIGH,9319221.418210376,41.0,True,2025-04-30
TIGER BRANDS (SOUTH AFRICA),OK,7800518.957347795,15.17774091550377,87,87,7800518.957347795,7800518.957347795,1560103.791469559,30,,,,,2025-04-30,2025-03-31,2025-04-30,SOUTH AFRICA,HIGH,7800518.957347795,42.0,True,2025-04-30
TRUWORTHS INT (SOUTH AFRICA),OK,7629924.61813196,3.930438449257417,87,87,7629924.61813196,7629924.61813196,1525984.9236263921,30,,,,,2025-04-30,2025-03-31,2025-04-30,SOUTH AFRICA,HIGH,7629924.61813196,43.0,True,2025-04-30
GROWTHPOINT PROPERTIES (SOUTH AFRICA),OK,7497215.557188395,0.7073259855181149,87,87,7497215.557188395,7497215.557188395,1499443.1114376793,30,,,,,2025-04-30,2025-03-31,2025-04-30,SOUTH AFRICA,HIGH,7497215.557188395,44.0,True,2025-04-30
INVESTEC (SOUTH AFRICA),OK,7200584.938606169,6.221191486526124,87,87,7200584.938606169,7200584.938606169,1440116.9877212339,30,,,,,2025-04-30,2025-03-31,2025-04-30,SOUTH AFRICA,HIGH,7200584.938606169,45.0,True,2025-04-30
ATTIJARIWAFA BANK MOROCCO (MOROCCO),OK,6624218.887794977,75.57929183564366,87,87,6624218.887794977,6624218.887794977,1324843.7775589954,30,,,,,2025-04-30,2025-03-31,2025-04-30,MOROCCO,MID,6624218.887794977,46.0,True,2025-04-30
AFRICAN RAINBOW MINERALS (SOUTH AFRICA),OK,6461651.867135272,7.969024037613357,87,87,6461651.867135272,6461651.867135272,1292330.3734270546,30,,,,,2025-04-30,2025-03-31,2025-04-30,SOUTH AFRICA,HIGH,6461651.867135272,47.0,True,2025-04-30
THUNGELA RESOURSES (SOUTH AFRICA),OK,5764426.334542352,5.512226907991364,85,85,5764426.334542352,5764426.334542352,1152885.2669084703,30,,,,,2025-04-30,2025-03-31,2025-04-30,SOUTH AFRICA,HIGH,5764426.334542352,48.0,True,2025-04-30
MAROC TELECOM MOROCCO (MOROCCO),OK,5597636.558068347,13.23015611584217,86,86,5597636.558068347,5597636.558068347,1119527.3116136694,30,,,,,2025-04-30,2025-03-31,2025-04-30,MOROCCO,MID,5597636.558068347,49.0,True,2025-04-30
EFG HOLDING EGYPT (EGYPT),OK,5482426.92042553,0.544137462973919,86,86,5482426.92042553,5482426.92042553,1096485.384085106,30,,,,,2025-04-30,2025-03-31,2025-04-30,EGYPT,MID,5482426.92042553,50.0,True,2025-04-30
SPAR (SOUTH AFRICA),OK,4563324.960057491,6.457695078595115,87,87,4563324.960057491,4563324.960057491,912664.9920114983,30,,,,,2025-04-30,2025-03-31,2025-04-30,SOUTH AFRICA,HIGH,4563324.960057491,51.0,True,2025-04-30
MARSA MAROC MOROCCO (MOROCCO),OK,4498114.792940437,81.00095581127857,87,87,4498114.792940437,4498114.792940437,899622.9585880875,30,,,,,2025-04-30,2025-03-31,2025-04-30,MOROCCO,MID,4498114.792940437,52.0,True,2025-04-30
HULAMIN LIMITED (SOUTH AFRICA),OK,4078504.466532759,11.25167204762407,83,83,4078504.466532759,4078504.466532759,815700.8933065519,30,,,,,2025-04-30,2025-03-31,2025-04-30,SOUTH AFRICA,HIGH,4078504.466532759,53.0,True,2025-04-30
AVI (SOUTH AFRICA),OK,4032671.873954411,4.842588561856067,87,87,4032671.873954411,4032671.873954411,806534.3747908822,30,,,,,2025-04-30,2025-03-31,2025-04-30,SOUTH AFRICA,HIGH,4032671.873954411,54.0,True,2025-04-30
COMMERCIAL INTERNATIONAL BANK EGYPT (EGYPT),OK,3130236.9638497094,1.631423048079986,86,86,3130236.9638497094,3130236.9638497094,626047.392769942,30,,,,,2025-04-30,2025-03-31,2025-04-30,EGYPT,MID,3130236.9638497094,55.0,True,2025-04-30
QUILTER (SOUTH AFRICA),OK,3023358.749334528,1.908960864390588,87,87,3023358.749334528,3023358.749334528,604671.7498669056,30,,,,,2025-04-30,2025-03-31,2025-04-30,SOUTH AFRICA,HIGH,3023358.749334528,56.0,True,2025-04-30
LIFE HEALTHCARE (SOUTH AFRICA),OK,2843328.951936103,0.7553913806730139,87,87,2843328.951936103,2843328.951936103,568665.7903872206,30,,,,,2025-04-30,2025-03-31,2025-04-30,SOUTH AFRICA,HIGH,2843328.951936103,57.0,True,2025-04-30
TALAAT MOUSTAFA GROUP EGYPT (EGYPT),OK,2755733.928751872,1.050679973960549,86,86,2755733.928751872,2755733.928751872,551146.7857503744,30,,,,,2025-04-30,2025-03-31,2025-04-30,EGYPT,MID,2755733.928751872,58.0,True,2025-04-30
BANQUE CENTRALE POPULAIRE MOROCCO (MOROCCO),OK,2395107.398087666,30.60216110550105,87,87,2395107.398087666,2395107.398087666,479021.4796175332,30,,,,,2025-04-30,2025-03-31,2025-04-30,MOROCCO,MID,2395107.398087666,59.0,True,2025-04-30
TAQA MOROCCO (MOROCCO),OK,2056686.2919947403,249.482943898738,87,87,2056686.2919947403,2056686.2919947403,411337.25839894806,30,,,,,2025-04-30,2025-03-31,2025-04-30,MOROCCO,MID,2056686.2919947403,60.0,True,2025-04-30
WILSON BAYLY HOLMES OVCON (SOUTH AFRICA),OK,1872501.7880382866,9.863237564854147,87,87,1872501.7880382866,1872501.7880382866,374500.3576076573,30,,,,,2025-04-30,2025-03-31,2025-04-30,SOUTH AFRICA,HIGH,1872501.7880382866,61.0,True,2025-04-30
PALM HILLS DEVELOPMANT COMPANY EGYPT (EGYPT),OK,1803555.3309441493,0.1398927950263857,86,86,1803555.3309441493,1803555.3309441493,360711.0661888299,30,,,,,2025-04-30,2025-03-31,2025-04-30,EGYPT,MID,1803555.3309441493,62.0,True,2025-04-30
SANTAM (SOUTH AFRICA),OK,1782226.1601283522,20.38081994102157,87,87,1782226.1601283522,1782226.1601283522,356445.23202567047,30,,,,,2025-04-30,2025-03-31,2025-04-30,SOUTH AFRICA,HIGH,1782226.1601283522,63.0,True,2025-04-30
BELTONE HOLDING EGYPT (EGYPT),ZERO_CONFIRMED,1655092.5992401743,0.04135444718601784,86,86,1655092.5992401743,1655092.5992401743,331018.5198480349,30,,,,,2025-04-30,2025-03-31,2025-04-30,EGYPT,MID,1655092.5992401743,64.0,True,2025-04-30
NINETY ONE (SOUTH AFRICA),OK,1484133.70141508,1.899129306290723,87,87,1484133.70141508,1484133.70141508,296826.74028301606,30,,,,,2025-04-30,2025-03-31,2025-04-30,SOUTH AFRICA,HIGH,1484133.70141508,65.0,True,2025-04-30
CIMENTS DU MAROC MOROCCO (MOROCCO),OK,1334104.470222196,209.5224723651739,87,87,1334104.470222196,1334104.470222196,266820.89404443925,30,,,,,2025-04-30,2025-03-31,2025-04-30,MOROCCO,MID,1334104.470222196,66.0,True,2025-04-30
HELIOPOLIS CO. FOR HOUSING & DEVELOPMENT (EGYPT),OK,1321530.5210726634,0.2162699080110885,86,86,1321530.5210726634,1321530.5210726634,264306.1042145327,30,,,,,2025-04-30,2025-03-31,2025-04-30,EGYPT,MID,1321530.5210726634,67.0,True,2025-04-30
COSUMAR MOROCCO (MOROCCO),OK,1317031.8430438933,24.40828801779861,87,87,1317031.8430438933,1317031.8430438933,263406.3686087787,30,,,,,2025-04-30,2025-03-31,2025-04-30,MOROCCO,MID,1317031.8430438933,68.0,True,2025-04-30
CORONATION (NAMIBIA),OK,1302120.442694739,2.122816593886463,87,87,1302120.442694739,1302120.442694739,260424.0885389478,30,,,,,2025-04-30,2025-03-31,2025-04-30,NAMIBIA,LOW,1302120.442694739,69.0,True,2025-04-30
EGYPT ALUMINIUM (EGYPT),OK,1290605.0229706913,3.452799537779959,86,86,1290605.0229706913,1290605.0229706913,258121.00459413827,30,,,,,2025-04-30,2025-03-31,2025-04-30,EGYPT,MID,1290605.0229706913,70.0,True,2025-04-30
FAWRY EGYPT (EGYPT),ZERO_CONFIRMED,1252396.4701258603,0.1899534416199863,86,86,1252396.4701258603,1252396.4701258603,250479.29402517207,30,,,,,2025-04-30,2025-03-31,2025-04-30,EGYPT,MID,1252396.4701258603,71.0,True,2025-04-30
EMAAR MISR EGYPT (EGYPT),ZERO_CONFIRMED,1228985.1770248746,0.1640327115655923,86,86,1228985.1770248746,1228985.1770248746,245797.03540497494,30,,,,,2025-04-30,2025-03-31,2025-04-30,EGYPT,MID,1228985.1770248746,72.0,True,2025-04-30
EASTERN TOBACCO EGYPT (EGYPT),OK,1122781.3062622396,0.6579116597775566,86,86,1122781.3062622396,1122781.3062622396,224556.26125244793,30,,,,,2025-04-30,2025-03-31,2025-04-30,EGYPT,MID,1122781.3062622396,73.0,True,2025-04-30
MANAGEM MOROCCO (MOROCCO),OK,1066206.2722410068,542.1663975634913,83,83,1066206.2722410068,1066206.2722410068,213241.2544482014,30,,,,,2025-04-30,2025-03-31,2025-04-30,MOROCCO,MID,1066206.2722410068,74.0,True,2025-04-30
SIDI KERIR PETROCHEMICALS EGYPT (EGYPT),OK,984150.6484207307,0.4260101664664901,86,86,984150.6484207307,984150.6484207307,196830.12968414614,30,,,,,2025-04-30,2025-03-31,2025-04-30,EGYPT,MID,984150.6484207307,75.0,True,2025-04-30
ZENITH BANK NIGERIA (NIGERIA),OK,924934.9621593975,0.03072015896048211,86,86,924934.9621593975,924934.9621593975,184986.9924318795,30,,,,,2025-04-30,2025-03-31,2025-04-30,NIGERIA,MID,924934.9621593975,76.0,True,2025-04-30
IBNSINA PHARMA (EGYPT),OK,914698.2091272919,0.1755090653301331,86,86,914698.2091272919,914698.2091272919,182939.64182545838,30,,,,,2025-04-30,2025-03-31,2025-04-30,EGYPT,MID,914698.2091272919,77.0,True,2025-04-30
LAFARGEHOLCIM MAROC MOROCCO (MOROCCO),OK,898791.6314858511,205.5264252118175,87,87,898791.6314858511,898791.6314858511,179758.32629717025,30,,,,,2025-04-30,2025-03-31,2025-04-30,MOROCCO,MID,898791.6314858511,78.0,True,2025-04-30
RAUBEX (SOUTH AFRICA),OK,891415.0551836435,2.40818553679488,87,87,891415.0551836435,891415.0551836435,178283.0110367287,30,,,,,2025-04-30,2025-03-31,2025-04-30,SOUTH AFRICA,HIGH,891415.0551836435,79.0,True,2025-04-30
KCB GROUP KENYA (KENYA),OK,882048.3312816374,0.3333151453182863,85,85,882048.3312816374,882048.3312816374,176409.6662563275,30,,,,,2025-04-30,2025-03-31,2025-04-30,KENYA,MID,882048.3312816374,80.0,True,2025-04-30
ORASCOM INVESTMENT HOLDING EGYPT (EGYPT),OK,850618.2829309965,0.01305929911137406,86,86,850618.2829309965,850618.2829309965,170123.6565861993,30,,,,,2025-04-30,2025-03-31,2025-04-30,EGYPT,MID,850618.2829309965,81.0,True,2025-04-30
BANK OF AFRICA MOROCCO (MOROCCO),OK,767311.6691033435,21.15744965790596,87,87,767311.6691033435,767311.6691033435,153462.33382066872,30,,,,,2025-04-30,2025-03-31,2025-04-30,MOROCCO,MID,767311.6691033435,82.0,True,2025-04-30
CHOPPIES ENTERPRISES LIMITED (SOUTH AFRICA),OK,743892.7077602408,5.735075558254986,87,87,743892.7077602408,743892.7077602408,148778.54155204815,30,,,,,2025-04-30,2025-03-31,2025-04-30,SOUTH AFRICA,HIGH,743892.7077602408,83.0,True,2025-04-30
SAFARICOM KENYA (KENYA),OK,735488.7610367547,0.1447133371132773,85,85,735488.7610367547,735488.7610367547,147097.75220735095,30,,,,,2025-04-30,2025-03-31,2025-04-30,KENYA,MID,735488.7610367547,84.0,True,2025-04-30
JUHAYNA FOOD INDUSTRIES (EGYPT),OK,668187.7985588034,0.6529649555687028,86,86,668187.7985588034,668187.7985588034,133637.5597117607,30,,,,,2025-04-30,2025-03-31,2025-04-30,EGYPT,MID,668187.7985588034,85.0,True,2025-04-30
ABU QIR FERTILIZERS EGYPT (EGYPT),OK,649869.7694733717,1.12507840526171,86,86,649869.7694733717,649869.7694733717,129973.95389467434,30,,,,,2025-04-30,2025-03-31,2025-04-30,EGYPT,MID,649869.7694733717,86.0,True,2025-04-30
GEREGU POWER NIGERIA (NIGERIA),OK,629941.1357793087,0.7461076904976666,86,86,629941.1357793087,629941.1357793087,125988.22715586175,30,,,,,2025-04-30,2025-03-31,2025-04-30,NIGERIA,MID,629941.1357793087,87.0,True,2025-04-30
EL SEWEDY ELECTRIC (EGYPT),OK,562623.9540246292,1.612625572086342,86,86,562623.9540246292,562623.9540246292,112524.79080492584,30,,,,,2025-04-30,2025-03-31,2025-04-30,EGYPT,MID,562623.9540246292,88.0,True,2025-04-30
MCB GROUP LTD MAURITIUS (MAURITIUS),OK,545967.9830858768,10.69175304191077,82,82,545967.9830858768,545967.9830858768,109193.59661717537,30,,,,,2025-04-30,2025-03-31,2025-04-30,MAURITIUS,LOW,545967.9830858768,89.0,True,2025-04-30
PSG KONSULT (SOUTH AFRICA),OK,538159.2528042227,0.9864329960198576,87,87,538159.2528042227,538159.2528042227,107631.85056084456,30,,,,,2025-04-30,2025-03-31,2025-04-30,SOUTH AFRICA,HIGH,538159.2528042227,90.0,True,2025-04-30
GUARANTY TRUST HOLDING COMPANY NIGERIA (NIGERIA),OK,537825.0365235343,0.04496908375491849,86,86,537825.0365235343,537825.0365235343,107565.00730470687,30,,,,,2025-04-30,2025-03-31,2025-04-30,NIGERIA,MID,537825.0365235343,91.0,True,2025-04-30
ABU DHABI ISLAMIC BANK EGYPT (EGYPT),OK,455730.91246664163,0.8504373875861468,86,86,455730.91246664163,455730.91246664163,91146.18249332834,30,,,,,2025-04-30,2025-03-31,2025-04-30,EGYPT,MID,455730.91246664163,92.0,True,2025-04-30
RAYA HOLDING EGYPT (EGYPT),OK,440101.3900068597,0.04669688773157996,86,86,440101.3900068597,440101.3900068597,88020.27800137195,30,,,,,2025-04-30,2025-03-31,2025-04-30,EGYPT,MID,440101.3900068597,93.0,True,2025-04-30
TELECOM EGYPT (EGYPT),OK,438702.2423367247,0.6984746342901578,86,86,438702.2423367247,438702.2423367247,87740.44846734495,30,,,,,2025-04-30,2025-03-31,2025-04-30,EGYPT,MID,438702.2423367247,94.0,True,2025-04-30
SONATEL SENEGAL (SENEGAL),OK,419971.7977609532,41.49471946499033,86,86,419971.7977609532,419971.7977609532,83994.35955219064,30,,,,,2025-04-30,2025-03-31,2025-04-30,SENEGAL,LOW,419971.7977609532,95.0,True,2025-04-30
GB AUTO EGYPT (EGYPT),OK,398745.32240618224,0.4006830409171586,86,86,398745.32240618224,398745.32240618224,79749.06448123645,30,,,,,2025-04-30,2025-03-31,2025-04-30,EGYPT,MID,398745.32240618224,96.0,True,2025-04-30
UNITED BANK FOR AFRICA NIGERIA (NIGERIA),OK,386281.7862362797,0.02411859288599553,86,86,386281.7862362797,386281.7862362797,77256.35724725595,30,,,,,2025-04-30,2025-03-31,2025-04-30,NIGERIA,MID,386281.7862362797,97.0,True,2025-04-30
ARABIAN CEMENT COMPANY (EGYPT),OK,377366.99119180534,0.4485671376588635,86,86,377366.99119180534,377366.99119180534,75473.39823836107,30,,,,,2025-04-30,2025-03-31,2025-04-30,EGYPT,MID,377366.99119180534,98.0,True,2025-04-30
CIH BANK (MOROCCO),OK,375240.2576821852,44.28052251016562,85,85,375240.2576821852,375240.2576821852,75048.05153643705,30,,,,,2025-04-30,2025-03-31,2025-04-30,MOROCCO,MID,375240.2576821852,99.0,True,2025-04-30
EQUITY GROUP HOLDINGS KENYA (KENYA),OK,340282.5637143623,0.3724589168325335,85,85,340282.5637143623,340282.5637143623,68056.51274287245,30,,,,,2025-04-30,2025-03-31,2025-04-30,KENYA,MID,340282.5637143623,100.0,True,2025-04-30
FIDELITY BANK NIGERIA (NIGERIA),OK,334042.5208764116,0.01241878766487575,86,86,334042.5208764116,334042.5208764116,66808.50417528232,30,,,,,2025-04-30,2025-03-31,2025-04-30,NIGERIA,MID,334042.5208764116,101.0,True,2025-04-30
ATLANTASANAD MOROCCO (MOROCCO),OK,328939.2455343008,15.0121771436903,86,86,328939.2455343008,328939.2455343008,65787.84910686016,30,,,,,2025-04-30,2025-03-31,2025-04-30,MOROCCO,MID,328939.2455343008,102.0,True,2025-04-30
MTN NIGERIA (NIGERIA),OK,326894.65408598137,0.1601369988365557,86,86,326894.65408598137,326894.65408598137,65378.93081719628,30,,,,,2025-04-30,2025-03-31,2025-04-30,NIGERIA,MID,326894.65408598137,103.0,True,2025-04-30
ALEXANDRIA MINERAL OILS EGYPT (EGYPT),OK,326389.64635091164,0.1582945346833219,86,86,326389.64635091164,326389.64635091164,65277.92927018233,30,,,,,2025-04-30,2025-03-31,2025-04-30,EGYPT,MID,326389.64635091164,104.0,True,2025-04-30
ATTIJARI BANK TUNISIA (TUNISIA),OK,211409.19381056933,24.07959537150071,79,79,211409.19381056933,211409.19381056933,42281.83876211387,30,,,,,2025-04-30,2025-03-31,2025-04-30,TUNISIA,LOW,211409.19381056933,105.0,True,2025-04-30
MTN GHANA (GHANA),OK,209165.7825924378,0.208320136459485,81,81,209165.7825924378,209165.7825924378,41833.156518487565,30,,,,,2025-04-30,2025-03-31,2025-04-30,GHANA,LOW,209165.7825924378,106.0,True,2025-04-30
ALEXANDRIA CONTAINERS AND GOODS (EGYPT),OK,204671.20217693844,0.4180954397323239,86,86,204671.20217693844,204671.20217693844,40934.24043538769,30,,,,,2025-04-30,2025-03-31,2025-04-30,EGYPT,MID,204671.20217693844,107.0,True,2025-04-30
DELTA CORPORATION LIMITED (ZIMBABWE),OK,203593.9566375339,0.5841124310239117,85,85,203593.9566375339,203593.9566375339,40718.791327506784,30,,,,,2025-04-30,2025-03-31,2025-04-30,ZIMBABWE,LOW,203593.9566375339,108.0,True,2025-04-30
CRDB BANK PLC TANZANIA (TANZANIA),OK,203064.15243857587,0.3033488546830646,84,84,203064.15243857587,203064.15243857587,40612.830487715175,30,,,,,2025-04-30,2025-03-31,2025-04-30,TANZANIA,LOW,203064.15243857587,109.0,True,2025-04-30
