Company,CoveragePct,FirstValidDate,LastValidDate,LargeGapCount,MaxGapDays,LatestAvgDailyUSDLiquidity,MeanAvgDailyUSDLiquidity,LiquidityTier,LatestRank,AM100,AM200,AM300,Status,Reason
CRDB BANK PLC TANZANIA (TANZANIA),0.6585496387476586,2016-01-04,2026-12-03,12,31,3066986154.5614033,266802571.16036782,AM100-scale,7.0,True,False,True,Included AM100,coverage_below_95pct; starts_after_2016; large_data_gaps
BLUE LABEL TELECOMS (SOUTH AFRICA),0.683971099812684,2016-01-02,2026-12-03,9,31,2855006409.8850574,1214544110.7297888,AM100-scale,1.0,True,False,True,Included AM100,coverage_below_95pct; starts_after_2016; large_data_gaps
GUARANTY TRUST HOLDING COMPANY NIGERIA (NIGERIA),0.6604227990366605,2016-01-04,2026-12-03,12,31,2354960903.95,769654437.0581897,AM100-scale,8.0,True,False,True,Included AM100,coverage_below_95pct; starts_after_2016; large_data_gaps
ZENITH BANK NIGERIA (NIGERIA),0.6604227990366605,2016-01-04,2026-12-03,12,31,2258143111.759706,679492099.333944,AM100-scale,11.0,True,False,True,Included AM100,coverage_below_95pct; starts_after_2016; large_data_gaps
ARADEL HOLDINGS NIGERIA (NIGERIA),0.09526358041209526,2024-01-11,2026-12-03,20,32,2250389028.521177,1528899187.8318856,AM100-scale,2.0,True,False,True,Included AM100,coverage_below_95pct; starts_after_2016; large_data_gaps
NASPERS (SOUTH AFRICA),0.683971099812684,2016-01-02,2026-12-03,9,31,1992229098.7419543,2319085187.104692,AM100-scale,3.0,True,False,True,Included AM100,coverage_below_95pct; starts_after_2016; large_data_gaps
MTN NIGERIA (NIGERIA),0.45303719561145306,2019-01-07,2026-12-03,13,31,1768027619.8441176,578526396.3114971,AM100-scale,17.0,True,False,True,Included AM100,coverage_below_95pct; starts_after_2016; large_data_gaps
GRINDROD (SOUTH AFRICA),0.683971099812684,2016-01-02,2026-12-03,9,31,1747492744.7126436,833356308.9392354,AM100-scale,15.0,True,False,True,Included AM100,coverage_below_95pct; starts_after_2016; large_data_gaps
ANGLOGOLD ASHANTI ADR (SOUTH AFRICA),0.683971099812684,2016-01-02,2026-12-03,9,31,1549587791.2787359,509632442.3827628,AM100-scale,9.0,True,False,True,Included AM100,coverage_below_95pct; starts_after_2016; large_data_gaps
GOLD FIELDS (SOUTH AFRICA),0.683971099812684,2016-01-02,2026-12-03,9,31,1499425518.2057471,442686057.37309885,AM100-scale,10.0,True,False,True,Included AM100,coverage_below_95pct; starts_after_2016; large_data_gaps
DANGOTE CEMENT NIGERIA (NIGERIA),0.6604227990366605,2016-01-04,2026-12-03,12,31,1327546865.0094118,268121005.6124865,AM100-scale,24.0,True,False,True,Included AM100,coverage_below_95pct; starts_after_2016; large_data_gaps
PPC (SOUTH AFRICA),0.683971099812684,2016-01-02,2026-12-03,9,31,1112845374.8275862,1549998593.1310692,AM100-scale,6.0,True,False,True,Included AM100,coverage_below_95pct; starts_after_2016; large_data_gaps
FIRSTRAND (SOUTH AFRICA),0.683971099812684,2016-01-02,2026-12-03,9,31,1025867817.2413793,738327634.2095666,AM100-scale,13.0,True,False,True,Included AM100,coverage_below_95pct; starts_after_2016; large_data_gaps
UNITED BANK FOR AFRICA NIGERIA (NIGERIA),0.6604227990366605,2016-01-04,2026-12-03,12,31,894030517.3920587,356285110.305254,AM100-scale,21.0,True,False,True,Included AM100,coverage_below_95pct; starts_after_2016; large_data_gaps
CAPITEC BANK (SOUTH AFRICA),0.683971099812684,2016-01-02,2026-12-03,9,31,881708298.4885057,403206684.4590871,AM100-scale,37.0,True,False,True,Included AM100,coverage_below_95pct; starts_after_2016; large_data_gaps
PROSUS (SOUTH AFRICA),0.43724913031843726,2019-01-10,2026-12-03,17,31,864977109.3132184,997550812.1436776,AM100-scale,18.0,True,False,True,Included AM100,coverage_below_95pct; starts_after_2016; large_data_gaps
SIBANYE STILLWATER (SOUTH AFRICA),0.683971099812684,2016-01-02,2026-12-03,9,31,848805578.1609195,420770663.1598452,AM100-scale,20.0,True,False,True,Included AM100,coverage_below_95pct; starts_after_2016; large_data_gaps
IMPALA PLATINUM HOLDINGS (SOUTH AFRICA),0.683971099812684,2016-01-02,2026-12-03,9,31,847129056.7816092,426344471.9451213,AM100-scale,19.0,True,False,True,Included AM100,coverage_below_95pct; starts_after_2016; large_data_gaps
FIRST HOLDCO NIGERIA (NIGERIA),0.6604227990366605,2016-01-04,2026-12-03,12,31,833562475.3255882,319212603.60702175,AM100-scale,23.0,True,False,True,Included AM100,coverage_below_95pct; starts_after_2016; large_data_gaps
MTN GROUP (SOUTH AFRICA),0.683971099812684,2016-01-02,2026-12-03,9,31,832618864.8821839,639670731.9547707,AM100-scale,16.0,True,False,True,Included AM100,coverage_below_95pct; starts_after_2016; large_data_gaps
STANDARD BANK GROUP (SOUTH AFRICA),0.683971099812684,2016-01-02,2026-12-03,9,31,763101480.4683908,613158935.0185301,AM100-scale,22.0,True,False,True,Included AM100,coverage_below_95pct; starts_after_2016; large_data_gaps
LAFARGE AFRICA NIGERIA (NIGERIA),0.6604227990366605,2016-01-04,2026-12-03,12,31,759199110.8870587,114801893.88467497,AM100-scale,40.0,True,False,True,Included AM100,coverage_below_95pct; starts_after_2016; large_data_gaps
FIDELITY BANK NIGERIA (NIGERIA),0.6604227990366605,2016-01-04,2026-12-03,12,31,730974046.4344118,163528367.04922587,AM100-scale,55.0,True,False,True,Included AM100,coverage_below_95pct; starts_after_2016; large_data_gaps
HARMONY GOLD MINING COMPANY (SOUTH AFRICA),0.683971099812684,2016-01-02,2026-12-03,9,31,724075859.3965517,197703863.01661405,AM100-scale,27.0,True,False,True,Included AM100,coverage_below_95pct; starts_after_2016; large_data_gaps
SEPLAT ENERGY NIGERIA (NIGERIA),0.6601552047096602,2016-01-04,2026-12-03,12,31,689731552.2723529,189690502.8065042,AM100-scale,26.0,True,False,True,Included AM100,coverage_below_95pct; starts_after_2016; large_data_gaps
NORTHAM PLATINUM HOLDINGS (SOUTH AFRICA),0.683971099812684,2016-01-02,2026-12-03,9,31,663021850.2982758,190367355.23038825,AM100-scale,30.0,True,False,True,Included AM100,coverage_below_95pct; starts_after_2016; large_data_gaps
FCMB GROUP NIGERIA (NIGERIA),0.6604227990366605,2016-01-04,2026-12-03,12,31,627794379.7141176,74719525.3293912,AM100-scale,52.0,True,False,True,Included AM100,coverage_below_95pct; starts_after_2016; large_data_gaps
BRITISH AMERICAN TOBACCO (SOUTH AFRICA),0.683971099812684,2016-01-02,2026-12-03,9,31,606447294.6074713,511089157.4281789,AM100-scale,29.0,True,False,True,Included AM100,coverage_below_95pct; starts_after_2016; large_data_gaps
PRESCO PLC NIGERIA (NIGERIA),0.6601552047096602,2016-01-04,2026-12-03,12,31,599446549.8952941,69371192.30825675,AM100-scale,53.0,True,False,True,Included AM100,coverage_below_95pct; starts_after_2016; large_data_gaps
TANZANIA BREWERIES LTD (TANZANIA),0.6582820444206583,2016-01-04,2026-12-03,12,31,582713485.9649123,612065435.1398367,AM100-scale,12.0,True,False,True,Included AM100,coverage_below_95pct; starts_after_2016; large_data_gaps
NMB BANK TANZANIA (TANZANIA),0.6582820444206583,2016-01-04,2026-12-03,12,31,581329716.2573099,288001367.5664018,AM100-scale,32.0,True,False,True,Included AM100,coverage_below_95pct; starts_after_2016; large_data_gaps
ABSA (SOUTH AFRICA),0.683971099812684,2016-01-02,2026-12-03,9,31,567268238.7643678,438439482.0548134,AM100-scale,28.0,True,False,True,Included AM100,coverage_below_95pct; starts_after_2016; large_data_gaps
ANGLO AMERICAN (SOUTH AFRICA),0.683971099812684,2016-01-02,2026-12-03,9,31,562320805.2097701,654245410.795727,AM100-scale,25.0,True,False,True,Included AM100,coverage_below_95pct; starts_after_2016; large_data_gaps
NIGERIAN BREWERIES (NIGERIA),0.6604227990366605,2016-01-04,2026-12-03,12,31,556129690.8241177,221821719.59189096,AM100-scale,31.0,True,False,True,Included AM100,coverage_below_95pct; starts_after_2016; large_data_gaps
SHOPRITE HOLDINGS (SOUTH AFRICA),0.683971099812684,2016-01-02,2026-12-03,9,31,384744876.90804595,335243602.6069799,AM100-scale,35.0,True,False,True,Included AM100,coverage_below_95pct; starts_after_2016; large_data_gaps
GLENCORE (SOUTH AFRICA),0.683971099812684,2016-01-02,2026-12-03,9,31,373977884.1678161,209394412.2544361,AM100-scale,42.0,True,False,True,Included AM100,coverage_below_95pct; starts_after_2016; large_data_gaps
STANBIC IBTC HOLDINGS NIGERIA (NIGERIA),0.6604227990366605,2016-01-04,2026-12-03,12,31,367134202.1897059,82497636.90046327,AM100-scale,90.0,True,False,True,Included AM100,coverage_below_95pct; starts_after_2016; large_data_gaps
COMMERCIAL INTERNATIONAL BANK EGYPT (EGYPT),0.6438319507626439,2016-01-06,2026-12-03,12,61,363715949.9316071,176467696.6026219,AM100-scale,45.0,True,False,True,Included AM100,coverage_below_95pct; starts_after_2016; large_data_gaps
SANLAM (SOUTH AFRICA),0.683971099812684,2016-01-02,2026-12-03,9,31,343468954.6545977,340005350.9950647,AM100-scale,38.0,True,False,True,Included AM100,coverage_below_95pct; starts_after_2016; large_data_gaps
OKOMU OIL PALM NIGERIA (NIGERIA),0.6604227990366605,2016-01-04,2026-12-03,12,31,336632510.0517647,50045668.46396558,AM100-scale,59.0,True,False,True,Included AM100,coverage_below_95pct; starts_after_2016; large_data_gaps
BID CORP (SOUTH AFRICA),0.6569440727856569,2016-01-06,2026-12-03,14,31,330882028.90459764,295034767.54229534,AM100-scale,44.0,True,False,True,Included AM100,coverage_below_95pct; starts_after_2016; large_data_gaps
DISCOVERY HOLDINGS (SOUTH AFRICA),0.683971099812684,2016-01-02,2026-12-03,9,31,325891513.38793105,211528811.55455625,AM100-scale,48.0,True,False,True,Included AM100,coverage_below_95pct; starts_after_2016; large_data_gaps
NESTLÉ NIGERIA (NIGERIA),0.6604227990366605,2016-01-04,2026-12-03,12,31,325537270.0994118,191396232.49638683,AM100-scale,46.0,True,False,True,Included AM100,coverage_below_95pct; starts_after_2016; large_data_gaps
OANDO PLC NIGERIA (NIGERIA),0.6604227990366605,2016-01-04,2026-12-03,12,31,321666755.9917647,100441868.91933005,AM100-scale,41.0,True,False,True,Included AM100,coverage_below_95pct; starts_after_2016; large_data_gaps
BHP (SOUTH AFRICA),0.27722772277227725,2022-01-02,2026-12-03,10,31,295164748.76896554,380295065.3154969,AM100-scale,43.0,True,False,True,Included AM100,coverage_below_95pct; starts_after_2016; large_data_gaps
MTN UGANDA (UGANDA),0.2847203639282847,2021-06-12,2026-12-03,15,62,290185384.87863094,85583120.06531985,AM100-scale,51.0,True,False,True,Included AM100,coverage_below_95pct; starts_after_2016; large_data_gaps
OLD MUTUAL (SOUTH AFRICA),0.6837035054856837,2016-01-02,2026-12-03,9,31,286420515.51724136,190628098.0546043,AM100-scale,49.0,True,False,True,Included AM100,coverage_below_95pct; starts_after_2016; large_data_gaps
MR PRICE (SOUTH AFRICA),0.683971099812684,2016-01-02,2026-12-03,9,31,284388496.2172414,252127754.54920232,AM100-scale,50.0,True,False,True,Included AM100,coverage_below_95pct; starts_after_2016; large_data_gaps
NBS BANK MALAWI (MALAWI),0.6465078940326465,2016-01-06,2026-12-03,16,31,267256555.45641175,64809838.9057499,AM100-scale,67.0,True,False,True,Included AM100,coverage_below_95pct; starts_after_2016; large_data_gaps
DANGOTE SUGAR REFINERY NIGERIA (NIGERIA),0.6604227990366605,2016-01-04,2026-12-03,12,31,249366159.4976471,68130588.92111327,AM100-scale,65.0,True,False,True,Included AM100,coverage_below_95pct; starts_after_2016; large_data_gaps
CLICKS (SOUTH AFRICA),0.683971099812684,2016-01-02,2026-12-03,9,31,247609279.54885057,197546274.64123997,AM100-scale,54.0,True,False,True,Included AM100,coverage_below_95pct; starts_after_2016; large_data_gaps
SONATEL SENEGAL (SENEGAL),0.6622959593256623,2016-01-04,2026-12-03,12,31,238184949.24418604,229970327.27793473,AM100-scale,58.0,True,False,True,Included AM100,coverage_below_95pct; starts_after_2016; large_data_gaps
WOOLWORTHS HOLDINGS (SOUTH AFRICA),0.683971099812684,2016-01-02,2026-12-03,9,31,235666240.84310347,253354447.76883423,AM100-scale,64.0,True,False,True,Included AM100,coverage_below_95pct; starts_after_2016; large_data_gaps
TRANSCORP POWER NIGERIA (NIGERIA),0.13513513513513514,2024-01-07,2026-12-03,11,31,228086552.6117647,402320117.07749826,AM100-scale,72.0,True,False,True,Included AM100,coverage_below_95pct; starts_after_2016; large_data_gaps
NASCON ALLIED INDUSTRIES NIGERIA (NIGERIA),0.6604227990366605,2016-01-04,2026-12-03,12,31,221997431.97,35887376.86578605,AM100-scale,74.0,True,False,True,Included AM100,coverage_below_95pct; starts_after_2016; large_data_gaps
SAFARICOM KENYA (KENYA),0.6622959593256623,2016-01-04,2026-12-03,12,31,209463327.89529413,212210923.89817306,AM100-scale,69.0,True,False,True,Included AM100,coverage_below_95pct; starts_after_2016; large_data_gaps
VODACOM (SOUTH AFRICA),0.683971099812684,2016-01-02,2026-12-03,9,31,208499833.9758621,226392047.1080524,AM100-scale,47.0,True,False,True,Included AM100,coverage_below_95pct; starts_after_2016; large_data_gaps
BIDVEST (SOUTH AFRICA),0.683971099812684,2016-01-02,2026-12-03,9,31,196060395.99827588,216492386.5362826,AM100-scale,61.0,True,False,True,Included AM100,coverage_below_95pct; starts_after_2016; large_data_gaps
ASPEN PHARMACARE HOLDINGS (SOUTH AFRICA),0.683971099812684,2016-01-02,2026-12-03,9,31,194344755.05,257867845.78756976,AM100-scale,71.0,True,False,True,Included AM100,coverage_below_95pct; starts_after_2016; large_data_gaps
REINET INVEST (SOUTH AFRICA),0.683971099812684,2016-01-02,2026-12-03,9,31,193935028.09712645,345836969.5867062,AM100-scale,56.0,True,False,True,Included AM100,coverage_below_95pct; starts_after_2016; large_data_gaps
BUA CEMENT NIGERIA (NIGERIA),0.41022210329141023,2020-01-04,2026-12-03,9,31,191592558.21705884,80009895.86830679,AM100-scale,60.0,True,False,True,Included AM100,coverage_below_95pct; starts_after_2016; large_data_gaps
TANZANIA CIGARETTE COMPANY (TANZANIA),0.6577468557666577,2016-01-04,2026-12-03,12,31,182671778.0116959,176368384.6171981,AM100-scale,34.0,True,False,True,Included AM100,coverage_below_95pct; starts_after_2016; large_data_gaps
OUTSURANCE (SOUTH AFRICA),0.683971099812684,2016-01-02,2026-12-03,9,31,181656476.7270115,66723966.807326086,AM100-scale,66.0,True,False,True,Included AM100,coverage_below_95pct; starts_after_2016; large_data_gaps
TALAAT MOUSTAFA GROUP EGYPT (EGYPT),0.6435643564356436,2016-01-06,2026-12-03,12,61,181027996.9614881,73104991.65012726,AM100-scale,57.0,True,False,True,Included AM100,coverage_below_95pct; starts_after_2016; large_data_gaps
EFG HOLDING EGYPT (EGYPT),0.6438319507626439,2016-01-06,2026-12-03,12,61,179046780.1885119,78982217.02916166,AM100-scale,76.0,True,False,True,Included AM100,coverage_below_95pct; starts_after_2016; large_data_gaps
STANDARD BANK MALAWI (MALAWI),0.6416911961466417,2016-01-07,2026-12-03,20,31,167999999.34235296,23374606.716654897,AM100-scale,78.0,True,False,True,Included AM100,coverage_below_95pct; starts_after_2016; large_data_gaps
FOSCHINI (SOUTH AFRICA),0.683971099812684,2016-01-02,2026-12-03,9,31,167975859.1591954,199791531.72559217,AM100-scale,88.0,True,False,True,Included AM100,coverage_below_95pct; starts_after_2016; large_data_gaps
REMGRO (SOUTH AFRICA),0.683971099812684,2016-01-02,2026-12-03,9,31,163655531.81839082,173875575.53748533,AM100-scale,62.0,True,False,True,Included AM100,coverage_below_95pct; starts_after_2016; large_data_gaps
KUMBA IRON ORE (SOUTH AFRICA),0.683971099812684,2016-01-02,2026-12-03,9,31,162811190.74425286,152173937.30390033,AM100-scale,80.0,True,False,True,Included AM100,coverage_below_95pct; starts_after_2016; large_data_gaps
MONDI (SOUTH AFRICA),0.683971099812684,2016-01-02,2026-12-03,9,31,162324206.7908046,196830996.20250005,AM100-scale,63.0,True,False,True,Included AM100,coverage_below_95pct; starts_after_2016; large_data_gaps
BELTONE HOLDING EGYPT (EGYPT),0.6424939791276425,2016-01-06,2026-12-03,12,61,160861127.59029764,56189617.81058138,AM100-scale,92.0,True,False,True,Included AM100,coverage_below_95pct; starts_after_2016; large_data_gaps
CUSTODIAN INVESTMENT NIGERIA (NIGERIA),0.6604227990366605,2016-01-04,2026-12-03,12,31,159031356.53735295,18504853.265660528,AM100-scale,99.0,True,False,True,Included AM100,coverage_below_95pct; starts_after_2016; large_data_gaps
STERLING FINANCIAL HOLDINGS NIGERIA (NIGERIA),0.6601552047096602,2016-01-04,2026-12-03,12,31,150457887.4714706,33731299.4615549,AM100-scale,85.0,True,False,True,Included AM100,coverage_below_95pct; starts_after_2016; large_data_gaps
BUA FOODS NIGERIA (NIGERIA),0.2785656944072786,2022-01-02,2026-12-03,9,31,147527372.18058825,126045265.21762337,AM100-scale,79.0,True,False,True,Included AM100,coverage_below_95pct; starts_after_2016; large_data_gaps
NICO HOLDINGS MALAWI (MALAWI),0.6398180358576399,2016-01-09,2026-12-03,18,31,146184209.31041178,23729513.25726822,AM100-scale,89.0,True,False,True,Included AM100,coverage_below_95pct; starts_after_2016; large_data_gaps
TIGER BRANDS (SOUTH AFRICA),0.683971099812684,2016-01-02,2026-12-03,9,31,141801623.15632182,146600644.5734587,AM100-scale,77.0,True,False,True,Included AM100,coverage_below_95pct; starts_after_2016; large_data_gaps
FAWRY EGYPT (EGYPT),0.42734814021942735,2019-01-09,2026-12-03,18,61,139300940.94380954,55936362.89601086,AM100-scale,36.0,True,False,True,Included AM100,coverage_below_95pct; starts_after_2016; large_data_gaps
FDH BANK MALAWI (MALAWI),0.3746320578003746,2020-01-09,2026-12-03,17,31,135767113.48429412,55666658.51699046,AM100-scale,95.0,True,False,True,Included AM100,coverage_below_95pct; starts_after_2016; large_data_gaps
GUINNESS NIGERIA (NIGERIA),0.6604227990366605,2016-01-04,2026-12-03,12,31,134808400.31882355,45654478.17440377,AM100-scale,91.0,True,False,True,Included AM100,coverage_below_95pct; starts_after_2016; large_data_gaps
ORASCOM INVESTMENT HOLDING EGYPT (EGYPT),0.6438319507626439,2016-01-06,2026-12-03,12,61,133447317.7585119,32861959.110258747,AM100-scale,86.0,True,False,True,Included AM100,coverage_below_95pct; starts_after_2016; large_data_gaps
EQUITY GROUP HOLDINGS KENYA (KENYA),0.6644367139416645,2016-01-04,2026-12-03,12,31,131185316.87941177,83457463.4040612,AM100-scale,73.0,True,False,True,Included AM100,coverage_below_95pct; starts_after_2016; large_data_gaps
STANBIC BANK UGANDA (UGANDA),0.6550709124966551,2016-01-07,2026-12-03,13,31,130719319.9834524,63693656.03221556,AM100-scale,87.0,True,False,True,Included AM100,coverage_below_95pct; starts_after_2016; large_data_gaps
INVESTEC (SOUTH AFRICA),0.683971099812684,2016-01-02,2026-12-03,9,31,127599752.51206897,106427784.76978882,AM100-scale,81.0,True,False,True,Included AM100,coverage_below_95pct; starts_after_2016; large_data_gaps
KCB GROUP KENYA (KENYA),0.6641691196146642,2016-01-04,2026-12-03,12,31,127183901.53911765,65188917.75740585,AM100-scale,82.0,True,False,True,Included AM100,coverage_below_95pct; starts_after_2016; large_data_gaps
NATIONAL BANK OF MALAWI (MALAWI),0.6427615734546428,2016-01-08,2026-12-03,17,31,122940094.30358826,45846636.40433211,AM100-scale,96.0,True,False,True,Included AM100,coverage_below_95pct; starts_after_2016; large_data_gaps
TRUWORTHS INT (SOUTH AFRICA),0.683971099812684,2016-01-02,2026-12-03,9,31,121236569.77988507,153483953.33976048,AM100-scale,83.0,True,False,True,Included AM100,coverage_below_95pct; starts_after_2016; large_data_gaps
EXXARO RESOURCES (SOUTH AFRICA),0.683971099812684,2016-01-02,2026-12-03,9,31,117065733.5816092,141479295.21010336,AM100-scale,75.0,True,False,True,Included AM100,coverage_below_95pct; starts_after_2016; large_data_gaps
PALM HILLS DEVELOPMANT COMPANY EGYPT (EGYPT),0.6438319507626439,2016-01-06,2026-12-03,12,61,115513027.05291669,47079774.36071132,AM100-scale,100.0,True,False,True,Included AM100,coverage_below_95pct; starts_after_2016; large_data_gaps
AFRICAN RAINBOW MINERALS (SOUTH AFRICA),0.683971099812684,2016-01-02,2026-12-03,9,31,109333743.02816093,97187957.22455026,AM100-scale,84.0,True,False,True,Included AM100,coverage_below_95pct; starts_after_2016; large_data_gaps
UNILEVER NIGERIA (NIGERIA),0.6604227990366605,2016-01-04,2026-12-03,12,31,106584091.7797059,30946143.600007337,AM100-scale,97.0,True,False,True,Included AM100,coverage_below_95pct; starts_after_2016; large_data_gaps
ABU QIR FERTILIZERS EGYPT (EGYPT),0.6438319507626439,2016-01-06,2026-12-03,12,61,90097757.57119048,32454141.11840932,AM100-scale,5.0,True,False,True,Included AM100,coverage_below_95pct; starts_after_2016; large_data_gaps
TANZANIA PORTLAND CEMENT (TANZANIA),0.6582820444206583,2016-01-04,2026-12-03,12,31,85781978.42105263,34350693.06183765,AM100-scale,98.0,True,False,True,Included AM100,coverage_below_95pct; starts_after_2016; large_data_gaps
EGYPT ALUMINIUM (EGYPT),0.6435643564356436,2016-01-06,2026-12-03,12,61,69529382.52761905,28374694.47128225,AM100-scale,94.0,True,False,True,Included AM100,coverage_below_95pct; starts_after_2016; large_data_gaps
RAYA HOLDING EGYPT (EGYPT),0.6438319507626439,2016-01-06,2026-12-03,12,61,68079234.55327381,10526600.438439103,AM100-scale,4.0,True,False,True,Included AM100,coverage_below_95pct; starts_after_2016; large_data_gaps
EASTERN TOBACCO EGYPT (EGYPT),0.643029167781643,2016-01-06,2026-12-03,12,61,64640833.831011906,38588519.2942153,AM100-scale,14.0,True,False,True,Included AM100,coverage_below_95pct; starts_after_2016; large_data_gaps
ALEXANDRIA MINERAL OILS EGYPT (EGYPT),0.6438319507626439,2016-01-06,2026-12-03,12,61,59330890.115535714,19486092.77833014,AM100-scale,39.0,True,False,True,Included AM100,coverage_below_95pct; starts_after_2016; large_data_gaps
BANK OF AFRICA SENEGAL (SENEGAL),0.6622959593256623,2016-01-04,2026-12-03,12,31,31905929.941860463,8916413.574149137,AM100-scale,33.0,True,False,True,Included AM100,coverage_below_95pct; starts_after_2016; large_data_gaps
CUTIX PLC NIGERIA (NIGERIA),0.6601552047096602,2016-01-04,2026-12-03,12,31,29090767.248470586,5233192.57890607,AM100-scale,68.0,True,False,True,Included AM100,coverage_below_95pct; starts_after_2016; large_data_gaps
BANK OF AFRICA NIGER (NIGER),0.6622959593256623,2016-01-04,2026-12-03,12,31,13732710.319767442,16128136.631909888,AM100-scale,70.0,True,False,True,Included AM100,coverage_below_95pct; starts_after_2016; large_data_gaps
TOTALENERGIES MARKETING SENEGAL (SENEGAL),0.6622959593256623,2016-01-04,2026-12-03,12,31,7378060.377906977,6615737.408717454,AM100-scale,93.0,True,False,True,Included AM100,coverage_below_95pct; starts_after_2016; large_data_gaps
GEREGU POWER NIGERIA (NIGERIA),0.22825796093122827,2022-01-11,2026-12-03,18,31,493179080.3264706,347355398.0773006,AM100-scale,168.0,False,True,True,Included AM200,coverage_below_95pct; starts_after_2016; large_data_gaps
WEMA BANK NIGERIA (NIGERIA),0.6604227990366605,2016-01-04,2026-12-03,12,31,323569018.74147063,29561439.233907975,AM100-scale,115.0,False,True,True,Included AM200,coverage_below_95pct; starts_after_2016; large_data_gaps
TRANSCORP PLC NIGERIA (NIGERIA),0.6604227990366605,2016-01-04,2026-12-03,12,31,175757775.43676472,89141535.78107294,AM100-scale,117.0,False,True,True,Included AM200,coverage_below_95pct; starts_after_2016; large_data_gaps
TANGA CEMENT TANZANIA (TANZANIA),0.6465078940326465,2016-01-04,2026-12-03,14,31,160456145.55555555,47722060.78367563,AM100-scale,102.0,False,True,True,Included AM200,coverage_below_95pct; starts_after_2016; large_data_gaps
FMB CAPITAL HOLDINGS MALAWI (MALAWI),0.5643564356435643,2017-01-11,2026-12-03,19,31,154696703.37835294,30363770.06789292,AM100-scale,147.0,False,True,True,Included AM200,coverage_below_95pct; starts_after_2016; large_data_gaps
JAIZ BANK NIGERIA (NIGERIA),0.6028900187316029,2017-01-03,2026-12-03,10,31,110227693.38858825,13916001.760333885,AM100-scale,110.0,False,True,True,Included AM200,coverage_below_95pct; starts_after_2016; large_data_gaps
CADBURY NIGERIA (NIGERIA),0.6604227990366605,2016-01-04,2026-12-03,12,31,92151022.42029412,13178407.294341644,AM100-scale,112.0,False,True,True,Included AM200,coverage_below_95pct; starts_after_2016; large_data_gaps
AIICO INSURANCE NIGERIA (NIGERIA),0.6604227990366605,2016-01-04,2026-12-03,12,31,72895351.89717647,8665201.333245406,AM100-scale,105.0,False,True,True,Included AM200,coverage_below_95pct; starts_after_2016; large_data_gaps
TELECOM EGYPT (EGYPT),0.6435643564356436,2016-01-06,2026-12-03,12,61,71476272.60333332,24820976.171564844,AM100-scale,114.0,False,True,True,Included AM200,coverage_below_95pct; starts_after_2016; large_data_gaps
AVI (SOUTH AFRICA),0.683971099812684,2016-01-02,2026-12-03,9,31,69737750.01034482,76599051.17437989,AM100-scale,104.0,False,True,True,Included AM200,coverage_below_95pct; starts_after_2016; large_data_gaps
JULIUS BERGER NIGERIA (NIGERIA),0.6601552047096602,2016-01-04,2026-12-03,12,31,67171524.47176471,19086020.433147494,AM100-scale,109.0,False,True,True,Included AM200,coverage_below_95pct; starts_after_2016; large_data_gaps
ABU DHABI ISLAMIC BANK EGYPT (EGYPT),0.6438319507626439,2016-01-06,2026-12-03,12,61,64876224.00738095,12945100.929606048,AM100-scale,106.0,False,True,True,Included AM200,coverage_below_95pct; starts_after_2016; large_data_gaps
SPAR (SOUTH AFRICA),0.683971099812684,2016-01-02,2026-12-03,9,31,63465628.375287354,123849233.33172472,AM100-scale,101.0,False,True,True,Included AM200,coverage_below_95pct; starts_after_2016; large_data_gaps
NATIONAL INVESTMENT COMPANY TANZANIA (TANZANIA),0.5151190794755152,2018-01-08,2026-12-03,14,31,61464543.65497076,6820466.589289857,AM100-scale,118.0,False,True,True,Included AM200,coverage_below_95pct; starts_after_2016; large_data_gaps
HONEYWELL FLOUR MILLS NIGERIA (NIGERIA),0.6604227990366605,2016-01-04,2026-12-03,12,31,56827656.71452942,11329166.868398469,AM100-scale,113.0,False,True,True,Included AM200,coverage_below_95pct; starts_after_2016; large_data_gaps
LIFE HEALTHCARE (SOUTH AFRICA),0.683971099812684,2016-01-02,2026-12-03,9,31,56754410.64367816,67512446.18470906,AM100-scale,108.0,False,True,True,Included AM200,coverage_below_95pct; starts_after_2016; large_data_gaps
GB AUTO EGYPT (EGYPT),0.6438319507626439,2016-01-06,2026-12-03,12,61,56320090.522380956,17517472.192587387,AM100-scale,121.0,False,True,True,Included AM200,coverage_below_95pct; starts_after_2016; large_data_gaps
DCB COMMERCIAL BANK PLC TANZANIA (TANZANIA),0.658014450093658,2016-01-04,2026-12-03,12,31,55729688.918128654,3331604.900636413,AM100-scale,124.0,False,True,True,Included AM200,coverage_below_95pct; starts_after_2016; large_data_gaps
ATTIJARIWAFA BANK MOROCCO (MOROCCO),0.6612255820176612,2016-01-04,2026-12-03,11,59,53088428.19509203,28363964.893811516,AM100-scale,111.0,False,True,True,Included AM200,coverage_below_95pct; starts_after_2016; large_data_gaps
INTERNATIONAL BREWERIES NIGERIA (NIGERIA),0.6601552047096602,2016-01-04,2026-12-03,12,31,52746610.249,23777763.38149991,AM100-scale,103.0,False,True,True,Included AM200,coverage_below_95pct; starts_after_2016; large_data_gaps
BANK OF KIGALI RWANDA (RWANDA),0.643029167781643,2016-01-08,2026-12-03,12,31,50735351.744186044,16290234.823434543,AM100-scale,116.0,False,True,True,Included AM200,coverage_below_95pct; starts_after_2016; large_data_gaps
TOTALENERGIES MARKETING NIGERIA (NIGERIA),0.6604227990366605,2016-01-04,2026-12-03,12,31,43729634.8,25308291.98665136,AM100-scale,159.0,False,True,True,Included AM200,coverage_below_95pct; starts_after_2016; large_data_gaps
SIDI KERIR PETROCHEMICALS EGYPT (EGYPT),0.6435643564356436,2016-01-06,2026-12-03,12,61,42659679.957559526,24516167.170664247,AM100-scale,107.0,False,True,True,Included AM200,coverage_below_95pct; starts_after_2016; large_data_gaps
QUILTER (SOUTH AFRICA),0.5185978057265186,2018-01-08,2026-12-03,15,31,41786220.44885058,59068073.80321348,AM100-scale,123.0,False,True,True,Included AM200,coverage_below_95pct; starts_after_2016; large_data_gaps
EMAAR MISR EGYPT (EGYPT),0.6438319507626439,2016-01-06,2026-12-03,12,61,40182012.72535714,25414876.283716917,AM100-scale,129.0,False,True,True,Included AM200,coverage_below_95pct; starts_after_2016; large_data_gaps
AXA MANSARD NIGERIA (NIGERIA),0.6604227990366605,2016-01-04,2026-12-03,12,31,40074888.03394117,8736567.472980442,AM100-scale,126.0,False,True,True,Included AM200,coverage_below_95pct; starts_after_2016; large_data_gaps
DAR ES SALAAM STOCK EXCHANGE PLC (TANZANIA),0.6395504415306396,2016-01-08,2026-12-03,16,31,39021750.81871345,20068954.539279938,AM100-scale,122.0,False,True,True,Included AM200,coverage_below_95pct; starts_after_2016; large_data_gaps
MARSA MAROC MOROCCO (MOROCCO),0.6406208188386406,2016-01-08,2026-12-03,14,59,34656764.53374233,10438285.190562587,AM100-scale,130.0,False,True,True,Included AM200,coverage_below_95pct; starts_after_2016; large_data_gaps
EAST AFRICAN BREWERIES KENYA (KENYA),0.6617607706716617,2016-01-04,2026-12-03,12,31,34609074.011764705,41651626.032762304,AM100-scale,119.0,False,True,True,Included AM200,coverage_below_95pct; starts_after_2016; large_data_gaps
SANTAM (SOUTH AFRICA),0.683971099812684,2016-01-02,2026-12-03,9,31,34157702.11551724,15706240.883314399,AM100-scale,127.0,False,True,True,Included AM200,coverage_below_95pct; starts_after_2016; large_data_gaps
DIS-CHEM PHARMACIES (SOUTH AFRICA),0.6245651592186245,2016-01-12,2026-12-03,17,90,32949312.53448276,28583536.403847758,AM100-scale,120.0,False,True,True,Included AM200,coverage_below_95pct; starts_after_2016; large_data_gaps
ETERNA PLC NIGERIA (NIGERIA),0.6604227990366605,2016-01-04,2026-12-03,12,31,32387822.055882353,12403467.293093514,AM100-scale,125.0,False,True,True,Included AM200,coverage_below_95pct; starts_after_2016; large_data_gaps
CAP PLC NIGERIA (NIGERIA),0.6604227990366605,2016-01-04,2026-12-03,12,31,29716625.377647057,8079752.563598973,AM100-scale,140.0,False,True,True,Included AM200,coverage_below_95pct; starts_after_2016; large_data_gaps
STANBIC HOLDINGS KENYA (KENYA),0.6625635536526626,2016-01-04,2026-12-03,12,31,29307052.220588237,6353289.720308339,AM100-scale,142.0,False,True,True,Included AM200,coverage_below_95pct; starts_after_2016; large_data_gaps
NINETY ONE (SOUTH AFRICA),0.40299705646240297,2020-01-04,2026-12-03,11,31,29136013.67126437,21756417.807370536,AM100-scale,139.0,False,True,True,Included AM200,coverage_below_95pct; starts_after_2016; large_data_gaps
MAROC TELECOM MOROCCO (MOROCCO),0.6604227990366605,2016-01-04,2026-12-03,11,59,26514383.95865031,16700847.949150458,AM100-scale,132.0,False,True,True,Included AM200,coverage_below_95pct; starts_after_2016; large_data_gaps
UPDC PLC NIGERIA (NIGERIA),0.6604227990366605,2016-01-04,2026-12-03,12,31,26162528.14111765,3758766.388662109,AM100-scale,151.0,False,True,True,Included AM200,coverage_below_95pct; starts_after_2016; large_data_gaps
MCB GROUP LTD MAURITIUS (MAURITIUS),0.6577468557666577,2016-01-04,2026-12-02,13,31,24472832.140532546,18866022.029549357,AM100-scale,143.0,False,True,True,Included AM200,coverage_below_95pct; starts_after_2016; large_data_gaps
CO-OPERATIVE BANK KENYA (KENYA),0.6641691196146642,2016-01-04,2026-12-03,12,31,23319395.698235296,11389352.207683071,AM100-scale,131.0,False,True,True,Included AM200,coverage_below_95pct; starts_after_2016; large_data_gaps
RAUBEX (SOUTH AFRICA),0.683971099812684,2016-01-02,2026-12-03,9,31,23313742.886781607,7077513.10291716,AM100-scale,134.0,False,True,True,Included AM200,coverage_below_95pct; starts_after_2016; large_data_gaps
CORONATION (NAMIBIA),0.683971099812684,2016-01-02,2026-12-03,9,31,22531610.992528733,40796647.47623992,AM100-scale,146.0,False,False,False,Excluded,excluded_collective_investment_security; coverage_below_95pct; starts_after_2016; large_data_gaps
WILSON BAYLY HOLMES OVCON (SOUTH AFRICA),0.683971099812684,2016-01-02,2026-12-03,9,31,22441540.20632184,12382258.516208306,AM100-scale,128.0,False,True,True,Included AM200,coverage_below_95pct; starts_after_2016; large_data_gaps
ABSA BANK KENYA (KENYA),0.6644367139416645,2016-01-04,2026-12-03,12,31,21949836.535588235,7849386.340497369,AM100-scale,145.0,False,True,True,Included AM200,coverage_below_95pct; starts_after_2016; large_data_gaps
STANDARD CHARTERED BANK KENYA (KENYA),0.6641691196146642,2016-01-04,2026-12-03,12,31,21022605.75147059,6506078.840027778,AM100-scale,148.0,False,True,True,Included AM200,coverage_below_95pct; starts_after_2016; large_data_gaps
BANQUE CENTRALE POPULAIRE MOROCCO (MOROCCO),0.6612255820176612,2016-01-04,2026-12-03,11,59,20591439.114417177,13782229.583790144,AM100-scale,158.0,False,True,True,Included AM200,coverage_below_95pct; starts_after_2016; large_data_gaps
PSG KONSULT (SOUTH AFRICA),0.683971099812684,2016-01-02,2026-12-03,9,31,19577369.735057473,5723142.862435907,AM100-scale,137.0,False,True,True,Included AM200,coverage_below_95pct; starts_after_2016; large_data_gaps
BRALIRWA RWANDA (RWANDA),0.6427615734546428,2016-01-08,2026-12-03,13,31,18891133.720930234,23721867.378733143,AM100-scale,165.0,False,True,True,Included AM200,coverage_below_95pct; starts_after_2016; large_data_gaps
CORONATION INSURANCE NIGERIA (NIGERIA),0.6604227990366605,2016-01-04,2026-12-03,12,31,18296558.076588236,3530215.9728276376,AM100-scale,155.0,False,True,True,Included AM200,coverage_below_95pct; starts_after_2016; large_data_gaps
LAFARGEHOLCIM MAROC MOROCCO (MOROCCO),0.6612255820176612,2016-01-04,2026-12-03,11,59,17827730.18404908,6487867.365315016,AM100-scale,152.0,False,True,True,Included AM200,coverage_below_95pct; starts_after_2016; large_data_gaps
KENYA ELECTRICITY GENERATING CO (KENYA),0.6639015252876639,2016-01-04,2026-12-03,12,31,17329444.832294118,4735475.470524595,AM100-scale,144.0,False,True,True,Included AM200,coverage_below_95pct; starts_after_2016; large_data_gaps
NCBA GROUP KENYA (KENYA),0.6641691196146642,2016-01-04,2026-12-03,12,31,17244567.776470587,6501292.576664305,AM100-scale,141.0,False,True,True,Included AM200,coverage_below_95pct; starts_after_2016; large_data_gaps
KENYA POWER (KENYA),0.6639015252876639,2016-01-04,2026-12-03,12,31,16985727.565294117,3584050.900126635,AM100-scale,161.0,False,True,True,Included AM200,coverage_below_95pct; starts_after_2016; large_data_gaps
BERGER PAINTS NIGERIA (NIGERIA),0.6604227990366605,2016-01-04,2026-12-03,12,31,16979458.780294117,2148993.393618533,AM100-scale,156.0,False,True,True,Included AM200,coverage_below_95pct; starts_after_2016; large_data_gaps
I&M GROUP KENYA (KENYA),0.6582820444206583,2016-01-04,2026-12-03,12,31,16724491.025,4827452.314639857,AM100-scale,138.0,False,True,True,Included AM200,coverage_below_95pct; starts_after_2016; large_data_gaps
BRITISH AMERICAN TOBACCO KENYA (KENYA),0.6572116671126572,2016-01-07,2026-12-03,12,31,16707690.952941176,15172277.460203674,AM100-scale,150.0,False,True,True,Included AM200,coverage_below_95pct; starts_after_2016; large_data_gaps
MTN GHANA (GHANA),0.4947819106234948,2018-01-10,2026-12-03,18,32,15714796.910783133,2307440.515688695,AM100-scale,160.0,False,True,True,Included AM200,coverage_below_95pct; starts_after_2016; large_data_gaps
INNSCOR AFRICA (ZIMBABWE),0.6058335563286058,2016-01-04,2026-12-03,21,31,15136273.117529413,19296325.00395799,AM100-scale,135.0,False,True,True,Included AM200,coverage_below_95pct; starts_after_2016; large_data_gaps
ORAGROUP TOGO (TOGO),0.4618678084024619,2019-01-07,2026-12-03,12,31,14449458.139534883,21182222.757682193,AM100-scale,136.0,False,True,True,Included AM200,coverage_below_95pct; starts_after_2016; large_data_gaps
PADENGA HOLDINGS (ZIMBABWE),0.5796093122825796,2016-01-04,2026-12-03,26,32,12982029.103764705,1045316.2150876323,AM100-scale,162.0,False,True,True,Included AM200,coverage_below_95pct; starts_after_2016; large_data_gaps
BANK OF AFRICA MOROCCO (MOROCCO),0.6612255820176612,2016-01-04,2026-12-03,11,59,11831203.49386503,7107919.881789531,AM100-scale,154.0,False,True,True,Included AM200,coverage_below_95pct; starts_after_2016; large_data_gaps
MANAGEM MOROCCO (MOROCCO),0.6609579876906609,2016-01-04,2026-12-03,11,59,11346030.564417178,4167123.3758521834,AM100-scale,153.0,False,True,True,Included AM200,coverage_below_95pct; starts_after_2016; large_data_gaps
TAQA MOROCCO (MOROCCO),0.6612255820176612,2016-01-04,2026-12-03,11,59,9908266.754601227,3668404.7048030132,AM100-scale,163.0,False,True,True,Included AM200,coverage_below_95pct; starts_after_2016; large_data_gaps
DIAMOND TRUST BANK KENYA (KENYA),0.6604227990366605,2016-01-07,2026-12-03,12,31,9822955.863235295,6065241.298292214,AM100-scale,149.0,False,True,True,Included AM200,coverage_below_95pct; starts_after_2016; large_data_gaps
TRANSCORP HOTELS NIGERIA (NIGERIA),0.6596200160556597,2016-01-04,2026-12-03,12,31,9778380.325588236,6258609.6861566715,AM100-scale,157.0,False,True,True,Included AM200,coverage_below_95pct; starts_after_2016; large_data_gaps
CIMENTS DU MAROC MOROCCO (MOROCCO),0.6601552047096602,2016-01-04,2026-12-03,11,59,8966129.595092025,5811064.888323467,AM100-scale,164.0,False,True,True,Included AM200,coverage_below_95pct; starts_after_2016; large_data_gaps
COSUMAR MOROCCO (MOROCCO),0.6612255820176612,2016-01-04,2026-12-03,11,59,7447945.718404909,7243684.050476938,AM100-scale,166.0,False,True,True,Included AM200,coverage_below_95pct; starts_after_2016; large_data_gaps
CIH BANK (MOROCCO),0.6612255820176612,2016-01-04,2026-12-03,11,59,7140152.640490798,2274953.114935851,AM100-scale,171.0,False,True,True,Included AM200,coverage_below_95pct; starts_after_2016; large_data_gaps
KENYA AIRWAYS (KENYA),0.6641691196146642,2016-01-04,2026-12-03,12,31,5869131.027764705,839031.4430757826,AM100-scale,173.0,False,True,True,Included AM200,coverage_below_95pct; starts_after_2016; large_data_gaps
SIMBISA BRANDS (ZIMBABWE),0.5887075194005887,2016-01-04,2026-12-03,26,32,5105631.955235294,7290183.485849445,AM100-scale,133.0,False,True,True,Included AM200,coverage_below_95pct; starts_after_2016; large_data_gaps
JUBILEE HOLDINGS KENYA (KENYA),0.6577468557666577,2016-01-04,2026-12-03,12,31,4164828.217647059,2373132.4792488115,AM100-scale,175.0,False,True,True,Included AM200,coverage_below_95pct; starts_after_2016; large_data_gaps
AIRTEL UGANDA (UGANDA),0.15707786994915707,2023-01-12,2026-12-03,19,90,3756907.186428571,1729846.4255076214,AM100-scale,170.0,False,True,True,Included AM200,coverage_below_95pct; starts_after_2016; large_data_gaps
FIRST CAPITAL BANK (ZIMBABWE),0.6162697350816163,2016-01-09,2026-12-03,21,31,3509495.2688823524,3109809.0679776752,AM100-scale,199.0,False,True,True,Included AM200,coverage_below_95pct; starts_after_2016; large_data_gaps
AIRTEL AFRICA NIGERIA (NIGERIA),0.4436713941664437,2019-01-08,2026-12-03,15,31,3440229.293529412,112132979.70383391,AM100-scale,167.0,False,True,True,Included AM200,coverage_below_95pct; starts_after_2016; large_data_gaps
BRITAM HOLDINGS KENYA (KENYA),0.6639015252876639,2016-01-04,2026-12-03,12,31,3395755.4981176467,3745041.3188360115,AM100-scale,174.0,False,True,True,Included AM200,coverage_below_95pct; starts_after_2016; large_data_gaps
MTN RWANDACELL (RWANDA),0.3213807867273214,2021-01-06,2026-12-03,13,31,3199093.023255814,5729465.474159872,AM100-scale,169.0,False,True,True,Included AM200,coverage_below_95pct; starts_after_2016; large_data_gaps
I&M BANK RWANDA (RWANDA),0.5881723307465881,2017-01-06,2026-12-03,12,31,2508797.093023256,3906770.59623904,AM100-scale,178.0,False,True,True,Included AM200,coverage_below_95pct; starts_after_2016; large_data_gaps
CIC INSURANCE GROUP KENYA (KENYA),0.6639015252876639,2016-01-04,2026-12-03,12,31,2396670.779882353,710591.9401923271,AM100-scale,176.0,False,True,True,Included AM200,coverage_below_95pct; starts_after_2016; large_data_gaps
ATLANTASANAD MOROCCO (MOROCCO),0.6612255820176612,2016-01-04,2026-12-03,11,59,2211993.88588957,1071238.9196692107,AM100-scale,180.0,False,True,True,Included AM200,coverage_below_95pct; starts_after_2016; large_data_gaps
GCB BANK PLC GHANA (GHANA),0.6491838373026492,2016-01-06,2026-12-03,13,32,1608554.708192771,223484.03767010508,AM100-scale,184.0,False,True,True,Included AM200,coverage_below_95pct; starts_after_2016; large_data_gaps
TIGERE PROPERTY FUND (ZIMBABWE),0.1792881990901793,2023-01-08,2026-12-03,16,31,1551245.6864755293,51204997.67023158,AM100-scale,172.0,False,True,True,Included AM200,coverage_below_95pct; starts_after_2016; large_data_gaps
CEIL MAURITIUS (MAURITIUS),0.6553385068236554,2016-01-06,2026-12-02,13,31,1409614.4149112427,2258236.2631669827,AM100-scale,194.0,False,True,True,Included AM200,coverage_below_95pct; starts_after_2016; large_data_gaps
TOTALENERGIES MARKETING KENYA (KENYA),0.6622959593256623,2016-01-04,2026-12-03,12,31,1116288.7608823532,310231.0057878926,AM100-scale,182.0,False,True,True,Included AM200,coverage_below_95pct; starts_after_2016; large_data_gaps
HIPPO VALLEY ESTATES (ZIMBABWE),0.6414236018196414,2016-01-04,2026-12-03,16,31,1081891.993647059,9681798.515140494,AM100-scale,177.0,False,True,True,Included AM200,coverage_below_95pct; starts_after_2016; large_data_gaps
NEW MAURITIUS HOTELS (MAURITIUS),0.6582820444206583,2016-01-04,2026-12-02,13,31,978112.2798816568,1241042.2477275196,AM200-scale,183.0,False,True,True,Included AM200,coverage_below_95pct; starts_after_2016; large_data_gaps
TN CYBERTECH INVESTMENTS HOLDINGS (ZIMBABWE),0.47685309071447685,2018-12-18,2026-12-03,11,31,975873.3241780293,13784797.948741341,AM200-scale,196.0,False,True,True,Included AM200,coverage_below_95pct; starts_after_2016; large_data_gaps
ASCENCIA MAURITIUS (MAURITIUS),0.6422263848006422,2016-01-09,2026-12-02,15,31,951865.6071005919,509456.75010996277,AM200-scale,181.0,False,True,True,Included AM200,coverage_below_95pct; starts_after_2016; large_data_gaps
SOCIÉTÉ FRIGORIFIQUE ET BRASSERIE DE TUNIS TUNISIA (TUNISIA),0.6170725180626171,2016-01-04,2026-12-03,17,32,830819.0891772152,609224.5279723213,AM200-scale,195.0,False,True,True,Included AM200,coverage_below_95pct; starts_after_2016; large_data_gaps
IRELAND BLYTH MAURITIUS (MAURITIUS),0.639015252876639,2016-01-08,2026-12-02,16,31,811799.2860946745,1622580.5803293441,AM200-scale,179.0,False,True,True,Included AM200,coverage_below_95pct; starts_after_2016; large_data_gaps
POULINA GROUP HOLDING TUNISIA (TUNISIA),0.6018196414236018,2016-01-04,2026-12-03,17,32,799216.4584615384,171817.48845192656,AM200-scale,188.0,False,True,True,Included AM200,coverage_below_95pct; starts_after_2016; large_data_gaps
EAST DELTA FLOUR MILLS EGYPT (EGYPT),0.6432967621086433,2016-01-06,2026-12-03,12,61,743495.014702381,182603.21502335722,AM200-scale,197.0,False,True,True,Included AM200,coverage_below_95pct; starts_after_2016; large_data_gaps
AMEN BANK TUNISIA (TUNISIA),0.6109178485416109,2016-01-04,2026-12-03,17,32,740290.3979746836,228881.7791099154,AM200-scale,185.0,False,True,True,Included AM200,coverage_below_95pct; starts_after_2016; large_data_gaps
ATTIJARI BANK TUNISIA (TUNISIA),0.6165373294086165,2016-01-04,2026-12-03,17,32,667989.3187974684,292373.7485935878,AM200-scale,193.0,False,True,True,Included AM200,coverage_below_95pct; starts_after_2016; large_data_gaps
LUX ISLAND RESTORTS MAURITIUS (MAURITIUS),0.6553385068236554,2016-01-06,2026-12-02,13,31,570671.2715976331,1456340.3754896633,AM200-scale,189.0,False,True,True,Included AM200,coverage_below_95pct; starts_after_2016; large_data_gaps
AIRTEL NETWORKS ZAMBIA (ZAMBIA),0.6374096869146374,2016-01-09,2026-12-02,16,31,519700.52412790695,170008.8308196773,AM200-scale,190.0,False,True,True,Included AM200,coverage_below_95pct; starts_after_2016; large_data_gaps
BIAT TUNISIA (TUNISIA),0.6168049237356168,2016-01-04,2026-12-03,17,32,400452.882721519,373473.3358651783,AM200-scale,187.0,False,True,True,Included AM200,coverage_below_95pct; starts_after_2016; large_data_gaps
BANQUE NATIONALE AGRICOLE TUNISIA (TUNISIA),0.6154669521006154,2016-01-04,2026-12-03,17,32,393288.26746835443,156597.30217637078,AM200-scale,191.0,False,True,True,Included AM200,coverage_below_95pct; starts_after_2016; large_data_gaps
CALBANK PLC GHANA (GHANA),0.6526625635536527,2016-01-04,2026-12-03,12,32,368265.6142168675,142005.75634746606,AM200-scale,200.0,False,True,True,Included AM200,coverage_below_95pct; starts_after_2016; large_data_gaps
BANQUE DE TUNISIE TUNISIA (TUNISIA),0.616002140754616,2016-01-04,2026-12-03,17,32,360819.0515286624,154413.07908426036,AM200-scale,198.0,False,True,True,Included AM200,coverage_below_95pct; starts_after_2016; large_data_gaps
ONE TECH HOLDING TUNISIA (TUNISIA),0.6018196414236018,2016-01-04,2026-12-03,17,32,327380.4342405063,186956.02163064684,AM200-scale,186.0,False,True,True,Included AM200,coverage_below_95pct; starts_after_2016; large_data_gaps
DÉLICE HOLDING TUNISIA (TUNISIA),0.5978057265185978,2016-01-04,2026-12-03,17,32,272350.1917088608,465476.9621114208,AM200-scale,192.0,False,True,True,Included AM200,coverage_below_95pct; starts_after_2016; large_data_gaps
COPPERBELT ENERGY CORP ZAMBIA (ZAMBIA),0.6545357238426546,2016-01-04,2026-12-02,12,31,2427538.527674419,2861379.23665074,AM100-scale,,False,False,False,Excluded,coverage_below_95pct; starts_after_2016; large_data_gaps
SBM HOLDINGS MAURITIUS (MAURITIUS),0.6601552047096602,2016-01-04,2026-12-02,13,31,2266640.368402367,3046026.126146373,AM100-scale,,False,False,False,Excluded,coverage_below_95pct; starts_after_2016; large_data_gaps
SBN HOLDINGS (NAMIBIA),0.20016055659620016,2019-05-12,2026-12-03,27,198,1287206.3838095237,34450522.55143035,AM100-scale,,False,False,False,Excluded,coverage_below_95pct; starts_after_2016; large_data_gaps
ZAMBIAN BREWERIES (ZAMBIA),0.6392828472036393,2016-01-06,2026-12-02,15,31,916347.382151163,202720.00501069982,AM200-scale,,False,False,False,Excluded,coverage_below_95pct; starts_after_2016; large_data_gaps
ENL LIMITED MAURITIUS (MAURITIUS),0.47337436446347336,2019-01-03,2026-12-02,11,31,754830.9305325444,1227197.6568432401,AM200-scale,,False,False,False,Excluded,coverage_below_95pct; starts_after_2016; large_data_gaps
ZAMBIA NATIONAL COMMERCIAL BANK (ZAMBIA),0.6408884131656409,2016-01-09,2026-12-02,15,31,659130.4673837209,357466.8982783088,AM200-scale,,False,False,False,Excluded,coverage_below_95pct; starts_after_2016; large_data_gaps
CHILANGA CEMENT ZAMBIA (ZAMBIA),0.6465078940326465,2016-01-09,2026-12-02,12,31,634776.7072093023,980756.518827557,AM200-scale,,False,False,False,Excluded,coverage_below_95pct; starts_after_2016; large_data_gaps
SOCIÉTÉ GÉNÉRALE GHANA (GHANA),0.6475782713406476,2016-01-06,2026-12-03,12,32,588182.6790963855,30456.052477597616,AM200-scale,,False,False,False,Excluded,coverage_below_95pct; starts_after_2016; large_data_gaps
CIM FINANCIAL SERVICES MAURITIUS (MAURITIUS),0.6566764784586567,2016-01-04,2026-12-02,13,31,524814.7360946746,758950.2238238368,AM200-scale,,False,False,False,Excluded,coverage_below_95pct; starts_after_2016; large_data_gaps
PFUMA REIT (ZIMBABWE),0.008027829810008028,2026-02-03,2026-12-03,7,91,500032.2856666667,500032.2856666667,AM200-scale,,False,False,False,Excluded,coverage_below_95pct; starts_after_2016; large_data_gaps
KAVANGO RESOURCES (ZIMBABWE),0.03639282847203639,2025-01-10,2026-12-03,19,31,460579.9499173554,148992.18915577306,AM200-scale,,False,False,False,Excluded,coverage_below_95pct; starts_after_2016; large_data_gaps
BRITISH AMERICAN TOBACCO ZAMBIA (ZAMBIA),0.6363393096066363,2016-01-09,2026-12-02,17,31,330810.94244186045,62342.025464190694,AM200-scale,,False,False,False,Excluded,coverage_below_95pct; starts_after_2016; large_data_gaps
SUN RESORTS LIMITED MAURITIUS (MAURITIUS),0.651056997591651,2016-01-04,2026-12-02,13,31,328207.3035502958,507896.8908775707,AM200-scale,,False,False,False,Excluded,coverage_below_95pct; starts_after_2016; large_data_gaps
LETSHEGO HOLDINGS (NAMIBIA),0.09178485416109179,2019-09-26,2026-10-02,67,122,290356.203030303,10784409.983088035,AM200-scale,,False,False,False,Excluded,coverage_below_95pct; starts_after_2016; large_data_gaps
ECOBANK GHANA (GHANA),0.6451699223976451,2016-01-04,2026-12-03,13,32,240232.05759036145,74661.89039003113,Below AM200-scale,,False,False,False,Excluded,coverage_below_95pct; starts_after_2016; large_data_gaps
ZAMBEEF PRODUCTS ZAMBIA (ZAMBIA),0.6411560074926411,2016-01-09,2026-12-02,14,31,155498.07959302326,79353.1702258081,Below AM200-scale,,False,False,False,Excluded,coverage_below_95pct; starts_after_2016; large_data_gaps
MOBILE TELECOMMUNICATIONS (NAMIBIA),0.10650254214610651,2021-01-12,2026-12-03,34,103,146563.83620689655,24816834.252231717,Below AM200-scale,,False,False,False,Excluded,coverage_below_95pct; starts_after_2016; large_data_gaps
SIC INSURANCE (GHANA),0.6449023280706448,2016-01-04,2026-12-03,12,32,137133.8437349398,5851.853687219801,Below AM200-scale,,False,False,False,Excluded,coverage_below_95pct; starts_after_2016; large_data_gaps
STANDARD CHARTERED BANK GHANA (GHANA),0.6451699223976451,2016-01-04,2026-12-03,12,32,127562.26,57969.87257392817,Below AM200-scale,,False,False,False,Excluded,coverage_below_95pct; starts_after_2016; large_data_gaps
ZAMBIA SUGAR (ZAMBIA),0.6392828472036393,2016-01-09,2026-12-02,14,31,116836.39639534884,105374.74831489261,Below AM200-scale,,False,False,False,Excluded,coverage_below_95pct; starts_after_2016; large_data_gaps
ECOBANK TRANSITIONAL INC GHANA (GHANA),0.6526625635536527,2016-01-04,2026-12-03,12,32,111153.14186746988,8594.85279539034,Below AM200-scale,,False,False,False,Excluded,coverage_below_95pct; starts_after_2016; large_data_gaps
CIMERWA RWANDA (RWANDA),0.3708857372223709,2020-01-09,2026-12-03,16,31,94859.88372093023,38646643.7127941,Below AM200-scale,,False,False,False,Excluded,coverage_below_95pct; starts_after_2016; large_data_gaps
ZCCM INVESTMENTS HOLDINGS ZAMBIA (ZAMBIA),0.6296494514316296,2016-01-09,2026-12-02,18,31,77076.2951744186,13878.738042299785,Below AM200-scale,,False,False,False,Excluded,coverage_below_95pct; starts_after_2016; large_data_gaps
TSL (ZIMBABWE),0.6358041209526358,2016-01-09,2026-12-03,19,31,77048.48340162942,1345664.3635411863,Below AM200-scale,,False,False,False,Excluded,coverage_below_95pct; starts_after_2016; large_data_gaps
AECI MINING EXPLOSIVES ZAMBIA (ZAMBIA),0.64008563018464,2016-01-07,2026-12-02,16,31,62646.65691860464,22931.1517023732,Below AM200-scale,,False,False,False,Excluded,coverage_below_95pct; starts_after_2016; large_data_gaps
ACCESS BANK GHANA (GHANA),0.6069039336366069,2016-12-20,2026-12-03,9,32,52083.37006024096,8559.881673167381,Below AM200-scale,,False,False,False,Excluded,coverage_below_95pct; starts_after_2016; large_data_gaps
MADISON FINANCIAL SERVICES (ZAMBIA),0.6440995450896441,2016-01-04,2026-12-02,13,31,33060.690058139524,33279.435833968004,Below AM200-scale,,False,False,False,Excluded,coverage_below_95pct; starts_after_2016; large_data_gaps
STANDARD CHARTERED BANK ZAMBIA (ZAMBIA),0.6414236018196414,2016-01-04,2026-12-02,14,31,26796.00186046512,90268.42454621934,Below AM200-scale,,False,False,False,Excluded,coverage_below_95pct; starts_after_2016; large_data_gaps
ZIMBABWE STOCK EXCHANGE HOLDINGS (ZIMBABWE),0.04682900722504683,2025-01-08,2026-12-03,18,31,24665.364303401362,14372.97219352695,Below AM200-scale,,False,False,False,Excluded,coverage_below_95pct; starts_after_2016; large_data_gaps
STARAFRICACORPORATION (ZIMBABWE),0.6398180358576399,2016-01-06,2026-12-03,17,31,20993.143329411763,2330311.3425271204,Below AM200-scale,,False,False,False,Excluded,coverage_below_95pct; starts_after_2016; large_data_gaps
CAPRICORN INVESTMENT (NAMIBIA),0.3152261172063152,2016-01-02,2026-12-03,40,93,19535.473730158734,937718.428795418,Below AM200-scale,,False,False,False,Excluded,coverage_below_95pct; starts_after_2016; large_data_gaps
BRITISH AMERICAN TOBACCO UGANDA (UGANDA),0.6355365266256355,2016-01-09,2026-12-03,17,31,15476.190476190477,4396640.305977311,Below AM200-scale,,False,False,False,Excluded,coverage_below_95pct; starts_after_2016; large_data_gaps
PUMA ENERGY ZAMBIA (ZAMBIA),0.6384800642226385,2016-01-09,2026-12-02,16,31,7790.0744767441865,29380.571138786334,Below AM200-scale,,False,False,False,Excluded,coverage_below_95pct; starts_after_2016; large_data_gaps
CEC AFRICA INVESTMENTS ZAMBIA (ZAMBIA),0.5536526625635536,2017-01-12,2026-12-02,19,58,5871.047558139535,141411.21061699704,Below AM200-scale,,False,False,False,Excluded,coverage_below_95pct; starts_after_2016; large_data_gaps
NAMIBIA BREWERIES (NAMIBIA),0.24591918651324593,2016-01-02,2026-12-01,59,123,3677.8691754385964,2136264.1743061794,Below AM200-scale,,False,False,False,Excluded,coverage_below_95pct; starts_after_2016; large_data_gaps
AGRICULTURAL DEVELOPMENT BANK GHANA (GHANA),0.6087770939256087,2016-09-12,2026-12-03,10,91,39.04734939759036,194.2189614398848,Below AM200-scale,,False,False,False,Excluded,coverage_below_95pct; starts_after_2016; large_data_gaps
CENTUM INVESTMENT UG (UGANDA),0.6341985549906342,2016-01-09,2026-12-03,17,31,9.444940476190476,46539.14529759872,Below AM200-scale,,False,False,False,Excluded,coverage_below_95pct; starts_after_2016; large_data_gaps
