header,status,canonical,events,output
ABSA (SOUTH AFRICA),imported,ABSA (SOUTH AFRICA),18,/Users/derrythornalley/AM100_DATA/data/dividends/south_africa/ABSA.csv
ABSA BANK KENYA (KENYA),imported,ABSA BANK KENYA (KENYA),17,/Users/derrythornalley/AM100_DATA/data/dividends/kenya/ABSA BANK KENYA.csv
ABU DHABI ISLAMIC BANK EGYPT (EGYPT),imported,ABU DHABI ISLAMIC BANK EGYPT (EGYPT),1,/Users/derrythornalley/AM100_DATA/data/dividends/egypt/ABU DHABI ISLAMIC BANK EGYPT.csv
ABU QIR FERTILIZERS EGYPT (EGYPT),imported,ABU QIR FERTILIZERS EGYPT (EGYPT),10,/Users/derrythornalley/AM100_DATA/data/dividends/egypt/ABU QIR FERTILIZERS EGYPT.csv
AFRICAN RAINBOW MINERALS (SOUTH AFRICA),imported,AFRICAN RAINBOW MINERALS (SOUTH AFRICA),19,/Users/derrythornalley/AM100_DATA/data/dividends/south_africa/AFRICAN RAINBOW MINERALS.csv
AIICO INSURANCE NIGERIA (NIGERIA),imported,AIICO INSURANCE NIGERIA (NIGERIA),8,/Users/derrythornalley/AM100_DATA/data/dividends/nigeria/AIICO INSURANCE NIGERIA.csv
ALEXANDRIA MINERAL OILS EGYPT (EGYPT),imported,ALEXANDRIA MINERAL OILS EGYPT (EGYPT),15,/Users/derrythornalley/AM100_DATA/data/dividends/egypt/ALEXANDRIA MINERAL OILS EGYPT.csv
ANGLO AMERICAN (SOUTH AFRICA),imported,ANGLO AMERICAN (SOUTH AFRICA),20,/Users/derrythornalley/AM100_DATA/data/dividends/south_africa/ANGLO AMERICAN.csv
ANGLOGOLD ASHANTI ADR (SOUTH AFRICA),imported,ANGLOGOLD ASHANTI ADR (SOUTH AFRICA),10,/Users/derrythornalley/AM100_DATA/data/dividends/south_africa/ANGLOGOLD ASHANTI ADR.csv
ARADEL HOLDINGS NIGERIA (NIGERIA),imported,ARADEL HOLDINGS NIGERIA (NIGERIA),11,/Users/derrythornalley/AM100_DATA/data/dividends/nigeria/ARADEL HOLDINGS NIGERIA.csv
ASPEN PHARMACARE HOLDINGS (SOUTH AFRICA),imported,ASPEN PHARMACARE HOLDINGS (SOUTH AFRICA),8,/Users/derrythornalley/AM100_DATA/data/dividends/south_africa/ASPEN PHARMACARE HOLDINGS.csv
ATTIJARIWAFA BANK MOROCCO (MOROCCO),imported,ATTIJARIWAFA BANK MOROCCO (MOROCCO),11,/Users/derrythornalley/AM100_DATA/data/dividends/morocco/ATTIJARIWAFA BANK MOROCCO.csv
AVI (SOUTH AFRICA),imported,AVI (SOUTH AFRICA),19,/Users/derrythornalley/AM100_DATA/data/dividends/south_africa/AVI.csv
AXA MANSARD NIGERIA (NIGERIA),imported,AXA MANSARD NIGERIA (NIGERIA),10,/Users/derrythornalley/AM100_DATA/data/dividends/nigeria/AXA MANSARD NIGERIA.csv
BANK OF AFRICA NIGER (NIGER),imported,BANK OF AFRICA NIGER (NIGER),10,/Users/derrythornalley/AM100_DATA/data/dividends/niger/BANK OF AFRICA NIGER.csv
BANK OF AFRICA SENEGAL (SENEGAL),imported,BANK OF AFRICA SENEGAL (SENEGAL),9,/Users/derrythornalley/AM100_DATA/data/dividends/senegal/BANK OF AFRICA SENEGAL.csv
BANK OF KIGALI RWANDA (RWANDA),imported,BANK OF KIGALI RWANDA (RWANDA),10,/Users/derrythornalley/AM100_DATA/data/dividends/rwanda/BANK OF KIGALI RWANDA.csv
BELTONE HOLDING EGYPT (EGYPT),imported,BELTONE HOLDING EGYPT (EGYPT),0,/Users/derrythornalley/AM100_DATA/data/dividends/egypt/BELTONE HOLDING EGYPT.csv
BHP (SOUTH AFRICA),imported,BHP (SOUTH AFRICA),9,/Users/derrythornalley/AM100_DATA/data/dividends/south_africa/BHP.csv
BID CORP (SOUTH AFRICA),imported,BID CORPORATION (SOUTH AFRICA),18,/Users/derrythornalley/AM100_DATA/data/dividends/south_africa/BID CORPORATION.csv
BIDVEST (SOUTH AFRICA),imported,BIDVEST (SOUTH AFRICA),21,/Users/derrythornalley/AM100_DATA/data/dividends/south_africa/BIDVEST.csv
BLUE LABEL TELECOMS (SOUTH AFRICA),imported,BLUE LABEL TELECOMS (SOUTH AFRICA),3,/Users/derrythornalley/AM100_DATA/data/dividends/south_africa/BLUE LABEL TELECOMS.csv
BRITISH AMERICAN TOBACCO (SOUTH AFRICA),imported,BRITISH AMERICAN TOBACCO (SOUTH AFRICA),41,/Users/derrythornalley/AM100_DATA/data/dividends/south_africa/BRITISH AMERICAN TOBACCO.csv
BUA CEMENT NIGERIA (NIGERIA),imported,BUA CEMENT NIGERIA (NIGERIA),7,/Users/derrythornalley/AM100_DATA/data/dividends/nigeria/BUA CEMENT NIGERIA.csv
BUA FOODS NIGERIA (NIGERIA),imported,BUA FOODS NIGERIA (NIGERIA),4,/Users/derrythornalley/AM100_DATA/data/dividends/nigeria/BUA FOODS NIGERIA.csv
CADBURY NIGERIA (NIGERIA),imported,CADBURY NIGERIA (NIGERIA),7,/Users/derrythornalley/AM100_DATA/data/dividends/nigeria/CADBURY NIGERIA.csv
CAP PLC NIGERIA (NIGERIA),imported,CAP PLC NIGERIA (NIGERIA),10,/Users/derrythornalley/AM100_DATA/data/dividends/nigeria/CAP PLC NIGERIA.csv
CAPITEC BANK (SOUTH AFRICA),imported,CAPITEC BANK (SOUTH AFRICA),18,/Users/derrythornalley/AM100_DATA/data/dividends/south_africa/CAPITEC BANK.csv
CLICKS (SOUTH AFRICA),imported,CLICKS (SOUTH AFRICA),20,/Users/derrythornalley/AM100_DATA/data/dividends/south_africa/CLICKS.csv
CO-OPERATIVE BANK KENYA (KENYA),imported,CO-OPERATIVE BANK KENYA (KENYA),10,/Users/derrythornalley/AM100_DATA/data/dividends/kenya/CO-OPERATIVE BANK KENYA.csv
COMMERCIAL INTERNATIONAL BANK EGYPT (EGYPT),imported,COMMERCIAL INTERNATIONAL BANK EGYPT (EGYPT),9,/Users/derrythornalley/AM100_DATA/data/dividends/egypt/COMMERCIAL INTERNATIONAL BANK EGYPT.csv
CORONATION (NAMIBIA),imported,CORONATION (NAMIBIA),10,/Users/derrythornalley/AM100_DATA/data/dividends/namibia/CORONATION.csv
CUSTODIAN INVESTMENT NIGERIA (NIGERIA),imported,CUSTODIAN INVESTMENT NIGERIA (NIGERIA),20,/Users/derrythornalley/AM100_DATA/data/dividends/nigeria/CUSTODIAN INVESTMENT NIGERIA.csv
CUTIX PLC NIGERIA (NIGERIA),imported,CUTIX PLC NIGERIA (NIGERIA),10,/Users/derrythornalley/AM100_DATA/data/dividends/nigeria/CUTIX PLC NIGERIA.csv
DANGOTE CEMENT NIGERIA (NIGERIA),imported,DANGOTE CEMENT NIGERIA (NIGERIA),11,/Users/derrythornalley/AM100_DATA/data/dividends/nigeria/DANGOTE CEMENT NIGERIA.csv
DANGOTE SUGAR REFINERY NIGERIA (NIGERIA),imported,DANGOTE SUGAR REFINERY NIGERIA (NIGERIA),9,/Users/derrythornalley/AM100_DATA/data/dividends/nigeria/DANGOTE SUGAR REFINERY NIGERIA.csv
DIS-CHEM PHARMACIES (SOUTH AFRICA),imported,DIS-CHEM PHARMACIES (SOUTH AFRICA),16,/Users/derrythornalley/AM100_DATA/data/dividends/south_africa/DIS-CHEM PHARMACIES.csv
DISCOVERY HOLDINGS (SOUTH AFRICA),imported,DISCOVERY HOLDINGS (SOUTH AFRICA),14,/Users/derrythornalley/AM100_DATA/data/dividends/south_africa/DISCOVERY HOLDINGS.csv
EAST AFRICAN BREWERIES KENYA (KENYA),imported,EAST AFRICAN BREWERIES KENYA (KENYA),18,/Users/derrythornalley/AM100_DATA/data/dividends/kenya/EAST AFRICAN BREWERIES KENYA.csv
EASTERN TOBACCO EGYPT (EGYPT),imported,EASTERN TOBACCO EGYPT (EGYPT),11,/Users/derrythornalley/AM100_DATA/data/dividends/egypt/EASTERN TOBACCO EGYPT.csv
EFG HOLDING EGYPT (EGYPT),imported,EFG HOLDING EGYPT (EGYPT),3,/Users/derrythornalley/AM100_DATA/data/dividends/egypt/EFG HOLDING EGYPT.csv
EGYPT ALUMINIUM (EGYPT),imported,EGYPT ALUMINIUM (EGYPT),9,/Users/derrythornalley/AM100_DATA/data/dividends/egypt/EGYPT ALUMINIUM.csv
EMAAR MISR EGYPT (EGYPT),imported,EMAAR MISR EGYPT (EGYPT),0,/Users/derrythornalley/AM100_DATA/data/dividends/egypt/EMAAR MISR EGYPT.csv
EQUITY GROUP HOLDINGS KENYA (KENYA),imported,EQUITY GROUP HOLDINGS KENYA (KENYA),8,/Users/derrythornalley/AM100_DATA/data/dividends/kenya/EQUITY GROUP HOLDINGS KENYA.csv
ETERNA PLC NIGERIA (NIGERIA),imported,ETERNA PLC NIGERIA (NIGERIA),6,/Users/derrythornalley/AM100_DATA/data/dividends/nigeria/ETERNA PLC NIGERIA.csv
EXXARO RESOURCES (SOUTH AFRICA),imported,EXXARO RESOURCES (SOUTH AFRICA),19,/Users/derrythornalley/AM100_DATA/data/dividends/south_africa/EXXARO RESOURCES.csv
FAWRY EGYPT (EGYPT),imported,FAWRY EGYPT (EGYPT),0,/Users/derrythornalley/AM100_DATA/data/dividends/egypt/FAWRY EGYPT.csv
FCMB GROUP NIGERIA (NIGERIA),imported,FCMB GROUP NIGERIA (NIGERIA),10,/Users/derrythornalley/AM100_DATA/data/dividends/nigeria/FCMB GROUP NIGERIA.csv
FIDELITY BANK NIGERIA (NIGERIA),imported,FIDELITY BANK NIGERIA (NIGERIA),13,/Users/derrythornalley/AM100_DATA/data/dividends/nigeria/FIDELITY BANK NIGERIA.csv
FIRST HOLDCO NIGERIA (NIGERIA),imported,FIRST HOLDCO NIGERIA (NIGERIA),10,/Users/derrythornalley/AM100_DATA/data/dividends/nigeria/FIRST HOLDCO NIGERIA.csv
FIRSTRAND (SOUTH AFRICA),imported,FIRSTRAND (SOUTH AFRICA),20,/Users/derrythornalley/AM100_DATA/data/dividends/south_africa/FIRSTRAND.csv
FOSCHINI (SOUTH AFRICA),imported,FOSCHINI (SOUTH AFRICA),18,/Users/derrythornalley/AM100_DATA/data/dividends/south_africa/FOSCHINI.csv
GB AUTO EGYPT (EGYPT),imported,GB AUTO EGYPT (EGYPT),4,/Users/derrythornalley/AM100_DATA/data/dividends/egypt/GB AUTO EGYPT.csv
GLENCORE (SOUTH AFRICA),imported,GLENCORE (SOUTH AFRICA),18,/Users/derrythornalley/AM100_DATA/data/dividends/south_africa/GLENCORE.csv
GOLD FIELDS (SOUTH AFRICA),imported,GOLD FIELDS (SOUTH AFRICA),20,/Users/derrythornalley/AM100_DATA/data/dividends/south_africa/GOLD FIELDS.csv
GRINDROD (SOUTH AFRICA),imported,GRINDROD (SOUTH AFRICA),20,/Users/derrythornalley/AM100_DATA/data/dividends/south_africa/GRINDROD.csv
GUARANTY TRUST HOLDING COMPANY NIGERIA (NIGERIA),imported,GUARANTY TRUST HOLDING COMPANY NIGERIA (NIGERIA),20,/Users/derrythornalley/AM100_DATA/data/dividends/nigeria/GUARANTY TRUST HOLDING COMPANY NIGERIA.csv
GUINNESS NIGERIA (NIGERIA),imported,GUINNESS NIGERIA (NIGERIA),6,/Users/derrythornalley/AM100_DATA/data/dividends/nigeria/GUINNESS NIGERIA.csv
HARMONY GOLD MINING COMPANY (SOUTH AFRICA),imported,HARMONY GOLD MINING COMPANY (SOUTH AFRICA),12,/Users/derrythornalley/AM100_DATA/data/dividends/south_africa/HARMONY GOLD MINING COMPANY.csv
HONEYWELL FLOUR MILLS NIGERIA (NIGERIA),imported,HONEYWELL FLOUR MILLS NIGERIA (NIGERIA),4,/Users/derrythornalley/AM100_DATA/data/dividends/nigeria/HONEYWELL FLOUR MILLS NIGERIA.csv
IMPALA PLATINUM HOLDINGS (SOUTH AFRICA),imported,IMPALA PLATINUM HOLDINGS (SOUTH AFRICA),9,/Users/derrythornalley/AM100_DATA/data/dividends/south_africa/IMPALA PLATINUM HOLDINGS.csv
INNSCOR AFRICA (ZIMBABWE),imported,INNSCOR AFRICA (ZIMBABWE),13,/Users/derrythornalley/AM100_DATA/data/dividends/zimbabwe/INNSCOR AFRICA.csv
INTERNATIONAL BREWERIES NIGERIA (NIGERIA),imported,INTERNATIONAL BREWERIES NIGERIA (NIGERIA),1,/Users/derrythornalley/AM100_DATA/data/dividends/nigeria/INTERNATIONAL BREWERIES NIGERIA.csv
INVESTEC (SOUTH AFRICA),imported,INVESTEC (SOUTH AFRICA),14,/Users/derrythornalley/AM100_DATA/data/dividends/south_africa/INVESTEC.csv
JAIZ BANK NIGERIA (NIGERIA),imported,JAIZ BANK NIGERIA (NIGERIA),6,/Users/derrythornalley/AM100_DATA/data/dividends/nigeria/JAIZ BANK NIGERIA.csv
JULIUS BERGER NIGERIA (NIGERIA),imported,JULIUS BERGER NIGERIA (NIGERIA),9,/Users/derrythornalley/AM100_DATA/data/dividends/nigeria/JULIUS BERGER NIGERIA.csv
KCB GROUP KENYA (KENYA),imported,KCB GROUP KENYA (KENYA),18,/Users/derrythornalley/AM100_DATA/data/dividends/kenya/KCB GROUP KENYA.csv
KENYA ELECTRICITY GENERATING CO (KENYA),imported,KENYA ELECTRICITY GENERATING CO (KENYA),8,/Users/derrythornalley/AM100_DATA/data/dividends/kenya/KENYA ELECTRICITY GENERATING CO.csv
KUMBA IRON ORE (SOUTH AFRICA),imported,KUMBA IRON ORE (SOUTH AFRICA),12,/Users/derrythornalley/AM100_DATA/data/dividends/south_africa/KUMBA IRON ORE.csv
LAFARGE AFRICA NIGERIA (NIGERIA),imported,LAFARGE AFRICA NIGERIA (NIGERIA),12,/Users/derrythornalley/AM100_DATA/data/dividends/nigeria/LAFARGE AFRICA NIGERIA.csv
LIFE HEALTHCARE (SOUTH AFRICA),imported,LIFE HEALTHCARE (SOUTH AFRICA),20,/Users/derrythornalley/AM100_DATA/data/dividends/south_africa/LIFE HEALTHCARE.csv
MAROC TELECOM MOROCCO (MOROCCO),imported,MAROC TELECOM MOROCCO (MOROCCO),10,/Users/derrythornalley/AM100_DATA/data/dividends/morocco/MAROC TELECOM MOROCCO.csv
MARSA MAROC MOROCCO (MOROCCO),imported,MARSA MAROC MOROCCO (MOROCCO),8,/Users/derrythornalley/AM100_DATA/data/dividends/morocco/MARSA MAROC MOROCCO.csv
MCB GROUP LTD MAURITIUS (MAURITIUS),imported,MCB GROUP LTD MAURITIUS (MAURITIUS),18,/Users/derrythornalley/AM100_DATA/data/dividends/mauritius/MCB GROUP LTD MAURITIUS.csv
MONDI (SOUTH AFRICA),imported,MONDI (SOUTH AFRICA),20,/Users/derrythornalley/AM100_DATA/data/dividends/south_africa/MONDI.csv
MR PRICE (SOUTH AFRICA),imported,MR PRICE (SOUTH AFRICA),19,/Users/derrythornalley/AM100_DATA/data/dividends/south_africa/MR PRICE.csv
MTN GROUP (SOUTH AFRICA),imported,MTN GROUP (SOUTH AFRICA),5,/Users/derrythornalley/AM100_DATA/data/dividends/south_africa/MTN GROUP.csv
MTN NIGERIA (NIGERIA),imported,MTN NIGERIA (NIGERIA),11,/Users/derrythornalley/AM100_DATA/data/dividends/nigeria/MTN NIGERIA.csv
NASCON ALLIED INDUSTRIES NIGERIA (NIGERIA),imported,NASCON ALLIED INDUSTRIES NIGERIA (NIGERIA),9,/Users/derrythornalley/AM100_DATA/data/dividends/nigeria/NASCON ALLIED INDUSTRIES NIGERIA.csv
NASPERS (SOUTH AFRICA),imported,NASPERS (SOUTH AFRICA),12,/Users/derrythornalley/AM100_DATA/data/dividends/south_africa/NASPERS.csv
NCBA GROUP KENYA (KENYA),imported,NCBA GROUP KENYA (KENYA),16,/Users/derrythornalley/AM100_DATA/data/dividends/kenya/NCBA GROUP KENYA.csv
NESTLÉ NIGERIA (NIGERIA),imported,NESTLÉ NIGERIA (NIGERIA),14,/Users/derrythornalley/AM100_DATA/data/dividends/nigeria/NESTLÉ NIGERIA.csv
NIGERIAN BREWERIES (NIGERIA),imported,NIGERIAN BREWERIES (NIGERIA),15,/Users/derrythornalley/AM100_DATA/data/dividends/nigeria/NIGERIAN BREWERIES.csv
NINETY ONE (SOUTH AFRICA),imported,NINETY ONE (SOUTH AFRICA),11,/Users/derrythornalley/AM100_DATA/data/dividends/south_africa/NINETY ONE.csv
NORTHAM PLATINUM HOLDINGS (SOUTH AFRICA),imported,NORTHAM PLATINUM HOLDINGS (SOUTH AFRICA),6,/Users/derrythornalley/AM100_DATA/data/dividends/south_africa/NORTHAM PLATINUM HOLDINGS.csv
OANDO PLC NIGERIA (NIGERIA),imported,OANDO PLC NIGERIA (NIGERIA),0,/Users/derrythornalley/AM100_DATA/data/dividends/nigeria/OANDO PLC NIGERIA.csv
OKOMU OIL PALM NIGERIA (NIGERIA),imported,OKOMU OIL PALM NIGERIA (NIGERIA),18,/Users/derrythornalley/AM100_DATA/data/dividends/nigeria/OKOMU OIL PALM NIGERIA.csv
OLD MUTUAL (SOUTH AFRICA),imported,OLD MUTUAL (SOUTH AFRICA),21,/Users/derrythornalley/AM100_DATA/data/dividends/south_africa/OLD MUTUAL.csv
ORAGROUP TOGO (TOGO),imported,ORAGROUP TOGO (TOGO),1,/Users/derrythornalley/AM100_DATA/data/dividends/togo/ORAGROUP TOGO.csv
ORASCOM INVESTMENT HOLDING EGYPT (EGYPT),imported,ORASCOM INVESTMENT HOLDING EGYPT (EGYPT),2,/Users/derrythornalley/AM100_DATA/data/dividends/egypt/ORASCOM INVESTMENT HOLDING EGYPT.csv
OUTSURANCE (SOUTH AFRICA),imported,OUTSURANCE (SOUTH AFRICA),18,/Users/derrythornalley/AM100_DATA/data/dividends/south_africa/OUTSURANCE.csv
PALM HILLS DEVELOPMANT COMPANY EGYPT (EGYPT),imported,PALM HILLS DEVELOPMANT COMPANY EGYPT (EGYPT),2,/Users/derrythornalley/AM100_DATA/data/dividends/egypt/PALM HILLS DEVELOPMANT COMPANY EGYPT.csv
PPC (SOUTH AFRICA),imported,PPC (SOUTH AFRICA),3,/Users/derrythornalley/AM100_DATA/data/dividends/south_africa/PPC.csv
PRESCO PLC NIGERIA (NIGERIA),imported,PRESCO PLC NIGERIA (NIGERIA),14,/Users/derrythornalley/AM100_DATA/data/dividends/nigeria/PRESCO PLC NIGERIA.csv
PROSUS (SOUTH AFRICA),imported,PROSUS (SOUTH AFRICA),6,/Users/derrythornalley/AM100_DATA/data/dividends/south_africa/PROSUS.csv
PSG KONSULT (SOUTH AFRICA),imported,PSG KONSULT (SOUTH AFRICA),20,/Users/derrythornalley/AM100_DATA/data/dividends/south_africa/PSG KONSULT.csv
QUILTER (SOUTH AFRICA),imported,QUILTER (SOUTH AFRICA),17,/Users/derrythornalley/AM100_DATA/data/dividends/south_africa/QUILTER.csv
RAUBEX (SOUTH AFRICA),imported,RAUBEX (SOUTH AFRICA),19,/Users/derrythornalley/AM100_DATA/data/dividends/south_africa/RAUBEX.csv
RAYA HOLDING EGYPT (EGYPT),imported,RAYA HOLDING EGYPT (EGYPT),9,/Users/derrythornalley/AM100_DATA/data/dividends/egypt/RAYA HOLDING EGYPT.csv
REINET INVEST (SOUTH AFRICA),imported,REINET INVEST (SOUTH AFRICA),8,/Users/derrythornalley/AM100_DATA/data/dividends/south_africa/REINET INVEST.csv
REMGRO (SOUTH AFRICA),imported,REMGRO (SOUTH AFRICA),23,/Users/derrythornalley/AM100_DATA/data/dividends/south_africa/REMGRO.csv
SAFARICOM KENYA (KENYA),imported,SAFARICOM KENYA (KENYA),11,/Users/derrythornalley/AM100_DATA/data/dividends/kenya/SAFARICOM KENYA.csv
SANLAM (SOUTH AFRICA),imported,SANLAM (SOUTH AFRICA),10,/Users/derrythornalley/AM100_DATA/data/dividends/south_africa/SANLAM.csv
SANTAM (SOUTH AFRICA),imported,SANTAM (SOUTH AFRICA),19,/Users/derrythornalley/AM100_DATA/data/dividends/south_africa/SANTAM.csv
SEPLAT ENERGY NIGERIA (NIGERIA),imported,SEPLAT ENERGY NIGERIA (NIGERIA),19,/Users/derrythornalley/AM100_DATA/data/dividends/nigeria/SEPLAT ENERGY NIGERIA.csv
SHOPRITE HOLDINGS (SOUTH AFRICA),imported,SHOPRITE HOLDINGS (SOUTH AFRICA),21,/Users/derrythornalley/AM100_DATA/data/dividends/south_africa/SHOPRITE HOLDINGS.csv
SIBANYE STILLWATER (SOUTH AFRICA),imported,SIBANYE STILLWATER (SOUTH AFRICA),11,/Users/derrythornalley/AM100_DATA/data/dividends/south_africa/SIBANYE STILLWATER.csv
SIDI KERIR PETROCHEMICALS EGYPT (EGYPT),imported,SIDI KERIR PETROCHEMICALS EGYPT (EGYPT),8,/Users/derrythornalley/AM100_DATA/data/dividends/egypt/SIDI KERIR PETROCHEMICALS EGYPT.csv
SONATEL SENEGAL (SENEGAL),imported,SONATEL SENEGAL (SENEGAL),10,/Users/derrythornalley/AM100_DATA/data/dividends/senegal/SONATEL SENEGAL.csv
SPAR (SOUTH AFRICA),imported,SPAR (SOUTH AFRICA),14,/Users/derrythornalley/AM100_DATA/data/dividends/south_africa/SPAR.csv
STANBIC HOLDINGS KENYA (KENYA),imported,STANBIC HOLDINGS KENYA (KENYA),17,/Users/derrythornalley/AM100_DATA/data/dividends/kenya/STANBIC HOLDINGS KENYA.csv
STANBIC IBTC HOLDINGS NIGERIA (NIGERIA),imported,STANBIC IBTC HOLDINGS NIGERIA (NIGERIA),19,/Users/derrythornalley/AM100_DATA/data/dividends/nigeria/STANBIC IBTC HOLDINGS NIGERIA.csv
STANDARD BANK GROUP (SOUTH AFRICA),imported,STANDARD BANK GROUP (SOUTH AFRICA),19,/Users/derrythornalley/AM100_DATA/data/dividends/south_africa/STANDARD BANK GROUP.csv
STANDARD CHARTERED BANK KENYA (KENYA),imported,STANDARD CHARTERED BANK KENYA (KENYA),10,/Users/derrythornalley/AM100_DATA/data/dividends/kenya/STANDARD CHARTERED BANK KENYA.csv
STERLING FINANCIAL HOLDINGS NIGERIA (NIGERIA),imported,STERLING FINANCIAL HOLDINGS NIGERIA (NIGERIA),7,/Users/derrythornalley/AM100_DATA/data/dividends/nigeria/STERLING FINANCIAL HOLDINGS NIGERIA.csv
TALAAT MOUSTAFA GROUP EGYPT (EGYPT),imported,TALAAT MOUSTAFA GROUP EGYPT (EGYPT),9,/Users/derrythornalley/AM100_DATA/data/dividends/egypt/TALAAT MOUSTAFA GROUP EGYPT.csv
TELECOM EGYPT (EGYPT),imported,TELECOM EGYPT (EGYPT),10,/Users/derrythornalley/AM100_DATA/data/dividends/egypt/TELECOM EGYPT.csv
TIGER BRANDS (SOUTH AFRICA),imported,TIGER BRANDS (SOUTH AFRICA),18,/Users/derrythornalley/AM100_DATA/data/dividends/south_africa/TIGER BRANDS.csv
TRANSCORP PLC NIGERIA (NIGERIA),imported,TRANSCORP PLC NIGERIA (NIGERIA),12,/Users/derrythornalley/AM100_DATA/data/dividends/nigeria/TRANSCORP PLC NIGERIA.csv
TRANSCORP POWER NIGERIA (NIGERIA),imported,TRANSCORP POWER NIGERIA (NIGERIA),5,/Users/derrythornalley/AM100_DATA/data/dividends/nigeria/TRANSCORP POWER NIGERIA.csv
TRUWORTHS INTERNATIONAL LTD (SOUTH AFRICA),imported,TRUWORTHS INTERNATIONAL LTD (SOUTH AFRICA),21,/Users/derrythornalley/AM100_DATA/data/dividends/south_africa/TRUWORTHS INTERNATIONAL LTD.csv
UNILEVER NIGERIA (NIGERIA),imported,UNILEVER NIGERIA (NIGERIA),10,/Users/derrythornalley/AM100_DATA/data/dividends/nigeria/UNILEVER NIGERIA.csv
UNITED BANK FOR AFRICA NIGERIA (NIGERIA),imported,UNITED BANK FOR AFRICA NIGERIA (NIGERIA),20,/Users/derrythornalley/AM100_DATA/data/dividends/nigeria/UNITED BANK FOR AFRICA NIGERIA.csv
VODACOM (SOUTH AFRICA),imported,VODACOM (SOUTH AFRICA),20,/Users/derrythornalley/AM100_DATA/data/dividends/south_africa/VODACOM.csv
WEMA BANK NIGERIA (NIGERIA),imported,WEMA BANK NIGERIA (NIGERIA),7,/Users/derrythornalley/AM100_DATA/data/dividends/nigeria/WEMA BANK NIGERIA.csv
WILSON BAYLY HOLMES OVCON (SOUTH AFRICA),imported,WILSON BAYLY HOLMES OVCON (SOUTH AFRICA),13,/Users/derrythornalley/AM100_DATA/data/dividends/south_africa/WILSON BAYLY HOLMES OVCON.csv
WOOLWORTHS HOLDINGS (SOUTH AFRICA),imported,WOOLWORTHS HOLDINGS (SOUTH AFRICA),19,/Users/derrythornalley/AM100_DATA/data/dividends/south_africa/WOOLWORTHS HOLDINGS.csv
ZENITH BANK NIGERIA (NIGERIA),imported,ZENITH BANK NIGERIA (NIGERIA),20,/Users/derrythornalley/AM100_DATA/data/dividends/nigeria/ZENITH BANK NIGERIA.csv
