Company,HasPriceData,Status,Dividend_Status,Materiality,Action,ActionRequired,DividendEvents,WorkbookHeader,HasDividendSeries,LatestMaxWeight,BestLiquidityRank,InAM100
AECI (SOUTH AFRICA),True,Missing Source,MISSING_SOURCE_ASSUMED_ZERO,MATERIAL,Assume zero; no mapped header or dividend file,SOURCE_DIVIDENDS,0,,False,0.01017662386592698,139.0,False
AGRICULTURAL DEVELOPMENT BANK GHANA (GHANA),True,Missing Source,MISSING_SOURCE_ASSUMED_ZERO,NON_MATERIAL,Assume zero; no mapped header or dividend file,SOURCE_DIVIDENDS,0,,True,,,False
ALUWORKS LIMITED (GHANA),True,Missing Source,MISSING_SOURCE_ASSUMED_ZERO,NON_MATERIAL,Assume zero; no mapped header or dividend file,SOURCE_DIVIDENDS,0,,True,,,False
ARCELORMITTAL SOUTH AFRICA LIMITED (SOUTH AFRICA),True,Missing Source,MISSING_SOURCE_ASSUMED_ZERO,MATERIAL,Assume zero; no mapped header or dividend file,SOURCE_DIVIDENDS,0,,False,0.02516093768438265,102.0,False
CEC AFRICA INVESTMENT ZAMBIA (ZAMBIA),True,Missing Source,MISSING_SOURCE_ASSUMED_ZERO,NON_MATERIAL,Assume zero; no mapped header or dividend file,SOURCE_DIVIDENDS,0,,True,,,False
CLYDESTONE (GHANA) PLC (GHANA),False,Missing Source,MISSING_SOURCE_ASSUMED_ZERO,NON_MATERIAL,Assume zero; no mapped header or dividend file,NONE,0,,True,,,False
CLYDESTONE GHANA PLC (GHANA),True,Missing Source,MISSING_SOURCE_ASSUMED_ZERO,NON_MATERIAL,Assume zero; no mapped header or dividend file,SOURCE_DIVIDENDS,0,,False,,,False
COCOA PROCESSING COMPANY LIMITED (GHANA),True,Missing Source,MISSING_SOURCE_ASSUMED_ZERO,NON_MATERIAL,Assume zero; no mapped header or dividend file,SOURCE_DIVIDENDS,0,,True,,,False
COOPERATIVE BANK KENYA (KENYA),True,Missing Source,MISSING_SOURCE_ASSUMED_ZERO,MATERIAL,Assume zero; no mapped header or dividend file,SOURCE_DIVIDENDS,0,,False,0.01039525856140681,140.0,False
DCB COMMERCIAL BANK PLC TANZANIA (TANZANIA),True,Missing Source,MISSING_SOURCE_ASSUMED_ZERO,NON_MATERIAL,Assume zero; no mapped header or dividend file,SOURCE_DIVIDENDS,0,,False,0.003988019522415014,179.0,False
DISCHEM PHARMACIES (SOUTH AFRICA),True,Missing Source,MISSING_SOURCE_ASSUMED_ZERO,NON_MATERIAL,Assume zero; no mapped header or dividend file,SOURCE_DIVIDENDS,0,,False,0.008671318465990589,148.0,False
DOT COM ZAMBIA (ZAMBIA),True,Missing Source,MISSING_SOURCE_ASSUMED_ZERO,NON_MATERIAL,Assume zero; no mapped header or dividend file,SOURCE_DIVIDENDS,0,,True,,,False
DOUJA PROMOTION GROUPE ADDOHA SA (MOROCCO),True,Missing Source,MISSING_SOURCE_ASSUMED_ZERO,NON_MATERIAL,Assume zero; no mapped header or dividend file,SOURCE_DIVIDENDS,0,,False,0.004077481885027093,177.0,False
EL AHLI INVESTMENT AND DEVELOPMENT (EGYPT),True,Missing Source,MISSING_SOURCE_ASSUMED_ZERO,NON_MATERIAL,Assume zero; no mapped header or dividend file,SOURCE_DIVIDENDS,0,,False,0.0066456242295384,160.0,False
HOME AFRIKA KENYA (KENYA),True,Missing Source,MISSING_SOURCE_ASSUMED_ZERO,NON_MATERIAL,Assume zero; no mapped header or dividend file,SOURCE_DIVIDENDS,0,,True,,,False
HYPROP INVESTMENTS LTD (SOUTH AFRICA),True,Missing Source,MISSING_SOURCE_ASSUMED_ZERO,MATERIAL,Assume zero; no mapped header or dividend file,SOURCE_DIVIDENDS,0,,False,0.01506839046861874,124.0,False
IM BANK (RWANDA),True,Missing Source,MISSING_SOURCE_ASSUMED_ZERO,NON_MATERIAL,Assume zero; no mapped header or dividend file,SOURCE_DIVIDENDS,0,,False,,,False
IM GROUP KENYA (KENYA),True,Missing Source,MISSING_SOURCE_ASSUMED_ZERO,NON_MATERIAL,Assume zero; no mapped header or dividend file,SOURCE_DIVIDENDS,0,,False,0.002174450198376969,194.0,False
KAP LTD (SOUTH AFRICA),True,Missing Source,MISSING_SOURCE_ASSUMED_ZERO,MATERIAL,Assume zero; no mapped header or dividend file,SOURCE_DIVIDENDS,0,,False,0.005150710176357346,25.0,True
KAVANGO RESOURCES (ZIMBABWE),True,Missing Source,MISSING_SOURCE_ASSUMED_ZERO,NON_MATERIAL,Assume zero; no mapped header or dividend file,SOURCE_DIVIDENDS,0,,True,,,False
KENYA AIRWAYS (KENYA),True,Missing Source,MISSING_SOURCE_ASSUMED_ZERO,NON_MATERIAL,Assume zero; no mapped header or dividend file,SOURCE_DIVIDENDS,0,,True,,,False
KENYA PIPELINE COMPANY KENYA (KENYA),True,Missing Source,MISSING_SOURCE_ASSUMED_ZERO,NON_MATERIAL,Assume zero; no mapped header or dividend file,SOURCE_DIVIDENDS,0,,True,,,False
KLAPTON RE REAL ESTATE ZAMBIA (ZAMBIA),True,Missing Source,MISSING_SOURCE_ASSUMED_ZERO,NON_MATERIAL,Assume zero; no mapped header or dividend file,SOURCE_DIVIDENDS,0,,True,,,False
LETSHEGO HOLDINGS (NAMIBIA),True,Missing Source,MISSING_SOURCE_ASSUMED_ZERO,NON_MATERIAL,Assume zero; no mapped header or dividend file,SOURCE_DIVIDENDS,0,,False,,,False
MARIDIVE OIL SERVICE EGYPT (EGYPT),True,Missing Source,MISSING_SOURCE_ASSUMED_ZERO,NON_MATERIAL,Assume zero; no mapped header or dividend file,SOURCE_DIVIDENDS,0,,True,,,False
MEGA AFRICAN CAPITAL LIMITED (GHANA),True,Missing Source,MISSING_SOURCE_ASSUMED_ZERO,NON_MATERIAL,Assume zero; no mapped header or dividend file,SOURCE_DIVIDENDS,0,,True,,,False
MOTUS HOLDINGS (SOUTH AFRICA),True,Missing Source,MISSING_SOURCE_ASSUMED_ZERO,MATERIAL,Assume zero; no mapped header or dividend file,SOURCE_DIVIDENDS,0,,False,0.01877141100478323,113.0,False
MTN RWANDA (RWANDA),True,Missing Source,MISSING_SOURCE_ASSUMED_ZERO,NON_MATERIAL,Assume zero; no mapped header or dividend file,SOURCE_DIVIDENDS,0,,False,,,False
MUCOBA BANK TANZANIA (TANZANIA),True,Missing Source,MISSING_SOURCE_ASSUMED_ZERO,NON_MATERIAL,Assume zero; no mapped header or dividend file,SOURCE_DIVIDENDS,0,,True,,,False
MWALIMU COMMERCIAL BANK TANZANIA (TANZANIA),True,Missing Source,MISSING_SOURCE_ASSUMED_ZERO,NON_MATERIAL,Assume zero; no mapped header or dividend file,SOURCE_DIVIDENDS,0,,True,,,False
NAIROBI BUSINESS VENTURES KENYA (KENYA),True,Missing Source,MISSING_SOURCE_ASSUMED_ZERO,NON_MATERIAL,Assume zero; no mapped header or dividend file,SOURCE_DIVIDENDS,0,,True,,,False
NEDBANK LIMITED (SOUTH AFRICA),True,Missing Source,MISSING_SOURCE_ASSUMED_ZERO,MATERIAL,Assume zero; no mapped header or dividend file,SOURCE_DIVIDENDS,0,,False,0.004638774064762395,28.0,True
NETCARE LTD (SOUTH AFRICA),True,Missing Source,MISSING_SOURCE_ASSUMED_ZERO,MATERIAL,Assume zero; no mapped header or dividend file,SOURCE_DIVIDENDS,0,,False,0.01544609964744023,121.0,False
OMNIA HOLDINGS LTD (SOUTH AFRICA),True,Missing Source,MISSING_SOURCE_ASSUMED_ZERO,NON_MATERIAL,Assume zero; no mapped header or dividend file,SOURCE_DIVIDENDS,0,,False,0.006078457263423175,161.0,False
PFUMA REIT (ZIMBABWE),True,Missing Source,MISSING_SOURCE_ASSUMED_ZERO,NON_MATERIAL,Assume zero; no mapped header or dividend file,SOURCE_DIVIDENDS,0,,True,,,False
PICK N PAY STORES (SOUTH AFRICA),True,Missing Source,MISSING_SOURCE_ASSUMED_ZERO,MATERIAL,Assume zero; no mapped header or dividend file,SOURCE_DIVIDENDS,0,,False,0.0008386927252682356,93.0,True
PRECISION AIR SERVICES TANZANIA (TANZANIA),True,Missing Source,MISSING_SOURCE_ASSUMED_ZERO,NON_MATERIAL,Assume zero; no mapped header or dividend file,SOURCE_DIVIDENDS,0,,False,,,False
STANDARD CHARTERED BANK ZAMBIA (ZAMBIA),True,Missing Source,MISSING_SOURCE_ASSUMED_ZERO,NON_MATERIAL,Assume zero; no mapped header or dividend file,SOURCE_DIVIDENDS,0,,False,,,False
STARAFRICACORPORATION (ZIMBABWE),True,Missing Source,MISSING_SOURCE_ASSUMED_ZERO,NON_MATERIAL,Assume zero; no mapped header or dividend file,SOURCE_DIVIDENDS,0,,True,,,False
SUN INTERNATIONAL LTD (SOUTH AFRICA),True,Missing Source,MISSING_SOURCE_ASSUMED_ZERO,NON_MATERIAL,Assume zero; no mapped header or dividend file,SOURCE_DIVIDENDS,0,,False,0.00471846793263575,169.0,False
TANZANIA TEA PACKERS (TANZANIA),True,Missing Source,MISSING_SOURCE_ASSUMED_ZERO,NON_MATERIAL,Assume zero; no mapped header or dividend file,SOURCE_DIVIDENDS,0,,True,,,False
UCHUMI SUPERMARKETS KENYA (KENYA),True,Missing Source,MISSING_SOURCE_ASSUMED_ZERO,NON_MATERIAL,Assume zero; no mapped header or dividend file,SOURCE_DIVIDENDS,0,,True,,,False
UMEME UGANDA (UGANDA),True,Missing Source,MISSING_SOURCE_ASSUMED_ZERO,NON_MATERIAL,Assume zero; no mapped header or dividend file,SOURCE_DIVIDENDS,0,,False,,,False
ZIMBABWE STOCK EXCHANGE HOLDINGS (ZIMBABWE),True,Missing Source,MISSING_SOURCE_ASSUMED_ZERO,NON_MATERIAL,Assume zero; no mapped header or dividend file,SOURCE_DIVIDENDS,0,,True,,,False
ABSA (SOUTH AFRICA),True,OK,OK,MATERIAL,None,NONE,18,ABSA (SOUTH AFRICA),True,0.005324656672405816,24.0,True
ABSA BANK KENYA (KENYA),True,OK,OK,NON_MATERIAL,None,NONE,17,ABSA BANK KENYA (KENYA),True,0.004835715801593388,170.0,False
ABU DHABI ISLAMIC BANK EGYPT (EGYPT),True,OK,OK,MATERIAL,None,NONE,1,ABU DHABI ISLAMIC BANK EGYPT (EGYPT),True,0.007866263184913177,98.0,True
ABU QIR FERTILIZERS EGYPT (EGYPT),True,OK,OK,MATERIAL,None,NONE,10,ABU QIR FERTILIZERS EGYPT (EGYPT),True,0.00849698998540498,97.0,True
ACCESS BANK GHANA (GHANA),True,OK,OK,NON_MATERIAL,None,NONE,3,,True,,,False
AECI LTD (SOUTH AFRICA),False,OK,OK,NON_MATERIAL,None,SOURCE_PRICES,12,,True,,,False
AFRICAN RAINBOW MINERALS (SOUTH AFRICA),True,OK,OK,MATERIAL,None,NONE,19,AFRICAN RAINBOW MINERALS (SOUTH AFRICA),True,0.0007006133906201825,99.0,True
AFRIPRISE INVESTMENT TANZANIA (TANZANIA),True,OK,OK,NON_MATERIAL,None,NONE,6,,True,0.007471099052290094,157.0,False
AIICO INSURANCE NIGERIA (NIGERIA),True,OK,OK,MATERIAL,None,NONE,8,AIICO INSURANCE NIGERIA (NIGERIA),True,0.0149281305990751,127.0,False
AIRTEL AFRICA NIGERIA (NIGERIA),True,OK,OK,NON_MATERIAL,None,NONE,4,,True,,,False
AIRTEL MALAWI (MALAWI),True,OK,OK,NON_MATERIAL,None,NONE,5,,True,0.001743225123275401,198.0,False
AIRTEL NETWORKS ZAMBIA (ZAMBIA),True,OK,OK,NON_MATERIAL,None,NONE,15,,True,,,False
AIRTEL UGANDA (UGANDA),True,OK,OK,NON_MATERIAL,None,NONE,10,,True,,,False
ALEXANDRIA CONTAINERS AND GOODS (EGYPT),True,OK,OK,MATERIAL,None,NONE,8,,True,0.01952129388246394,112.0,False
ALEXANDRIA MINERAL OILS EGYPT (EGYPT),True,OK,OK,MATERIAL,None,NONE,15,ALEXANDRIA MINERAL OILS EGYPT (EGYPT),True,0.0120049975666646,137.0,False
AMEN BANK TUNISIA (TUNISIA),True,OK,OK,NON_MATERIAL,None,NONE,9,,True,,,False
ANGLO AMERICAN (SOUTH AFRICA),True,OK,OK,MATERIAL,None,NONE,20,ANGLO AMERICAN (SOUTH AFRICA),True,0.004717235555776627,27.0,True
ANGLOGOLD ASHANTI ADR (SOUTH AFRICA),True,OK,OK,MATERIAL,None,NONE,10,ANGLOGOLD ASHANTI ADR (SOUTH AFRICA),True,0.01297296653579208,8.0,True
ARABIAN CEMENT COMPANY (EGYPT),True,OK,OK,MATERIAL,None,NONE,7,,True,0.01438481925825999,130.0,False
ARADEL HOLDINGS NIGERIA (NIGERIA),True,OK,OK,MATERIAL,None,NONE,11,ARADEL HOLDINGS NIGERIA (NIGERIA),True,0.02576734063368604,6.0,True
ASCENCIA MAURITIUS (MAURITIUS),True,OK,OK,NON_MATERIAL,None,NONE,8,,True,,,False
ASPEN PHARMACARE HOLDINGS (SOUTH AFRICA),True,OK,OK,MATERIAL,None,NONE,8,ASPEN PHARMACARE HOLDINGS (SOUTH AFRICA),True,0.001195433589121788,77.0,True
ATLANTASANAD MOROCCO (MOROCCO),True,OK,OK,NON_MATERIAL,None,NONE,10,,True,,,False
ATTIJARI BANK TUNISIA (TUNISIA),True,OK,OK,NON_MATERIAL,None,NONE,9,,True,,,False
ATTIJARIWAFA BANK MOROCCO (MOROCCO),True,OK,OK,MATERIAL,None,NONE,11,ATTIJARIWAFA BANK MOROCCO (MOROCCO),True,0.02693949201845134,101.0,False
AVI (SOUTH AFRICA),True,OK,OK,MATERIAL,None,NONE,19,AVI (SOUTH AFRICA),True,0.02062823515220663,108.0,False
AXA MANSARD NIGERIA (NIGERIA),True,OK,OK,NON_MATERIAL,None,NONE,10,AXA MANSARD NIGERIA (NIGERIA),True,0.005649961830384362,167.0,False
BAMBURI CEMENT PLC (KENYA),True,OK,OK,NON_MATERIAL,None,NONE,10,,True,,,False
BANK OF AFRICA MOROCCO (MOROCCO),True,OK,OK,NON_MATERIAL,None,NONE,1,,True,0.004033191307879585,178.0,False
BANK OF AFRICA NIGER (NIGER),True,OK,OK,NON_MATERIAL,None,NONE,10,BANK OF AFRICA NIGER (NIGER),True,0.003843603104558803,181.0,False
BANK OF AFRICA SENEGAL (SENEGAL),True,OK,OK,NON_MATERIAL,None,NONE,9,BANK OF AFRICA SENEGAL (SENEGAL),True,0.00965526551247504,144.0,False
BANK OF BARODA UGANDA (UGANDA),True,OK,OK,NON_MATERIAL,None,NONE,6,,True,,,False
BANK OF KIGALI RWANDA (RWANDA),True,OK,OK,NON_MATERIAL,None,NONE,10,BANK OF KIGALI RWANDA (RWANDA),True,,,False
BANQUE CENTRALE POPULAIRE MOROCCO (MOROCCO),True,OK,OK,MATERIAL,None,NONE,9,,True,0.01507158936226657,126.0,False
BANQUE DE TUNISIE TUNISIA (TUNISIA),True,OK,OK,NON_MATERIAL,None,NONE,9,,True,,,False
BANQUE NATIONALE AGRICOLE TUNISIA (TUNISIA),True,OK,OK,NON_MATERIAL,None,NONE,9,,True,,,False
BERGER PAINTS NIGERIA (NIGERIA),True,OK,OK,NON_MATERIAL,None,NONE,10,,True,0.003109129680958696,186.0,False
BHP (SOUTH AFRICA),True,OK,OK,MATERIAL,None,NONE,9,BHP (SOUTH AFRICA),True,0.002362165678942372,52.0,True
BIAT TUNISIA (TUNISIA),True,OK,OK,NON_MATERIAL,None,NONE,9,,True,,,False
BID CORP (SOUTH AFRICA),True,OK,OK,MATERIAL,None,NONE,9,,True,0.003327929945306307,37.0,True
BID CORPORATION (SOUTH AFRICA),True,OK,OK,MATERIAL,None,NONE,18,,True,0.003327929945306307,38.0,True
BIDVEST (SOUTH AFRICA),True,OK,OK,MATERIAL,None,NONE,21,BIDVEST (SOUTH AFRICA),True,0.001698911642387454,60.0,True
BLANTYRE HOTELS MALAWI (MALAWI),True,OK,OK,NON_MATERIAL,None,NONE,10,,True,,,False
BLUE LABEL TELECOMS (SOUTH AFRICA),True,OK,OK,MATERIAL,None,NONE,3,BLUE LABEL TELECOMS (SOUTH AFRICA),True,0.02215810486728925,2.0,True
BRALIRWA RWANDA (RWANDA),True,OK,OK,NON_MATERIAL,None,NONE,9,,True,,,False
BRITAM HOLDINGS KENYA (KENYA),True,OK,OK,NON_MATERIAL,None,NONE,4,,True,,,False
BRITISH AMERICAN TOBACCO (SOUTH AFRICA),True,OK,OK,MATERIAL,None,NONE,41,BRITISH AMERICAN TOBACCO (SOUTH AFRICA),True,0.00493841072326723,26.0,True
BRITISH AMERICAN TOBACCO KENYA (KENYA),True,OK,OK,NON_MATERIAL,None,NONE,1,,True,0.004679713224717598,171.0,False
BRITISH AMERICAN TOBACCO UGANDA (UGANDA),True,OK,OK,NON_MATERIAL,None,NONE,10,,True,,,False
BRITISH AMERICAN TOBACCO ZAMBIA (ZAMBIA),True,OK,OK,NON_MATERIAL,None,NONE,6,,True,,,False
BUA CEMENT NIGERIA (NIGERIA),True,OK,OK,MATERIAL,None,NONE,7,BUA CEMENT NIGERIA (NIGERIA),True,0.001671373558466589,89.0,True
BUA FOODS NIGERIA (NIGERIA),True,OK,OK,MATERIAL,None,NONE,4,BUA FOODS NIGERIA (NIGERIA),True,0.001683541750193389,87.0,True
CADBURY NIGERIA (NIGERIA),True,OK,OK,MATERIAL,None,NONE,7,CADBURY NIGERIA (NIGERIA),True,0.01797347052880554,117.0,False
CALBANK PLC GHANA (GHANA),True,OK,OK,NON_MATERIAL,None,NONE,6,,True,,,False
CAMELOT GHANA LIMITED (GHANA),True,OK,OK,NON_MATERIAL,None,NONE,5,,True,,,False
CAP PLC NIGERIA (NIGERIA),True,OK,OK,NON_MATERIAL,None,NONE,10,CAP PLC NIGERIA (NIGERIA),True,0.005903476295875011,164.0,False
CAPITEC BANK (SOUTH AFRICA),True,OK,OK,MATERIAL,None,NONE,18,CAPITEC BANK (SOUTH AFRICA),True,0.007921966392219723,15.0,True
CAPRICORN INVESTMENT (NAMIBIA),True,OK,OK,NON_MATERIAL,None,NONE,10,,True,,,False
CARBACID INVESTMENTS KENYA (KENYA),True,OK,OK,NON_MATERIAL,None,NONE,11,,True,,,False
CEIL MAURITIUS (MAURITIUS),True,OK,OK,NON_MATERIAL,None,NONE,10,,True,,,False
CENTUM INVESTMENT KENYA (KENYA),True,OK,OK,NON_MATERIAL,None,NONE,6,,True,,,False
CENTUM INVESTMENT UG (UGANDA),True,OK,OK,NON_MATERIAL,None,NONE,10,,True,,,False
CHILANGA CEMENT ZAMBIA (ZAMBIA),True,OK,OK,NON_MATERIAL,None,NONE,12,,True,,,False
CHOPPIES ENTERPRISES LIMITED (SOUTH AFRICA),True,OK,OK,MATERIAL,None,NONE,7,,True,0.0009076288192738901,88.0,True
CI CAPITAL HOLDINGS (EGYPT),False,OK,OK,NON_MATERIAL,None,SOURCE_PRICES,4,,True,,,False
CIC INSURANCE GROUP KENYA (KENYA),True,OK,OK,NON_MATERIAL,None,NONE,7,,True,,,False
CIH BANK (MOROCCO),True,OK,OK,NON_MATERIAL,None,NONE,9,,True,0.002911696516524847,187.0,False
CIM FINANCIAL SERVICES MAURITIUS (MAURITIUS),True,OK,OK,NON_MATERIAL,None,NONE,10,,True,,,False
CIMENTS DU MAROC MOROCCO (MOROCCO),True,OK,OK,NON_MATERIAL,None,NONE,9,,True,0.003785751428001259,182.0,False
CIMERWA RWANDA (RWANDA),True,OK,OK,NON_MATERIAL,None,NONE,3,,True,,,False
CLICKS (SOUTH AFRICA),True,OK,OK,MATERIAL,None,NONE,20,CLICKS (SOUTH AFRICA),True,0.00230347673687581,53.0,True
CO-OPERATIVE BANK KENYA (KENYA),False,OK,OK,NON_MATERIAL,None,SOURCE_PRICES,10,,True,,,False
COMMERCIAL INTERNATIONAL BANK EGYPT (EGYPT),True,OK,OK,MATERIAL,None,NONE,9,COMMERCIAL INTERNATIONAL BANK EGYPT (EGYPT),True,0.04672315951375584,31.0,True
COMPAGNIE SUCRERIE MAROCAINE ET DE RAFFINAGE SA (MORROCO),False,OK,OK,NON_MATERIAL,None,SOURCE_PRICES,10,,True,,,False
COPPERBELT ENERGY CORP ZAMBIA (ZAMBIA),True,OK,OK,NON_MATERIAL,None,NONE,6,,True,,,False
CORONATION (NAMIBIA),True,OK,OK,NON_MATERIAL,None,NONE,10,CORONATION (NAMIBIA),True,0.008635773557455071,151.0,False
CORONATION INSURANCE NIGERIA (NIGERIA),True,OK,OK,NON_MATERIAL,None,NONE,1,,True,0.003119819487165358,185.0,False
COSUMAR MOROCCO (MOROCCO),True,OK,OK,NON_MATERIAL,None,NONE,10,,True,0.003593234290618551,183.0,False
CRDB BANK PLC TANZANIA (TANZANIA),True,OK,OK,MATERIAL,None,NONE,10,,True,0.08787289609862484,16.0,True
CREDIT AGRICOLE - EGYPT BANK (S.A.E.),False,OK,OK,NON_MATERIAL,None,SOURCE_PRICES,6,,True,,,False
"CRÉDIT IMMOBILIER ET HÔTELIER, SOCIÉTÉ ANONYME (MORROCO)",False,OK,OK,NON_MATERIAL,None,SOURCE_PRICES,4,,True,,,False
CUSTODIAN INVESTMENT NIGERIA (NIGERIA),True,OK,OK,MATERIAL,None,NONE,20,CUSTODIAN INVESTMENT NIGERIA (NIGERIA),True,0.0164807478959984,119.0,False
CUTIX PLC NIGERIA (NIGERIA),True,OK,OK,NON_MATERIAL,None,NONE,10,CUTIX PLC NIGERIA (NIGERIA),True,0.00911472070657083,146.0,False
DANGOTE CEMENT NIGERIA (NIGERIA),True,OK,OK,MATERIAL,None,NONE,11,DANGOTE CEMENT NIGERIA (NIGERIA),True,0.005960545315410847,40.0,True
DANGOTE SUGAR REFINERY NIGERIA (NIGERIA),True,OK,OK,MATERIAL,None,NONE,9,DANGOTE SUGAR REFINERY NIGERIA (NIGERIA),True,0.002337909954116124,73.0,True
DAR ES SALAAM STOCK EXCHANGE PLC (TANZANIA),True,OK,OK,NON_MATERIAL,None,NONE,10,,True,0.008351502995393384,152.0,False
DELICE HOLDING TUNISIA (TUNISIA),True,OK,OK,NON_MATERIAL,None,NONE,10,,True,,,False
DELTA CORPORATION LIMITED (ZIMBABWE),True,OK,OK,NON_MATERIAL,None,NONE,14,,True,0.004195093089223475,175.0,False
DIAMOND TRUST BANK KENYA (KENYA),True,OK,OK,NON_MATERIAL,None,NONE,5,,True,0.002642913845601287,188.0,False
DIS-CHEM PHARMACIES (SOUTH AFRICA),False,OK,OK,NON_MATERIAL,None,SOURCE_PRICES,16,,True,,,False
DISCOVERY HOLDINGS (SOUTH AFRICA),True,OK,OK,MATERIAL,None,NONE,14,DISCOVERY HOLDINGS (SOUTH AFRICA),True,0.003014992877897844,42.0,True
DOUJA PROMOTION GROUPE ADDOHA S.A. (MOROCCO),False,OK,OK,NON_MATERIAL,None,SOURCE_PRICES,4,,True,,,False
E-FINANCE INVESTMENT GROUP (EGYPT),False,OK,OK,NON_MATERIAL,None,SOURCE_PRICES,7,,True,,,False
EAST AFRICAN BREWERIES KENYA (KENYA),True,OK,OK,MATERIAL,None,NONE,18,EAST AFRICAN BREWERIES KENYA (KENYA),True,0.01754744246973068,118.0,False
EAST DELTA FLOUR MILLS EGYPT (EGYPT),True,OK,OK,NON_MATERIAL,None,NONE,9,,True,,,False
EASTERN TOBACCO EGYPT (EGYPT),True,OK,OK,MATERIAL,None,NONE,11,EASTERN TOBACCO EGYPT (EGYPT),True,0.009718842243579676,91.0,True
ECOBANK GHANA (GHANA),True,OK,OK,NON_MATERIAL,None,NONE,6,,True,,,False
ECOBANK TRANSITIONAL INC GHANA (GHANA),True,OK,OK,NON_MATERIAL,None,NONE,5,,True,,,False
EDITA FOOD INDUSTRIES COMPANY (EGYPT),True,OK,OK,MATERIAL,None,NONE,1,,True,0.02039993444541661,110.0,False
EFG HOLDING EGYPT (EGYPT),True,OK,OK,MATERIAL,None,NONE,3,EFG HOLDING EGYPT (EGYPT),True,0.01444481567109573,72.0,True
EGYPT ALUMINIUM (EGYPT),True,OK,OK,MATERIAL,None,NONE,9,EGYPT ALUMINIUM (EGYPT),True,0.009607499658633124,92.0,True
EL SEWEDY ELECTRIC (EGYPT),True,OK,OK,NON_MATERIAL,None,NONE,2,,True,0.007232867201826833,158.0,False
ENL LIMITED MAURITIUS (MAURITIUS),True,OK,OK,NON_MATERIAL,None,NONE,6,,True,,,False
ENTERPRISE GROUP PLC (GHANA),True,OK,OK,NON_MATERIAL,None,NONE,7,,True,,,False
EQUITY GROUP HOLDINGS KENYA (KENYA),True,OK,OK,MATERIAL,None,NONE,8,EQUITY GROUP HOLDINGS KENYA (KENYA),True,0.01748225358460347,64.0,True
ETERNA PLC NIGERIA (NIGERIA),True,OK,OK,NON_MATERIAL,None,NONE,6,ETERNA PLC NIGERIA (NIGERIA),True,0.004532113664453555,173.0,False
EVEREADY EAST AFRICA KENYA (KENYA),True,OK,OK,NON_MATERIAL,None,NONE,1,,True,,,False
EXPORT DEVELOPMENT BANK OF (EGYPT),True,OK,OK,NON_MATERIAL,None,NONE,3,,True,0.009931030486119432,141.0,False
EXXARO RESOURCES (SOUTH AFRICA),True,OK,OK,MATERIAL,None,NONE,19,EXXARO RESOURCES (SOUTH AFRICA),True,0.0008111092276868888,95.0,True
FAN MILK PLC (GHANA),True,OK,OK,NON_MATERIAL,None,NONE,6,,True,,,False
FCMB GROUP NIGERIA (NIGERIA),True,OK,OK,MATERIAL,None,NONE,10,FCMB GROUP NIGERIA (NIGERIA),True,0.008180192556193374,29.0,True
FDH BANK MALAWI (MALAWI),True,OK,OK,MATERIAL,None,NONE,19,,True,0.01134239197771664,83.0,True
FIDELITY BANK NIGERIA (NIGERIA),True,OK,OK,MATERIAL,None,NONE,13,FIDELITY BANK NIGERIA (NIGERIA),True,0.01177245121409109,20.0,True
FIRST CAPITAL BANK (ZIMBABWE),True,OK,OK,NON_MATERIAL,None,NONE,6,,True,,,False
FIRST HOLDCO NIGERIA (NIGERIA),True,OK,OK,MATERIAL,None,NONE,10,FIRST HOLDCO NIGERIA (NIGERIA),True,0.02425778732864835,7.0,True
FIRSTRAND (SOUTH AFRICA),True,OK,OK,MATERIAL,None,NONE,20,FIRSTRAND (SOUTH AFRICA),True,0.008972377153483369,13.0,True
FMB CAPITAL HOLDINGS MALAWI (MALAWI),True,OK,OK,MATERIAL,None,NONE,11,,True,0.01844672421376136,115.0,False
FORTRESS REAL ESTATE INVESTMENTS LIMITED (SOUTH AFRICA),False,OK,OK,NON_MATERIAL,None,SOURCE_PRICES,6,,True,,,False
FOSCHINI (SOUTH AFRICA),True,OK,OK,MATERIAL,None,NONE,18,FOSCHINI (SOUTH AFRICA),True,0.001353400110481895,68.0,True
GB AUTO EGYPT (EGYPT),True,OK,OK,MATERIAL,None,NONE,4,GB AUTO EGYPT (EGYPT),True,0.01579369958095556,122.0,False
GCB BANK PLC GHANA (GHANA),True,OK,OK,NON_MATERIAL,None,NONE,7,,True,,,False
GEREGU POWER NIGERIA (NIGERIA),True,OK,OK,NON_MATERIAL,None,NONE,4,,True,0.004506442817408307,174.0,False
GLENCORE (SOUTH AFRICA),True,OK,OK,MATERIAL,None,NONE,18,GLENCORE (SOUTH AFRICA),True,0.002625238757949817,47.0,True
GOIL PLC (GHANA),True,OK,OK,NON_MATERIAL,None,NONE,5,,True,,,False
GOLD FIELDS (SOUTH AFRICA),True,OK,OK,MATERIAL,None,NONE,20,GOLD FIELDS (SOUTH AFRICA),True,0.01197883455133374,10.0,True
GRINDROD (SOUTH AFRICA),True,OK,OK,MATERIAL,None,NONE,20,GRINDROD (SOUTH AFRICA),True,0.009703640634205549,12.0,True
GROWTHPOINT PROPERTIES (SOUTH AFRICA),True,OK,OK,MATERIAL,None,NONE,21,,True,0.001202204534806851,76.0,True
GUARANTY TRUST HOLDING COMPANY NIGERIA (NIGERIA),True,OK,OK,MATERIAL,None,NONE,20,GUARANTY TRUST HOLDING COMPANY NIGERIA (NIGERIA),True,0.04090222223508934,3.0,True
GUINNESS NIGERIA (NIGERIA),True,OK,OK,MATERIAL,None,NONE,6,GUINNESS NIGERIA (NIGERIA),True,0.003474055282291322,57.0,True
HARMONY GOLD MINING COMPANY (SOUTH AFRICA),True,OK,OK,MATERIAL,None,NONE,12,HARMONY GOLD MINING COMPANY (SOUTH AFRICA),True,0.005896876399882693,22.0,True
HELIOPOLIS CO. FOR HOUSING & DEVELOPMENT (EGYPT),True,OK,OK,MATERIAL,None,NONE,9,,True,0.01805615254584505,62.0,True
HF GROUP (KENYA),True,OK,OK,NON_MATERIAL,None,NONE,2,,True,,,False
HIPPO VALLEY ESTATES (ZIMBABWE),True,OK,OK,NON_MATERIAL,None,NONE,11,,True,,,False
HONEYWELL FLOUR MILLS NIGERIA (NIGERIA),True,OK,OK,MATERIAL,None,NONE,4,HONEYWELL FLOUR MILLS NIGERIA (NIGERIA),True,0.01225773647648407,135.0,False
HULAMIN LIMITED (SOUTH AFRICA),True,OK,OK,NON_MATERIAL,None,NONE,3,,True,0.004500755063062756,172.0,False
HYPROP (SOUTH AFRICA),False,OK,OK,NON_MATERIAL,None,SOURCE_PRICES,9,,True,,,False
I&M BANK RWANDA (RWANDA),False,OK,OK,NON_MATERIAL,None,SOURCE_PRICES,7,,True,,,False
I&M GROUP KENYA (KENYA),False,OK,OK,NON_MATERIAL,None,SOURCE_PRICES,10,,True,,,False
IBL LTD (MAURITIUS),False,OK,OK,NON_MATERIAL,None,SOURCE_PRICES,8,,True,,,False
IBNSINA PHARMA (EGYPT),True,OK,OK,MATERIAL,None,NONE,6,,True,0.01859520527865849,114.0,False
ICON PROPERTIES MALAWI (MALAWI),True,OK,OK,NON_MATERIAL,None,NONE,11,,True,,,False
IMPALA PLATINUM HOLDINGS (SOUTH AFRICA),True,OK,OK,MATERIAL,None,NONE,9,IMPALA PLATINUM HOLDINGS (SOUTH AFRICA),True,0.005929715771975803,21.0,True
INNSCOR AFRICA (ZIMBABWE),True,OK,OK,NON_MATERIAL,None,NONE,13,INNSCOR AFRICA (ZIMBABWE),True,0.001912567300166877,196.0,False
INTERNATIONAL BREWERIES NIGERIA (NIGERIA),True,OK,OK,MATERIAL,None,NONE,1,INTERNATIONAL BREWERIES NIGERIA (NIGERIA),True,0.01415106254432902,131.0,False
INTRAVENOUS INFUSIONS (GHANA),True,OK,OK,NON_MATERIAL,None,NONE,2,,True,,,False
INVESTEC (SOUTH AFRICA),True,OK,OK,MATERIAL,None,NONE,14,INVESTEC (SOUTH AFRICA),True,0.001175967942799454,78.0,True
IRELAND BLYTH MAURITIUS (MAURITIUS),True,OK,OK,NON_MATERIAL,None,NONE,9,,True,,,False
JAIZ BANK NIGERIA (NIGERIA),True,OK,OK,MATERIAL,None,NONE,6,JAIZ BANK NIGERIA (NIGERIA),True,0.01579006004243311,123.0,False
JUBILEE HOLDINGS KENYA (KENYA),True,OK,OK,NON_MATERIAL,None,NONE,7,,True,,,False
JUHAYNA FOOD INDUSTRIES (EGYPT),True,OK,OK,MATERIAL,None,NONE,10,,True,0.01458989145264674,129.0,False
JULIUS BERGER NIGERIA (NIGERIA),True,OK,OK,NON_MATERIAL,None,NONE,9,JULIUS BERGER NIGERIA (NIGERIA),True,0.008679489930572817,150.0,False
KAP LIMITED (SOUTH AFRICA),False,OK,OK,NON_MATERIAL,None,SOURCE_PRICES,3,,True,,,False
KCB GROUP KENYA (KENYA),True,OK,OK,MATERIAL,None,NONE,18,KCB GROUP KENYA (KENYA),True,0.01368965851842619,75.0,True
KCB GROUP TANZANIA (TANZANIA),True,OK,OK,MATERIAL,None,NONE,9,,True,0.01805125785354161,116.0,False
KENYA ELECTRICITY GENERATING CO (KENYA),True,OK,OK,NON_MATERIAL,None,NONE,8,KENYA ELECTRICITY GENERATING CO (KENYA),True,0.006235947003118715,162.0,False
KENYA POWER (KENYA),True,OK,OK,NON_MATERIAL,None,NONE,5,,True,0.005024573624686973,168.0,False
KENYA REINSURANCE CORPORATION LIMITED (KENYA),True,OK,OK,NON_MATERIAL,None,NONE,11,,True,0.002184257756606942,193.0,False
KUMBA IRON ORE (SOUTH AFRICA),True,OK,OK,MATERIAL,None,NONE,12,KUMBA IRON ORE (SOUTH AFRICA),True,0.000958033572920543,85.0,True
LABEL VIE (MOROCCO),False,OK,OK,NON_MATERIAL,None,SOURCE_PRICES,11,,True,,,False
LAFARGE AFRICA NIGERIA (NIGERIA),True,OK,OK,MATERIAL,None,NONE,12,LAFARGE AFRICA NIGERIA (NIGERIA),True,0.007495534511564329,33.0,True
LAFARGEHOLCIM MAROC MOROCCO (MOROCCO),True,OK,OK,NON_MATERIAL,None,NONE,8,,True,0.00975000326542515,142.0,False
LIBERTY KENYA HOLDINGS (KENYA),True,OK,OK,NON_MATERIAL,None,NONE,2,,True,,,False
LIFE HEALTHCARE (SOUTH AFRICA),True,OK,OK,MATERIAL,None,NONE,20,LIFE HEALTHCARE (SOUTH AFRICA),True,0.02094207068735219,107.0,False
LONGHORN KENYA (KENYA),True,OK,OK,NON_MATERIAL,None,NONE,5,,True,,,False
LUX ISLAND RESTORTS MAURITIUS (MAURITIUS),True,OK,OK,NON_MATERIAL,None,NONE,9,,True,,,False
MADINET MASR FOR HOUSING AND DEVELOPMENT (EGYPT),False,OK,OK,NON_MATERIAL,None,SOURCE_PRICES,9,,True,,,False
MADISON FINANCIAL SERVICES (ZAMBIA),True,OK,OK,NON_MATERIAL,None,NONE,4,,True,,,False
MAENDELEO BANK TANZANIA (TANZANIA),True,OK,OK,NON_MATERIAL,None,NONE,2,,True,,,False
MANAGEM MOROCCO (MOROCCO),True,OK,OK,NON_MATERIAL,None,NONE,8,,True,0.002450869231485747,189.0,False
MAROC TELECOM MOROCCO (MOROCCO),True,OK,OK,MATERIAL,None,NONE,10,MAROC TELECOM MOROCCO (MOROCCO),True,0.01469686881637149,128.0,False
MARSA MAROC MOROCCO (MOROCCO),True,OK,OK,MATERIAL,None,NONE,8,MARSA MAROC MOROCCO (MOROCCO),True,0.01978017799310586,111.0,False
MCB GROUP LTD MAURITIUS (MAURITIUS),True,OK,OK,MATERIAL,None,NONE,18,MCB GROUP LTD MAURITIUS (MAURITIUS),True,0.01344594178916666,132.0,False
MKOMBOZI COMMERCIAL BANK TANZANIA (TANZANIA),True,OK,OK,NON_MATERIAL,None,NONE,1,,True,0.002298572321682033,191.0,False
MOBILE TELECOMMUNICATIONS (NAMIBIA),True,OK,OK,NON_MATERIAL,None,NONE,9,,True,,,False
MOMENTUM METROPOLITAN HOLDINGS LTD (SOUTH AFRICA),False,OK,OK,NON_MATERIAL,None,SOURCE_PRICES,18,,True,,,False
MONDI (SOUTH AFRICA),True,OK,OK,MATERIAL,None,NONE,20,MONDI (SOUTH AFRICA),True,0.00110262070694794,80.0,True
MOTUS HOLDINGS LTD (SOUTH AFRICA),False,OK,OK,NON_MATERIAL,None,SOURCE_PRICES,13,,True,,,False
MR PRICE (SOUTH AFRICA),True,OK,OK,MATERIAL,None,NONE,19,MR PRICE (SOUTH AFRICA),True,0.002621724076447488,48.0,True
MTN GHANA (GHANA),True,OK,OK,NON_MATERIAL,None,NONE,2,,True,,,False
MTN GROUP (SOUTH AFRICA),True,OK,OK,MATERIAL,None,NONE,5,MTN GROUP (SOUTH AFRICA),True,0.006625764391807668,18.0,True
MTN NIGERIA (NIGERIA),True,OK,OK,MATERIAL,None,NONE,11,MTN NIGERIA (NIGERIA),True,0.02224255937471673,9.0,True
MTN RWANDACELL (RWANDA),False,OK,OK,NON_MATERIAL,None,SOURCE_PRICES,5,,True,,,False
MTN UGANDA (UGANDA),True,OK,OK,MATERIAL,None,NONE,13,,True,0.0077106074821773,100.0,True
NAIROBI SECURITIES EXCHANGE KENYA (KENYA),True,OK,OK,NON_MATERIAL,None,NONE,7,,True,,,False
NAMIBIA BREWERIES (NAMIBIA),True,OK,OK,NON_MATERIAL,None,NONE,16,,True,,,False
NASCON ALLIED INDUSTRIES NIGERIA (NIGERIA),True,OK,OK,MATERIAL,None,NONE,9,NASCON ALLIED INDUSTRIES NIGERIA (NIGERIA),True,0.001685355299333058,86.0,True
NASPERS (SOUTH AFRICA),True,OK,OK,MATERIAL,None,NONE,12,NASPERS (SOUTH AFRICA),True,0.02056728208346761,5.0,True
NATION MEDIA GROUP KENYA (KENYA),True,OK,OK,NON_MATERIAL,None,NONE,1,,True,,,False
NATIONAL BANK OF MALAWI (MALAWI),True,OK,OK,MATERIAL,None,NONE,15,,True,0.02062450835693348,109.0,False
NATIONAL INVESTMENT COMPANY TANZANIA (TANZANIA),True,OK,OK,MATERIAL,None,NONE,5,,True,0.01219476618262056,136.0,False
NBS BANK MALAWI (MALAWI),True,OK,OK,MATERIAL,None,NONE,14,,True,0.008955279332431643,96.0,True
NCBA GROUP KENYA (KENYA),True,OK,OK,NON_MATERIAL,None,NONE,16,NCBA GROUP KENYA (KENYA),True,0.005762698194482396,166.0,False
NEDBANK GROUP LIMITED (SOUTH AFRICA),False,OK,OK,NON_MATERIAL,None,SOURCE_PRICES,11,,True,,,False
NESTLE NIGERIA (NIGERIA),True,OK,OK,MATERIAL,None,NONE,14,NESTLE NIGERIA (NIGERIA),True,0.00371175778039064,54.0,True
NETCARE LIMITED (SOUTH AFRICA),False,OK,OK,NON_MATERIAL,None,SOURCE_PRICES,19,,True,,,False
NEW MAURITIUS HOTELS (MAURITIUS),True,OK,OK,NON_MATERIAL,None,NONE,7,,True,,,False
NICO HOLDINGS MALAWI (MALAWI),True,OK,OK,MATERIAL,None,NONE,18,,True,0.01163998935341741,82.0,True
NIGERIAN BREWERIES (NIGERIA),True,OK,OK,MATERIAL,None,NONE,15,NIGERIAN BREWERIES (NIGERIA),True,0.006304417352391132,36.0,True
NINETY ONE (SOUTH AFRICA),True,OK,OK,NON_MATERIAL,None,NONE,11,NINETY ONE (SOUTH AFRICA),True,0.007356633677673458,155.0,False
NMB BANK TANZANIA (TANZANIA),True,OK,OK,MATERIAL,None,NONE,9,,True,0.03102070519985033,46.0,True
NORTHAM PLATINUM HOLDINGS (SOUTH AFRICA),True,OK,OK,MATERIAL,None,NONE,6,NORTHAM PLATINUM HOLDINGS (SOUTH AFRICA),True,0.004171051248292105,32.0,True
OKOMU OIL PALM NIGERIA (NIGERIA),True,OK,OK,MATERIAL,None,NONE,18,OKOMU OIL PALM NIGERIA (NIGERIA),True,0.004382403286260447,51.0,True
OLD MUTUAL (SOUTH AFRICA),True,OK,OK,MATERIAL,None,NONE,21,OLD MUTUAL (SOUTH AFRICA),True,0.002507669427869167,50.0,True
OMNIA HOLDINGS (SOUTH AFRICA),False,OK,OK,NON_MATERIAL,None,SOURCE_PRICES,4,,True,,,False
ONE TECH HOLDING TUNISIA (TUNISIA),True,OK,OK,NON_MATERIAL,None,NONE,9,,True,,,False
ORAGROUP TOGO (TOGO),True,OK,OK,NON_MATERIAL,None,NONE,1,ORAGROUP TOGO (TOGO),True,0.002010021885988396,195.0,False
ORASCOM INVESTMENT HOLDING EGYPT (EGYPT),True,OK,OK,MATERIAL,None,NONE,2,ORASCOM INVESTMENT HOLDING EGYPT (EGYPT),True,0.01961659829602318,59.0,True
ORIENTAL WEAVERS CARPETS COMPANY (EGYPT),False,OK,OK,NON_MATERIAL,None,SOURCE_PRICES,10,,True,,,False
OUTSURANCE (SOUTH AFRICA),True,OK,OK,MATERIAL,None,NONE,18,OUTSURANCE (SOUTH AFRICA),True,0.001347627038776155,69.0,True
PADENGA HOLDINGS (ZIMBABWE),True,OK,OK,NON_MATERIAL,None,NONE,9,,True,,,False
PALM HILLS DEVELOPMANT COMPANY EGYPT (EGYPT),True,OK,OK,MATERIAL,None,NONE,2,PALM HILLS DEVELOPMANT COMPANY EGYPT (EGYPT),True,0.01464293698257579,70.0,True
PEPKOR HOLDINGS LTD (SOUTH AFRICA),True,OK,OK,MATERIAL,None,NONE,6,,True,0.003821278963562323,34.0,True
PICK N PAY STORES LTD (SOUTH AFRICA),False,OK,OK,NON_MATERIAL,None,SOURCE_PRICES,11,,True,,,False
POULINA GROUP HOLDING TUNISIA (TUNISIA),True,OK,OK,NON_MATERIAL,None,NONE,10,,True,,,False
PPC (SOUTH AFRICA),True,OK,OK,MATERIAL,None,NONE,3,PPC (SOUTH AFRICA),True,0.01061821396814513,11.0,True
PRESCO PLC NIGERIA (NIGERIA),True,OK,OK,MATERIAL,None,NONE,14,PRESCO PLC NIGERIA (NIGERIA),True,0.00540972039673901,43.0,True
PROSUS (SOUTH AFRICA),True,OK,OK,MATERIAL,None,NONE,6,PROSUS (SOUTH AFRICA),True,0.008417247053674156,14.0,True
PSG KONSULT (SOUTH AFRICA),True,OK,OK,NON_MATERIAL,None,NONE,20,PSG KONSULT (SOUTH AFRICA),True,0.005861414585002095,163.0,False
PUMA ENERGY ZAMBIA (ZAMBIA),True,OK,OK,NON_MATERIAL,None,NONE,5,,True,,,False
QATAR NATIONAL BANK ALAHLY (EGYPT),True,OK,OK,NON_MATERIAL,None,NONE,8,,True,0.003569624057300735,184.0,False
QNB ALAHLI (EGYPT),False,OK,OK,NON_MATERIAL,None,SOURCE_PRICES,8,,True,,,False
QUILTER (SOUTH AFRICA),True,OK,OK,MATERIAL,None,NONE,17,QUILTER (SOUTH AFRICA),True,0.01461409746332691,125.0,False
RAUBEX (SOUTH AFRICA),True,OK,OK,NON_MATERIAL,None,NONE,19,RAUBEX (SOUTH AFRICA),True,0.00870599096729622,147.0,False
RAYA HOLDING EGYPT (EGYPT),True,OK,OK,MATERIAL,None,NONE,9,RAYA HOLDING EGYPT (EGYPT),True,0.02605231707551594,103.0,False
REAL ESTATE INVESTMENTS ZAMBIA (ZAMBIA),True,OK,OK,NON_MATERIAL,None,NONE,1,,True,,,False
REDEFINE PROPERTIES (SOUTH AFRICA),True,OK,OK,MATERIAL,None,NONE,14,,True,0.02215810486728925,1.0,True
REINET INVEST (SOUTH AFRICA),True,OK,OK,MATERIAL,None,NONE,8,REINET INVEST (SOUTH AFRICA),True,0.001920972661355096,56.0,True
REMGRO (SOUTH AFRICA),True,OK,OK,MATERIAL,None,NONE,23,REMGRO (SOUTH AFRICA),True,0.001412635368255365,66.0,True
REPUBLIC BANK (GHANA),True,OK,OK,NON_MATERIAL,None,NONE,1,,True,,,False
REUNERT LTD (SOUTH AFRICA),False,OK,OK,NON_MATERIAL,None,SOURCE_PRICES,20,,True,,,False
SAFARICOM KENYA (KENYA),True,OK,OK,MATERIAL,None,NONE,11,SAFARICOM KENYA (KENYA),True,0.02918904110410546,49.0,True
SANLAM (SOUTH AFRICA),True,OK,OK,MATERIAL,None,NONE,10,SANLAM (SOUTH AFRICA),True,0.002871959640241075,44.0,True
SANTAM (SOUTH AFRICA),True,OK,OK,MATERIAL,None,NONE,19,SANTAM (SOUTH AFRICA),True,0.01263224582732736,134.0,False
SASINI KENYA (KENYA),True,OK,OK,NON_MATERIAL,None,NONE,5,,True,,,False
SASOL LTD (SOUTH AFRICA),False,OK,OK,NON_MATERIAL,None,SOURCE_PRICES,11,,True,,,False
SBM HOLDINGS MAURITIUS (MAURITIUS),True,OK,OK,NON_MATERIAL,None,NONE,9,,True,,,False
SBN HOLDINGS (NAMIBIA),True,OK,OK,NON_MATERIAL,None,NONE,3,,True,,,False
SCANGROUP KENYA (KENYA),True,OK,OK,NON_MATERIAL,None,NONE,5,,True,,,False
SEED CO INTERNATIONAL LIMITED (BOTSWANA),False,OK,OK,NON_MATERIAL,None,SOURCE_PRICES,5,,True,,,False
SEPLAT ENERGY NIGERIA (NIGERIA),True,OK,OK,MATERIAL,None,NONE,19,SEPLAT ENERGY NIGERIA (NIGERIA),True,0.006143898469623468,39.0,True
SHOPRITE HOLDINGS (SOUTH AFRICA),True,OK,OK,MATERIAL,None,NONE,21,SHOPRITE HOLDINGS (SOUTH AFRICA),True,0.003658404842713459,35.0,True
SHOPRITE HOLDINGS ZAMBIA (ZAMBIA),True,OK,OK,NON_MATERIAL,None,NONE,21,,True,,,False
SIBANYE STILLWATER (SOUTH AFRICA),True,OK,OK,MATERIAL,None,NONE,11,SIBANYE STILLWATER (SOUTH AFRICA),True,0.006399577414873812,19.0,True
SIC INSURANCE (GHANA),True,OK,OK,NON_MATERIAL,None,NONE,5,,True,,,False
SIDI KERIR PETROCHEMICALS EGYPT (EGYPT),True,OK,OK,NON_MATERIAL,None,NONE,8,SIDI KERIR PETROCHEMICALS EGYPT (EGYPT),True,0.007674933784502675,154.0,False
SIMBISA BRANDS (ZIMBABWE),True,OK,OK,NON_MATERIAL,None,NONE,12,,True,,,False
SOCIETE DE FABRICATION DES BOISSONS DE TUNISIE SOCIETE ANONYME (TUNISIA),True,OK,OK,NON_MATERIAL,None,NONE,10,,True,,,False
SOCIETE FRIGORIFIQUE ET BRASSERIE DE TUNIS TUNISIA (TUNISIA),True,OK,OK,NON_MATERIAL,None,NONE,1,,True,,,False
SOCIETE GENERALE GHANA (GHANA),True,OK,OK,NON_MATERIAL,None,NONE,8,,True,,,False
SONATEL SENEGAL (SENEGAL),True,OK,OK,MATERIAL,None,NONE,10,SONATEL SENEGAL (SENEGAL),True,0.04893297839763672,30.0,True
SPAR (SOUTH AFRICA),True,OK,OK,MATERIAL,None,NONE,14,SPAR (SOUTH AFRICA),True,0.02128197292284494,106.0,False
STANBIC BANK UGANDA (UGANDA),True,OK,OK,MATERIAL,None,NONE,3,,True,0.01173031556562104,138.0,False
STANBIC HOLDINGS KENYA (KENYA),True,OK,OK,NON_MATERIAL,None,NONE,17,STANBIC HOLDINGS KENYA (KENYA),True,0.001772957310155467,197.0,False
STANBIC IBTC HOLDINGS NIGERIA (NIGERIA),True,OK,OK,MATERIAL,None,NONE,19,STANBIC IBTC HOLDINGS NIGERIA (NIGERIA),True,0.005159396059136807,45.0,True
STANDARD BANK GROUP (SOUTH AFRICA),True,OK,OK,MATERIAL,None,NONE,19,STANDARD BANK GROUP (SOUTH AFRICA),True,0.007160271600422919,17.0,True
STANDARD BANK MALAWI (MALAWI),True,OK,OK,NON_MATERIAL,None,NONE,14,,True,0.009480891535891215,145.0,False
STANDARD CHARTERED BANK GHANA (GHANA),True,OK,OK,NON_MATERIAL,None,NONE,3,,True,,,False
STANDARD CHARTERED BANK KENYA (KENYA),True,OK,OK,NON_MATERIAL,None,NONE,10,,True,0.005803627329577601,165.0,False
STE NATIONALE DE SIDERURGIE SA (MOROCCO),False,OK,OK,NON_MATERIAL,None,SOURCE_PRICES,6,,True,,,False
STERLING FINANCIAL HOLDINGS NIGERIA (NIGERIA),True,OK,OK,MATERIAL,None,NONE,7,STERLING FINANCIAL HOLDINGS NIGERIA (NIGERIA),True,0.002302253087948775,74.0,True
SUN INTERNATIONAL LIMITED (SOUTH AFRICA),False,OK,OK,NON_MATERIAL,None,SOURCE_PRICES,10,,True,,,False
SUN RESORTS LIMITED MAURITIUS (MAURITIUS),True,OK,OK,NON_MATERIAL,None,NONE,9,,True,,,False
SWISSPORT TANZANIA (TANZANIA),True,OK,OK,NON_MATERIAL,None,NONE,4,,True,0.002339564572121641,190.0,False
TALAAT MOUSTAFA GROUP EGYPT (EGYPT),True,OK,OK,MATERIAL,None,NONE,9,TALAAT MOUSTAFA GROUP EGYPT (EGYPT),True,0.02165636036033101,55.0,True
TANGA CEMENT TANZANIA (TANZANIA),True,OK,OK,NON_MATERIAL,None,NONE,3,,True,0.006979186072329012,159.0,False
TANZANIA BREWERIES LTD (TANZANIA),True,OK,OK,MATERIAL,None,NONE,8,,True,0.0161662092344964,120.0,False
TANZANIA CIGARETTE COMPANY (TANZANIA),True,OK,OK,MATERIAL,None,NONE,9,,True,0.01320514859070206,133.0,False
TANZANIA PORTLAND CEMENT (TANZANIA),True,OK,OK,NON_MATERIAL,None,NONE,8,,True,0.008840587614047402,149.0,False
TAQA MOROCCO (MOROCCO),True,OK,OK,NON_MATERIAL,None,NONE,9,,True,0.003955960150444031,180.0,False
TELECOM EGYPT (EGYPT),True,OK,OK,MATERIAL,None,NONE,10,TELECOM EGYPT (EGYPT),True,0.01187232065671374,81.0,True
TELEKOM NETWORKS MALAWI (MALAWI),True,OK,OK,NON_MATERIAL,None,NONE,8,,True,0.002268848374121363,192.0,False
THUNGELA RESOURSES (SOUTH AFRICA),True,OK,OK,MATERIAL,None,NONE,2,,True,0.02170213700902763,105.0,False
TIGER BRANDS (SOUTH AFRICA),True,OK,OK,MATERIAL,None,NONE,18,TIGER BRANDS (SOUTH AFRICA),True,0.001591757534438593,63.0,True
TIGERE PROPERTY FUND (ZIMBABWE),True,OK,OK,NON_MATERIAL,None,NONE,4,,True,,,False
TN CYBERTECH INVESTMENTS HOLDINGS (ZIMBABWE),True,OK,OK,NON_MATERIAL,None,NONE,1,,True,,,False
TOL GASES TANZANIA (TANZANIA),True,OK,OK,NON_MATERIAL,None,NONE,4,,True,,,False
TOTALENERGIES MARKETING KENYA (KENYA),True,OK,OK,NON_MATERIAL,None,NONE,10,,True,,,False
TOTALENERGIES MARKETING NIGERIA (NIGERIA),True,OK,OK,NON_MATERIAL,None,NONE,2,,True,0.009729248248925279,143.0,False
TOTALENERGIES MARKETING SENEGAL (SENEGAL),True,OK,OK,NON_MATERIAL,None,NONE,10,,True,0.001413868059350252,199.0,False
TRANSCORP HOTELS NIGERIA (NIGERIA),True,OK,OK,NON_MATERIAL,None,NONE,9,,True,0.0013921676176677,200.0,False
TRANSCORP PLC NIGERIA (NIGERIA),True,OK,OK,MATERIAL,None,NONE,12,TRANSCORP PLC NIGERIA (NIGERIA),True,0.002167099229981808,79.0,True
TRANSCORP POWER NIGERIA (NIGERIA),True,OK,OK,MATERIAL,None,NONE,5,TRANSCORP POWER NIGERIA (NIGERIA),True,0.00279804395118755,65.0,True
TRANSPACO (SOUTH AFRICA),True,OK,OK,NON_MATERIAL,None,NONE,5,,True,,,False
TRUWORTHS INT (SOUTH AFRICA),True,OK,OK,MATERIAL,None,NONE,21,,True,0.0008239603979172661,94.0,True
TRUWORTHS INTERNATIONAL LTD (SOUTH AFRICA),False,OK,OK,NON_MATERIAL,None,SOURCE_PRICES,21,,True,,,False
TSL (ZIMBABWE),True,OK,OK,NON_MATERIAL,None,NONE,7,,True,,,False
TSOGO SUN GAMING (SOUTH AFRICA),True,OK,OK,NON_MATERIAL,None,NONE,16,,True,,,False
UNILEVER NIGERIA (NIGERIA),True,OK,OK,MATERIAL,None,NONE,10,UNILEVER NIGERIA (NIGERIA),True,0.00164500064311077,90.0,True
UNITED BANK FOR AFRICA NIGERIA (NIGERIA),True,OK,OK,MATERIAL,None,NONE,20,UNITED BANK FOR AFRICA NIGERIA (NIGERIA),True,0.01020204350113295,23.0,True
UPDC PLC NIGERIA (NIGERIA),True,OK,OK,NON_MATERIAL,None,NONE,1,,True,0.007566913850199504,156.0,False
VODACOM (SOUTH AFRICA),True,OK,OK,MATERIAL,None,NONE,20,VODACOM (SOUTH AFRICA),True,0.001645744039754061,61.0,True
VODACOM TANZANIA (TANZANIA),True,OK,OK,NON_MATERIAL,None,NONE,8,,True,0.004166877509803615,176.0,False
WEMA BANK NIGERIA (NIGERIA),True,OK,OK,MATERIAL,None,NONE,7,WEMA BANK NIGERIA (NIGERIA),True,0.001878973403495252,84.0,True
WILLIAMSON TEA KENYA (KENYA),True,OK,OK,NON_MATERIAL,None,NONE,7,,True,,,False
WILSON BAYLY HOLMES OVCON (SOUTH AFRICA),True,OK,OK,NON_MATERIAL,None,NONE,13,WILSON BAYLY HOLMES OVCON (SOUTH AFRICA),True,0.007682740311678482,153.0,False
WOOLWORTHS HOLDINGS (SOUTH AFRICA),True,OK,OK,MATERIAL,None,NONE,19,WOOLWORTHS HOLDINGS (SOUTH AFRICA),True,0.001761950457911738,58.0,True
ZAMBIA BATA SHOE (ZAMBIA),True,OK,OK,NON_MATERIAL,None,NONE,12,,True,,,False
ZAMBIA NATIONAL COMMERCIAL BANK (ZAMBIA),True,OK,OK,NON_MATERIAL,None,NONE,9,,True,,,False
ZAMBIA SUGAR (ZAMBIA),True,OK,OK,NON_MATERIAL,None,NONE,7,,True,,,False
ZAMBIAN BREWERIES (ZAMBIA),True,OK,OK,NON_MATERIAL,None,NONE,5,,True,,,False
ZCCM INVESTMENTS HOLDINGS ZAMBIA (ZAMBIA),True,OK,OK,NON_MATERIAL,None,NONE,6,,True,,,False
ZENITH BANK NIGERIA (NIGERIA),True,OK,OK,MATERIAL,None,NONE,20,ZENITH BANK NIGERIA (NIGERIA),True,0.03901966007908089,4.0,True
BELTONE HOLDING EGYPT (EGYPT),True,Zero Dividend,ZERO_CONFIRMED,MATERIAL,Zero file ensured: /Users/derrythornalley/AM100_DATA/data/dividends/egypt/BELTONE HOLDING EGYPT.csv,SOURCE_DIVIDENDS,0,BELTONE HOLDING EGYPT (EGYPT),True,0.03495498333887967,41.0,True
EMAAR MISR EGYPT (EGYPT),True,Zero Dividend,ZERO_CONFIRMED,MATERIAL,Zero file ensured: /Users/derrythornalley/AM100_DATA/data/dividends/egypt/EMAAR MISR EGYPT.csv,SOURCE_DIVIDENDS,0,EMAAR MISR EGYPT (EGYPT),True,0.02515375890773567,104.0,False
FAWRY EGYPT (EGYPT),True,Zero Dividend,ZERO_CONFIRMED,MATERIAL,Zero file ensured: /Users/derrythornalley/AM100_DATA/data/dividends/egypt/FAWRY EGYPT.csv,SOURCE_DIVIDENDS,0,FAWRY EGYPT (EGYPT),True,0.01450727651325905,71.0,True
OANDO PLC NIGERIA (NIGERIA),True,Zero Dividend,ZERO_CONFIRMED,MATERIAL,Zero file ensured: /Users/derrythornalley/AM100_DATA/data/dividends/nigeria/OANDO PLC NIGERIA.csv,SOURCE_DIVIDENDS,0,OANDO PLC NIGERIA (NIGERIA),True,0.002586890125590396,67.0,True
SUEZ CANAL BANK (EGYPT),True,Zero Dividend,ZERO_CONFIRMED,NON_MATERIAL,Zero file ensured: /Users/derrythornalley/AM100_DATA/data/dividends/egypt/SUEZ CANAL BANK.csv,SOURCE_DIVIDENDS,0,,True,,,False
ZAMBEEF PRODUCTS (ZAMBIA),True,Zero Dividend,ZERO_CONFIRMED,NON_MATERIAL,Zero file ensured: /Users/derrythornalley/AM100_DATA/data/dividends/zambia/ZAMBEEF PRODUCTS.csv,SOURCE_DIVIDENDS,0,,True,,,False
