Company,Country,Issue
ABU DHABI ISLAMIC BANK EGYPT (EGYPT),EGYPT,max_value_above_100m
ABU QIR FERTILIZERS EGYPT (EGYPT),EGYPT,median_value_above_50m
ABU QIR FERTILIZERS EGYPT (EGYPT),EGYPT,max_value_above_100m
ALEXANDRIA MINERAL OILS EGYPT (EGYPT),EGYPT,median_value_above_50m
ALEXANDRIA MINERAL OILS EGYPT (EGYPT),EGYPT,max_value_above_100m
BELTONE HOLDING EGYPT (EGYPT),EGYPT,max_value_above_100m
COMMERCIAL INTERNATIONAL BANK EGYPT (EGYPT),EGYPT,median_value_above_50m
COMMERCIAL INTERNATIONAL BANK EGYPT (EGYPT),EGYPT,max_value_above_100m
EFG HOLDING EGYPT (EGYPT),EGYPT,max_value_above_100m
EASTERN TOBACCO EGYPT (EGYPT),EGYPT,median_value_above_50m
EASTERN TOBACCO EGYPT (EGYPT),EGYPT,max_value_above_100m
EGYPT ALUMINIUM (EGYPT),EGYPT,max_value_above_100m
EMAAR MISR EGYPT (EGYPT),EGYPT,max_value_above_100m
FAWRY EGYPT (EGYPT),EGYPT,median_value_above_50m
FAWRY EGYPT (EGYPT),EGYPT,max_value_above_100m
GB AUTO EGYPT (EGYPT),EGYPT,max_value_above_100m
ORASCOM INVESTMENT HOLDING EGYPT (EGYPT),EGYPT,max_value_above_100m
PALM HILLS DEVELOPMANT COMPANY EGYPT (EGYPT),EGYPT,max_value_above_100m
RAYA HOLDING EGYPT (EGYPT),EGYPT,max_value_above_100m
SIDI KERIR PETROCHEMICALS EGYPT (EGYPT),EGYPT,max_value_above_100m
TALAAT MOUSTAFA GROUP EGYPT (EGYPT),EGYPT,max_value_above_100m
TELECOM EGYPT (EGYPT),EGYPT,max_value_above_100m
ABSA BANK KENYA (KENYA),KENYA,max_value_above_100m
CO-OPERATIVE BANK KENYA (KENYA),KENYA,max_value_above_100m
EAST AFRICAN BREWERIES KENYA (KENYA),KENYA,max_value_above_100m
EQUITY GROUP HOLDINGS KENYA (KENYA),KENYA,max_value_above_100m
KCB GROUP KENYA (KENYA),KENYA,max_value_above_100m
SAFARICOM KENYA (KENYA),KENYA,median_value_above_50m
SAFARICOM KENYA (KENYA),KENYA,max_value_above_100m
FDH BANK MALAWI (MALAWI),MALAWI,max_value_above_100m
FMB CAPITAL HOLDINGS MALAWI (MALAWI),MALAWI,max_value_above_100m
NBS BANK MALAWI (MALAWI),MALAWI,max_value_above_100m
NATIONAL BANK OF MALAWI (MALAWI),MALAWI,max_value_above_100m
NICO HOLDINGS MALAWI (MALAWI),MALAWI,max_value_above_100m
STANDARD BANK MALAWI (MALAWI),MALAWI,max_value_above_100m
MCB GROUP LTD MAURITIUS (MAURITIUS),MAURITIUS,max_value_above_100m
ATTIJARIWAFA BANK MOROCCO (MOROCCO),MOROCCO,max_value_above_100m
BANQUE CENTRALE POPULAIRE MOROCCO (MOROCCO),MOROCCO,max_value_above_100m
COSUMAR MOROCCO (MOROCCO),MOROCCO,max_value_above_100m
LAFARGEHOLCIM MAROC MOROCCO (MOROCCO),MOROCCO,max_value_above_100m
MAROC TELECOM MOROCCO (MOROCCO),MOROCCO,max_value_above_100m
MARSA MAROC MOROCCO (MOROCCO),MOROCCO,max_value_above_100m
CORONATION (NAMIBIA),NAMIBIA,max_value_above_100m
MOBILE TELECOMMUNICATIONS (NAMIBIA),NAMIBIA,max_value_above_100m
BANK OF AFRICA NIGER (NIGER),NIGER,max_value_above_100m
AIICO INSURANCE NIGERIA (NIGERIA),NIGERIA,max_value_above_100m
AIRTEL AFRICA NIGERIA (NIGERIA),NIGERIA,max_value_above_100m
ARADEL HOLDINGS NIGERIA (NIGERIA),NIGERIA,median_value_above_50m
ARADEL HOLDINGS NIGERIA (NIGERIA),NIGERIA,max_value_above_100m
BUA CEMENT NIGERIA (NIGERIA),NIGERIA,max_value_above_100m
BUA FOODS NIGERIA (NIGERIA),NIGERIA,max_value_above_100m
CADBURY NIGERIA (NIGERIA),NIGERIA,max_value_above_100m
CUTIX PLC NIGERIA (NIGERIA),NIGERIA,max_value_above_100m
DANGOTE CEMENT NIGERIA (NIGERIA),NIGERIA,median_value_above_50m
DANGOTE CEMENT NIGERIA (NIGERIA),NIGERIA,max_value_above_100m
DANGOTE SUGAR REFINERY NIGERIA (NIGERIA),NIGERIA,max_value_above_100m
ETERNA PLC NIGERIA (NIGERIA),NIGERIA,max_value_above_100m
FCMB GROUP NIGERIA (NIGERIA),NIGERIA,max_value_above_100m
FIDELITY BANK NIGERIA (NIGERIA),NIGERIA,max_value_above_100m
FIRST HOLDCO NIGERIA (NIGERIA),NIGERIA,median_value_above_50m
FIRST HOLDCO NIGERIA (NIGERIA),NIGERIA,max_value_above_100m
GEREGU POWER NIGERIA (NIGERIA),NIGERIA,max_value_above_100m
GUARANTY TRUST HOLDING COMPANY NIGERIA (NIGERIA),NIGERIA,median_value_above_50m
GUARANTY TRUST HOLDING COMPANY NIGERIA (NIGERIA),NIGERIA,max_value_above_100m
GUINNESS NIGERIA (NIGERIA),NIGERIA,max_value_above_100m
HONEYWELL FLOUR MILLS NIGERIA (NIGERIA),NIGERIA,max_value_above_100m
INTERNATIONAL BREWERIES NIGERIA (NIGERIA),NIGERIA,max_value_above_100m
JULIUS BERGER NIGERIA (NIGERIA),NIGERIA,max_value_above_100m
LAFARGE AFRICA NIGERIA (NIGERIA),NIGERIA,max_value_above_100m
MTN NIGERIA (NIGERIA),NIGERIA,median_value_above_50m
MTN NIGERIA (NIGERIA),NIGERIA,max_value_above_100m
NASCON ALLIED INDUSTRIES NIGERIA (NIGERIA),NIGERIA,max_value_above_100m
NESTLÉ NIGERIA (NIGERIA),NIGERIA,median_value_above_50m
NESTLÉ NIGERIA (NIGERIA),NIGERIA,max_value_above_100m
NIGERIAN BREWERIES (NIGERIA),NIGERIA,median_value_above_50m
NIGERIAN BREWERIES (NIGERIA),NIGERIA,max_value_above_100m
OANDO PLC NIGERIA (NIGERIA),NIGERIA,max_value_above_100m
OKOMU OIL PALM NIGERIA (NIGERIA),NIGERIA,max_value_above_100m
PRESCO PLC NIGERIA (NIGERIA),NIGERIA,max_value_above_100m
SEPLAT ENERGY NIGERIA (NIGERIA),NIGERIA,max_value_above_100m
STANBIC IBTC HOLDINGS NIGERIA (NIGERIA),NIGERIA,max_value_above_100m
STERLING FINANCIAL HOLDINGS NIGERIA (NIGERIA),NIGERIA,max_value_above_100m
TOTALENERGIES MARKETING NIGERIA (NIGERIA),NIGERIA,max_value_above_100m
TRANSCORP PLC NIGERIA (NIGERIA),NIGERIA,max_value_above_100m
TRANSCORP POWER NIGERIA (NIGERIA),NIGERIA,max_value_above_100m
UNILEVER NIGERIA (NIGERIA),NIGERIA,max_value_above_100m
UNITED BANK FOR AFRICA NIGERIA (NIGERIA),NIGERIA,median_value_above_50m
UNITED BANK FOR AFRICA NIGERIA (NIGERIA),NIGERIA,max_value_above_100m
ZENITH BANK NIGERIA (NIGERIA),NIGERIA,median_value_above_50m
ZENITH BANK NIGERIA (NIGERIA),NIGERIA,max_value_above_100m
BANK OF AFRICA SENEGAL (SENEGAL),SENEGAL,max_value_above_100m
SONATEL SENEGAL (SENEGAL),SENEGAL,median_value_above_50m
SONATEL SENEGAL (SENEGAL),SENEGAL,max_value_above_100m
TOTALENERGIES MARKETING SENEGAL (SENEGAL),SENEGAL,max_value_above_100m
ABSA (SOUTH AFRICA),SOUTH AFRICA,median_value_above_50m
ABSA (SOUTH AFRICA),SOUTH AFRICA,max_value_above_100m
AFRICAN RAINBOW MINERALS (SOUTH AFRICA),SOUTH AFRICA,median_value_above_50m
AFRICAN RAINBOW MINERALS (SOUTH AFRICA),SOUTH AFRICA,max_value_above_100m
ANGLO AMERICAN (SOUTH AFRICA),SOUTH AFRICA,median_value_above_50m
ANGLO AMERICAN (SOUTH AFRICA),SOUTH AFRICA,max_value_above_100m
ANGLOGOLD ASHANTI ADR (SOUTH AFRICA),SOUTH AFRICA,median_value_above_50m
ANGLOGOLD ASHANTI ADR (SOUTH AFRICA),SOUTH AFRICA,max_value_above_100m
ASPEN PHARMACARE HOLDINGS (SOUTH AFRICA),SOUTH AFRICA,median_value_above_50m
ASPEN PHARMACARE HOLDINGS (SOUTH AFRICA),SOUTH AFRICA,max_value_above_100m
AVI (SOUTH AFRICA),SOUTH AFRICA,median_value_above_50m
AVI (SOUTH AFRICA),SOUTH AFRICA,max_value_above_100m
BHP (SOUTH AFRICA),SOUTH AFRICA,median_value_above_50m
BHP (SOUTH AFRICA),SOUTH AFRICA,max_value_above_100m
BID CORP (SOUTH AFRICA),SOUTH AFRICA,median_value_above_50m
BID CORP (SOUTH AFRICA),SOUTH AFRICA,max_value_above_100m
BIDVEST (SOUTH AFRICA),SOUTH AFRICA,median_value_above_50m
BIDVEST (SOUTH AFRICA),SOUTH AFRICA,max_value_above_100m
BLUE LABEL TELECOMS (SOUTH AFRICA),SOUTH AFRICA,median_value_above_50m
BLUE LABEL TELECOMS (SOUTH AFRICA),SOUTH AFRICA,max_value_above_100m
BRITISH AMERICAN TOBACCO (SOUTH AFRICA),SOUTH AFRICA,median_value_above_50m
BRITISH AMERICAN TOBACCO (SOUTH AFRICA),SOUTH AFRICA,max_value_above_100m
CAPITEC BANK (SOUTH AFRICA),SOUTH AFRICA,median_value_above_50m
CAPITEC BANK (SOUTH AFRICA),SOUTH AFRICA,max_value_above_100m
CLICKS (SOUTH AFRICA),SOUTH AFRICA,median_value_above_50m
CLICKS (SOUTH AFRICA),SOUTH AFRICA,max_value_above_100m
DIS-CHEM PHARMACIES (SOUTH AFRICA),SOUTH AFRICA,max_value_above_100m
DISCOVERY HOLDINGS (SOUTH AFRICA),SOUTH AFRICA,median_value_above_50m
DISCOVERY HOLDINGS (SOUTH AFRICA),SOUTH AFRICA,max_value_above_100m
EXXARO RESOURCES (SOUTH AFRICA),SOUTH AFRICA,median_value_above_50m
EXXARO RESOURCES (SOUTH AFRICA),SOUTH AFRICA,max_value_above_100m
FIRSTRAND (SOUTH AFRICA),SOUTH AFRICA,median_value_above_50m
FIRSTRAND (SOUTH AFRICA),SOUTH AFRICA,max_value_above_100m
FOSCHINI (SOUTH AFRICA),SOUTH AFRICA,median_value_above_50m
FOSCHINI (SOUTH AFRICA),SOUTH AFRICA,max_value_above_100m
GLENCORE (SOUTH AFRICA),SOUTH AFRICA,median_value_above_50m
GLENCORE (SOUTH AFRICA),SOUTH AFRICA,max_value_above_100m
GOLD FIELDS (SOUTH AFRICA),SOUTH AFRICA,median_value_above_50m
GOLD FIELDS (SOUTH AFRICA),SOUTH AFRICA,max_value_above_100m
GRINDROD (SOUTH AFRICA),SOUTH AFRICA,median_value_above_50m
GRINDROD (SOUTH AFRICA),SOUTH AFRICA,max_value_above_100m
HARMONY GOLD MINING COMPANY (SOUTH AFRICA),SOUTH AFRICA,median_value_above_50m
HARMONY GOLD MINING COMPANY (SOUTH AFRICA),SOUTH AFRICA,max_value_above_100m
IMPALA PLATINUM HOLDINGS (SOUTH AFRICA),SOUTH AFRICA,median_value_above_50m
IMPALA PLATINUM HOLDINGS (SOUTH AFRICA),SOUTH AFRICA,max_value_above_100m
INVESTEC (SOUTH AFRICA),SOUTH AFRICA,median_value_above_50m
INVESTEC (SOUTH AFRICA),SOUTH AFRICA,max_value_above_100m
KUMBA IRON ORE (SOUTH AFRICA),SOUTH AFRICA,median_value_above_50m
KUMBA IRON ORE (SOUTH AFRICA),SOUTH AFRICA,max_value_above_100m
LIFE HEALTHCARE (SOUTH AFRICA),SOUTH AFRICA,median_value_above_50m
LIFE HEALTHCARE (SOUTH AFRICA),SOUTH AFRICA,max_value_above_100m
MTN GROUP (SOUTH AFRICA),SOUTH AFRICA,median_value_above_50m
MTN GROUP (SOUTH AFRICA),SOUTH AFRICA,max_value_above_100m
MONDI (SOUTH AFRICA),SOUTH AFRICA,median_value_above_50m
MONDI (SOUTH AFRICA),SOUTH AFRICA,max_value_above_100m
MR PRICE (SOUTH AFRICA),SOUTH AFRICA,median_value_above_50m
MR PRICE (SOUTH AFRICA),SOUTH AFRICA,max_value_above_100m
NASPERS (SOUTH AFRICA),SOUTH AFRICA,median_value_above_50m
NASPERS (SOUTH AFRICA),SOUTH AFRICA,max_value_above_100m
NINETY ONE (SOUTH AFRICA),SOUTH AFRICA,max_value_above_100m
NORTHAM PLATINUM HOLDINGS (SOUTH AFRICA),SOUTH AFRICA,median_value_above_50m
NORTHAM PLATINUM HOLDINGS (SOUTH AFRICA),SOUTH AFRICA,max_value_above_100m
OUTSURANCE (SOUTH AFRICA),SOUTH AFRICA,max_value_above_100m
OLD MUTUAL (SOUTH AFRICA),SOUTH AFRICA,median_value_above_50m
OLD MUTUAL (SOUTH AFRICA),SOUTH AFRICA,max_value_above_100m
PPC (SOUTH AFRICA),SOUTH AFRICA,median_value_above_50m
PPC (SOUTH AFRICA),SOUTH AFRICA,max_value_above_100m
PROSUS (SOUTH AFRICA),SOUTH AFRICA,median_value_above_50m
PROSUS (SOUTH AFRICA),SOUTH AFRICA,max_value_above_100m
QUILTER (SOUTH AFRICA),SOUTH AFRICA,max_value_above_100m
REINET INVEST (SOUTH AFRICA),SOUTH AFRICA,median_value_above_50m
REINET INVEST (SOUTH AFRICA),SOUTH AFRICA,max_value_above_100m
REMGRO (SOUTH AFRICA),SOUTH AFRICA,median_value_above_50m
REMGRO (SOUTH AFRICA),SOUTH AFRICA,max_value_above_100m
SPAR (SOUTH AFRICA),SOUTH AFRICA,median_value_above_50m
SPAR (SOUTH AFRICA),SOUTH AFRICA,max_value_above_100m
SANLAM (SOUTH AFRICA),SOUTH AFRICA,median_value_above_50m
SANLAM (SOUTH AFRICA),SOUTH AFRICA,max_value_above_100m
SHOPRITE HOLDINGS (SOUTH AFRICA),SOUTH AFRICA,median_value_above_50m
SHOPRITE HOLDINGS (SOUTH AFRICA),SOUTH AFRICA,max_value_above_100m
SIBANYE STILLWATER (SOUTH AFRICA),SOUTH AFRICA,median_value_above_50m
SIBANYE STILLWATER (SOUTH AFRICA),SOUTH AFRICA,max_value_above_100m
STANDARD BANK GROUP (SOUTH AFRICA),SOUTH AFRICA,median_value_above_50m
STANDARD BANK GROUP (SOUTH AFRICA),SOUTH AFRICA,max_value_above_100m
TIGER BRANDS (SOUTH AFRICA),SOUTH AFRICA,median_value_above_50m
TIGER BRANDS (SOUTH AFRICA),SOUTH AFRICA,max_value_above_100m
TRUWORTHS INT (SOUTH AFRICA),SOUTH AFRICA,median_value_above_50m
TRUWORTHS INT (SOUTH AFRICA),SOUTH AFRICA,max_value_above_100m
VODACOM (SOUTH AFRICA),SOUTH AFRICA,median_value_above_50m
VODACOM (SOUTH AFRICA),SOUTH AFRICA,max_value_above_100m
WOOLWORTHS HOLDINGS (SOUTH AFRICA),SOUTH AFRICA,median_value_above_50m
WOOLWORTHS HOLDINGS (SOUTH AFRICA),SOUTH AFRICA,max_value_above_100m
CRDB BANK PLC TANZANIA (TANZANIA),TANZANIA,max_value_above_100m
DAR ES SALAAM STOCK EXCHANGE PLC (TANZANIA),TANZANIA,max_value_above_100m
NMB BANK TANZANIA (TANZANIA),TANZANIA,max_value_above_100m
NATIONAL INVESTMENT COMPANY TANZANIA (TANZANIA),TANZANIA,max_value_above_100m
TANZANIA BREWERIES LTD (TANZANIA),TANZANIA,max_value_above_100m
TANZANIA CIGARETTE COMPANY (TANZANIA),TANZANIA,max_value_above_100m
TANZANIA PORTLAND CEMENT (TANZANIA),TANZANIA,max_value_above_100m
BRITISH AMERICAN TOBACCO UGANDA (UGANDA),UGANDA,max_value_above_100m
CENTUM INVESTMENT UG (UGANDA),UGANDA,outlier_days
MTN UGANDA (UGANDA),UGANDA,max_value_above_100m
STANBIC BANK UGANDA (UGANDA),UGANDA,max_value_above_100m
PFUMA REIT (ZIMBABWE),ZIMBABWE,outlier_days
