Company,Country,Liquidity,AvgDailyValue30d,AvgDailyValue30dUSD,InvestableCapacity20USD,TradeCount30
REDEFINE PROPERTIES (SOUTH AFRICA),SOUTH AFRICA,383513362.3187276,383513362.3187276,383513362.3187276,76702672.46374552,30
BLUE LABEL TELECOMS (SOUTH AFRICA),SOUTH AFRICA,173597509.46676967,173597509.46676967,173597509.46676967,34719501.89335393,30
NASPERS (SOUTH AFRICA),SOUTH AFRICA,132863970.57016438,132863970.57016438,132863970.57016438,26572794.11403288,30
ANGLOGOLD ASHANTI ADR (SOUTH AFRICA),SOUTH AFRICA,88350536.61082894,88350536.61082894,88350536.61082894,17670107.322165787,30
GOLD FIELDS (SOUTH AFRICA),SOUTH AFRICA,86587037.67603363,86587037.67603363,86587037.67603363,17317407.535206728,30
PPC (SOUTH AFRICA),SOUTH AFRICA,66421726.10623161,66421726.10623161,66421726.10623161,13284345.221246323,30
GRINDROD (SOUTH AFRICA),SOUTH AFRICA,60856456.68977235,60856456.68977235,60856456.68977235,12171291.33795447,30
FIRSTRAND (SOUTH AFRICA),SOUTH AFRICA,58294149.98885582,58294149.98885582,58294149.98885582,11658829.997771164,30
PROSUS (SOUTH AFRICA),SOUTH AFRICA,52912869.032721,52912869.032721,52912869.032721,10582573.8065442,30
CAPITEC BANK (SOUTH AFRICA),SOUTH AFRICA,52194720.888338104,52194720.888338104,52194720.888338104,10438944.177667622,30
STANDARD BANK GROUP (SOUTH AFRICA),SOUTH AFRICA,45942818.914219216,45942818.914219216,45942818.914219216,9188563.782843843,30
NORTHAM PLATINUM HOLDINGS (SOUTH AFRICA),SOUTH AFRICA,42001630.35328874,42001630.35328874,42001630.35328874,8400326.070657749,30
MTN GROUP (SOUTH AFRICA),SOUTH AFRICA,41578248.98720508,41578248.98720508,41578248.98720508,8315649.797441017,30
SIBANYE STILLWATER (SOUTH AFRICA),SOUTH AFRICA,40202675.29154995,40202675.29154995,40202675.29154995,8040535.058309991,30
HARMONY GOLD MINING COMPANY (SOUTH AFRICA),SOUTH AFRICA,38061134.38737542,38061134.38737542,38061134.38737542,7612226.877475085,30
IMPALA PLATINUM HOLDINGS (SOUTH AFRICA),SOUTH AFRICA,37336400.06170806,37336400.06170806,37336400.06170806,7467280.012341613,30
BRITISH AMERICAN TOBACCO (SOUTH AFRICA),SOUTH AFRICA,34345465.5529127,34345465.5529127,34345465.5529127,6869093.11058254,30
ABSA (SOUTH AFRICA),SOUTH AFRICA,33478368.831765827,33478368.831765827,33478368.831765827,6695673.766353166,30
ANGLO AMERICAN (SOUTH AFRICA),SOUTH AFRICA,29641967.3490513,29641967.3490513,29641967.3490513,5928393.46981026,30
OLD MUTUAL (SOUTH AFRICA),SOUTH AFRICA,27150488.18038922,27150488.18038922,27150488.18038922,5430097.636077845,30
SHOPRITE HOLDINGS (SOUTH AFRICA),SOUTH AFRICA,22937662.095640674,22937662.095640674,22937662.095640674,4587532.419128135,30
PEPKOR HOLDINGS LTD (SOUTH AFRICA),SOUTH AFRICA,21465109.971717987,21465109.971717987,21465109.971717987,4293021.994343597,30
BID CORPORATION (SOUTH AFRICA),SOUTH AFRICA,20839463.590907473,20839463.590907473,20839463.590907473,4167892.7181814946,30
BID CORP (SOUTH AFRICA),SOUTH AFRICA,20839463.590907473,20839463.590907473,20839463.590907473,4167892.7181814946,30
DISCOVERY HOLDINGS (SOUTH AFRICA),SOUTH AFRICA,20015313.183596693,20015313.183596693,20015313.183596693,4003062.6367193386,30
SANLAM (SOUTH AFRICA),SOUTH AFRICA,18028635.141685758,18028635.141685758,18028635.141685758,3605727.0283371517,30
GLENCORE (SOUTH AFRICA),SOUTH AFRICA,16890597.542154636,16890597.542154636,16890597.542154636,3378119.5084309275,30
MR PRICE (SOUTH AFRICA),SOUTH AFRICA,16435512.105205422,16435512.105205422,16435512.105205422,3287102.4210410845,30
BHP (SOUTH AFRICA),SOUTH AFRICA,14821707.898255263,14821707.898255263,14821707.898255263,2964341.5796510526,30
CLICKS (SOUTH AFRICA),SOUTH AFRICA,14677702.310171487,14677702.310171487,14677702.310171487,2935540.4620342976,30
REINET INVEST (SOUTH AFRICA),SOUTH AFRICA,12042982.602568721,12042982.602568721,12042982.602568721,2408596.5205137446,30
WOOLWORTHS HOLDINGS (SOUTH AFRICA),SOUTH AFRICA,11054150.860379905,11054150.860379905,11054150.860379905,2210830.172075981,30
BIDVEST (SOUTH AFRICA),SOUTH AFRICA,10663637.194557134,10663637.194557134,10663637.194557134,2132727.438911427,30
VODACOM (SOUTH AFRICA),SOUTH AFRICA,10334210.145252006,10334210.145252006,10334210.145252006,2066842.0290504014,30
TIGER BRANDS (SOUTH AFRICA),SOUTH AFRICA,9956255.104095493,9956255.104095493,9956255.104095493,1991251.0208190987,30
REMGRO (SOUTH AFRICA),SOUTH AFRICA,8894954.979846377,8894954.979846377,8894954.979846377,1778990.9959692755,30
OUTSURANCE (SOUTH AFRICA),SOUTH AFRICA,8797148.222378561,8797148.222378561,8797148.222378561,1759429.6444757124,30
FOSCHINI (SOUTH AFRICA),SOUTH AFRICA,8475066.34433366,8475066.34433366,8475066.34433366,1695013.268866732,30
GROWTHPOINT PROPERTIES (SOUTH AFRICA),SOUTH AFRICA,7560417.9038665425,7560417.9038665425,7560417.9038665425,1512083.5807733086,30
ASPEN PHARMACARE HOLDINGS (SOUTH AFRICA),SOUTH AFRICA,7495093.664817252,7495093.664817252,7495093.664817252,1499018.7329634505,30
INVESTEC (SOUTH AFRICA),SOUTH AFRICA,7377866.878820579,7377866.878820579,7377866.878820579,1475573.3757641157,30
MONDI (SOUTH AFRICA),SOUTH AFRICA,6910582.654097618,6910582.654097618,6910582.654097618,1382116.5308195236,30
CHOPPIES ENTERPRISES LIMITED (SOUTH AFRICA),SOUTH AFRICA,6827424.728662121,6827424.728662121,6827424.728662121,1365484.9457324243,30
COMMERCIAL INTERNATIONAL BANK EGYPT (EGYPT),EGYPT,6292655.221301473,6292655.221301473,6292655.221301473,1258531.0442602946,30
KUMBA IRON ORE (SOUTH AFRICA),SOUTH AFRICA,6000482.902529971,6000482.902529971,6000482.902529971,1200096.5805059941,30
BELTONE HOLDING EGYPT (EGYPT),EGYPT,5708532.137400225,5708532.137400225,5708532.137400225,1141706.427480045,30
MARSA MAROC MOROCCO (MOROCCO),MOROCCO,5420773.640564676,5420773.640564676,5420773.640564676,1084154.7281129353,30
ATTIJARIWAFA BANK MOROCCO (MOROCCO),MOROCCO,5398472.380160305,5398472.380160305,5398472.380160305,1079694.476032061,30
TRUWORTHS INT (SOUTH AFRICA),SOUTH AFRICA,5163132.750531305,5163132.750531305,5163132.750531305,1032626.5501062609,30
EXXARO RESOURCES (SOUTH AFRICA),SOUTH AFRICA,5073422.039710659,5073422.039710659,5073422.039710659,1014684.4079421317,30
AFRICAN RAINBOW MINERALS (SOUTH AFRICA),SOUTH AFRICA,4393945.536134313,4393945.536134313,4393945.536134313,878789.1072268626,30
BANQUE CENTRALE POPULAIRE MOROCCO (MOROCCO),MOROCCO,3546366.8615173963,3546366.8615173963,3546366.8615173963,709273.3723034794,30
SPAR (SOUTH AFRICA),SOUTH AFRICA,3519175.64071834,3519175.64071834,3519175.64071834,703835.1281436681,30
MAROC TELECOM MOROCCO (MOROCCO),MOROCCO,3487578.7433356415,3487578.7433356415,3487578.7433356415,697515.7486671284,30
LIFE HEALTHCARE (SOUTH AFRICA),SOUTH AFRICA,3450052.176116201,3450052.176116201,3450052.176116201,690010.4352232403,30
AVI (SOUTH AFRICA),SOUTH AFRICA,3406230.697460811,3406230.697460811,3406230.697460811,681246.1394921623,30
THUNGELA RESOURSES (SOUTH AFRICA),SOUTH AFRICA,3228343.953016669,3228343.953016669,3228343.953016669,645668.7906033339,30
TALAAT MOUSTAFA GROUP EGYPT (EGYPT),EGYPT,2910160.7414423283,2910160.7414423283,2910160.7414423283,582032.1482884657,30
ORASCOM INVESTMENT HOLDING EGYPT (EGYPT),EGYPT,2849539.9401912303,2849539.9401912303,2849539.9401912303,569907.988038246,30
LAFARGEHOLCIM MAROC MOROCCO (MOROCCO),MOROCCO,2805827.470738218,2805827.470738218,2805827.470738218,561165.4941476437,30
SANTAM (SOUTH AFRICA),SOUTH AFRICA,2628936.5802691625,2628936.5802691625,2628936.5802691625,525787.3160538325,30
HELIOPOLIS CO. FOR HOUSING & DEVELOPMENT (EGYPT),EGYPT,2459722.4112872453,2459722.4112872453,2459722.4112872453,491944.48225744907,30
QUILTER (SOUTH AFRICA),SOUTH AFRICA,2415012.466888678,2415012.466888678,2415012.466888678,483002.4933777356,30
SAFARICOM KENYA (KENYA),KENYA,2030132.7580069602,2030132.7580069602,2030132.7580069602,406026.55160139204,30
PALM HILLS DEVELOPMANT COMPANY EGYPT (EGYPT),EGYPT,1988389.487261987,1988389.487261987,1988389.487261987,397677.89745239745,30
FAWRY EGYPT (EGYPT),EGYPT,1952139.4733061497,1952139.4733061497,1952139.4733061497,390427.89466123,30
EFG HOLDING EGYPT (EGYPT),EGYPT,1941929.4447299964,1941929.4447299964,1941929.4447299964,388385.8889459993,30
GUARANTY TRUST HOLDING COMPANY NIGERIA (NIGERIA),NIGERIA,1757606.7548035379,1757606.7548035379,1757606.7548035379,351521.3509607076,30
RAYA HOLDING EGYPT (EGYPT),EGYPT,1709608.6784914474,1709608.6784914474,1709608.6784914474,341921.73569828947,30
TELECOM EGYPT (EGYPT),EGYPT,1642910.9465048043,1642910.9465048043,1642910.9465048043,328582.18930096086,30
RAUBEX (SOUTH AFRICA),SOUTH AFRICA,1445528.8327893177,1445528.8327893177,1445528.8327893177,289105.76655786356,30
EASTERN TOBACCO EGYPT (EGYPT),EGYPT,1415789.8601010765,1415789.8601010765,1415789.8601010765,283157.9720202153,30
CORONATION (NAMIBIA),NAMIBIA,1378693.9074178396,1378693.9074178396,1378693.9074178396,275738.78148356796,30
EQUITY GROUP HOLDINGS KENYA (KENYA),KENYA,1331072.5644936778,1331072.5644936778,1331072.5644936778,266214.5128987356,30
EGYPT ALUMINIUM (EGYPT),EGYPT,1291606.7965120457,1291606.7965120457,1291606.7965120457,258321.35930240914,30
TAQA MOROCCO (MOROCCO),MOROCCO,1283799.1196923903,1283799.1196923903,1283799.1196923903,256759.82393847808,30
WILSON BAYLY HOLMES OVCON (SOUTH AFRICA),SOUTH AFRICA,1276704.0293419405,1276704.0293419405,1276704.0293419405,255340.80586838812,30
ZENITH BANK NIGERIA (NIGERIA),NIGERIA,1254220.1537495987,1254220.1537495987,1254220.1537495987,250844.03074991974,30
NINETY ONE (SOUTH AFRICA),SOUTH AFRICA,1216728.4625394244,1216728.4625394244,1216728.4625394244,243345.6925078849,30
ABU QIR FERTILIZERS EGYPT (EGYPT),EGYPT,1142955.6377113322,1142955.6377113322,1142955.6377113322,228591.12754226645,30
ABU DHABI ISLAMIC BANK EGYPT (EGYPT),EGYPT,1103590.1163085094,1103590.1163085094,1103590.1163085094,220718.0232617019,30
KCB GROUP KENYA (KENYA),KENYA,1088691.3383013054,1088691.3383013054,1088691.3383013054,217738.2676602611,30
CIH BANK (MOROCCO),MOROCCO,1079226.34419069,1079226.34419069,1079226.34419069,215845.268838138,30
PSG KONSULT (SOUTH AFRICA),SOUTH AFRICA,1064625.7856483648,1064625.7856483648,1064625.7856483648,212925.15712967297,30
FIRST HOLDCO NIGERIA (NIGERIA),NIGERIA,1045710.3281657076,1045710.3281657076,1045710.3281657076,209142.06563314155,30
