Date,High Risk
2016-12-02,1000.8613169781369
2016-12-04,1003.3156107084833
2016-12-05,1005.200529546085
2016-12-06,1000.4224161465725
2016-12-07,990.2371548897586
2016-12-08,991.9288155332789
2016-12-09,999.4260807688814
2016-12-12,1002.2961672505031
2016-12-13,1006.5959327479969
2016-12-14,1007.0192011483509
2016-12-15,1008.7118090079285
2016-12-16,1012.475151014637
2016-12-18,1012.5175705801994
2016-12-19,1017.7412061428607
2016-12-20,1021.4059886192592
2016-12-21,1025.5986462083472
2016-12-22,1028.8442733676065
2016-12-23,1029.0069175468407
2016-12-25,1032.644938471404
2016-12-26,1031.5551081566339
2016-12-27,1037.5187099389586
2016-12-28,1041.7936241934294
2016-12-29,1044.18805152044
2016-12-30,1046.6945552444358
2017-01-03,1046.6945552444358
2017-01-04,1044.805013257042
2017-01-05,1047.7775789261163
2017-01-06,1046.1169697600963
2017-01-08,1045.5093365166686
2017-01-09,1046.3052111940244
2017-01-10,1043.4857691474153
2017-01-11,1042.3883976616921
2017-01-12,1039.9492567670043
2017-01-13,1036.495937283585
2017-01-15,1036.6784744207523
2017-01-16,1032.7077978431576
2017-01-17,1033.4894336201633
2017-01-18,1036.3886212682517
2017-01-19,1026.232585436538
2017-01-20,1024.9503311977805
2017-01-22,1025.0801697386864
2017-01-23,1023.9403928087643
2017-01-24,1018.0480517404667
2017-01-25,1014.1882862832747
2017-01-26,1012.252089846418
2017-01-27,1008.1310244798194
2017-01-29,1008.5112819615814
2017-01-30,1006.839545718861
2017-01-31,1003.2537607088983
2017-02-01,1003.2537607088983
2017-02-02,999.0270434499895
2017-02-03,990.4572102607544
2017-02-05,991.1165360271365
2017-02-06,992.4920698476601
2017-02-07,991.3361623467619
2017-02-08,990.0401360423897
2017-02-09,987.6087231260897
2017-02-10,989.0145305872077
2017-02-12,988.4928774764721
2017-02-13,991.0365234061275
2017-02-14,992.5555864745037
2017-02-15,994.7391033428835
2017-02-16,1002.9564075935431
2017-02-17,1003.8800732982832
2017-02-19,1004.3013167035955
2017-02-20,1004.0579217053229
2017-02-21,1012.815433484043
2017-02-22,1010.9794207550877
2017-02-23,1007.6844815755293
2017-02-24,1010.1908865200029
2017-02-26,1009.2279676669642
2017-02-27,1005.6596409012686
2017-02-28,1006.772003810597
2017-03-01,1006.772003810597
2017-03-02,1009.5069274783972
2017-03-03,1010.8328544966976
2017-03-05,1012.3837236255806
2017-03-06,1013.8595670187283
2017-03-07,1008.5050747607671
2017-03-08,1008.5075315136636
2017-03-09,1010.6499143985585
2017-03-10,1010.6098774664849
2017-03-12,1010.7508568027877
2017-03-13,1004.4639691619681
2017-03-14,1001.5000220223917
2017-03-15,1003.3099879410013
2017-03-16,1005.3038055215931
2017-03-17,1009.7659378535398
2017-03-19,1011.1738689384266
2017-03-20,1007.1614107273281
2017-03-21,1010.6376855032858
2017-03-22,1009.9356530676504
2017-03-23,1014.0133435704308
2017-03-24,1011.921474378695
2017-03-26,1012.4033797555612
2017-03-27,1023.2100056792723
2017-03-28,1026.1483385814427
2017-03-29,1019.1196933717117
2017-03-30,1009.3505739972081
2017-03-31,1000.6074473257403
2017-04-03,1000.6074473257403
2017-04-04,1008.8028803115639
2017-04-05,1009.2329251906174
2017-04-06,1017.461203753798
2017-04-07,1018.0968361323272
2017-04-09,1015.1645625606413
2017-04-10,1012.5230921344421
2017-04-11,1010.4202620316373
2017-04-12,1017.4967363378466
2017-04-13,1018.9792103104496
2017-04-14,1018.3391603559571
2017-04-17,1016.9877016936634
2017-04-18,1018.2102258163151
2017-04-19,1025.3168431925812
2017-04-20,1029.6101401826836
2017-04-21,1033.1198276692962
2017-04-23,1029.553107558382
2017-04-24,1029.243802760567
2017-04-25,1029.8778023479426
2017-04-26,1024.783994689532
2017-04-27,1034.269441613006
2017-04-28,1039.22745107941
2017-04-30,1037.8019443843725
2017-05-02,1037.8019443843725
2017-05-03,1036.3115824140534
2017-05-04,1041.085614797407
2017-05-05,1042.0017759513016
2017-05-07,1044.1141321843065
2017-05-08,1048.4908545184164
2017-05-09,1047.7356817662126
2017-05-10,1056.4918821000413
2017-05-11,1056.41257603871
2017-05-12,1058.082545725306
2017-05-14,1058.4225977505184
2017-05-15,1060.6062448781938
2017-05-16,1060.1162350089755
2017-05-17,1057.7669265265217
2017-05-18,1056.9573544232196
2017-05-19,1062.650125713833
2017-05-21,1068.4675561683973
2017-05-22,1059.2773795812197
2017-05-23,1065.0664024770642
2017-05-24,1073.7196622595327
2017-05-25,1078.8883155318813
2017-05-26,1086.5627013324354
2017-05-28,1085.0726821185083
2017-05-29,1088.8967238453224
2017-05-30,1095.331125337897
2017-05-31,1096.189607432044
2017-06-01,1096.189607432044
2017-06-02,1116.8974364519886
2017-06-04,1119.4809641915938
2017-06-05,1130.841670755628
2017-06-06,1142.3615090856958
2017-06-07,1154.9676313890313
2017-06-08,1168.3144788134687
2017-06-09,1176.4963509102847
2017-06-11,1178.0943928294541
2017-06-12,1172.7601286848699
2017-06-13,1167.8402637972208
2017-06-14,1165.0672193564073
2017-06-15,1173.9630422366533
2017-06-16,1170.5232276787385
2017-06-18,1171.0088787953978
2017-06-19,1183.6311934038742
2017-06-20,1187.7286912952852
2017-06-21,1170.5823849843246
2017-06-22,1164.9434546059992
2017-06-23,1160.7400571506357
2017-06-26,1160.792893368709
2017-06-27,1159.9616287213532
2017-06-28,1158.9182086050039
2017-06-29,1168.4691527177783
2017-06-30,1166.1287601438164
2017-07-03,1166.1287601438164
2017-07-04,1167.1309244886131
2017-07-05,1165.5495501620428
2017-07-06,1167.0068618072603
2017-07-07,1172.649155206723
2017-07-10,1178.0394649295856
2017-07-11,1178.560999605292
2017-07-12,1186.879193678251
2017-07-13,1190.590574844439
2017-07-14,1187.419260821312
2017-07-17,1181.3754716925134
2017-07-18,1171.7623984400193
2017-07-19,1175.0680235471345
2017-07-20,1175.988526560838
2017-07-21,1175.3309902571918
2017-07-24,1175.8793834990508
2017-07-25,1179.5963404793163
2017-07-26,1184.1680316606842
2017-07-27,1183.7313541931187
2017-07-28,1188.109941807786
2017-07-30,1186.8030492290213
2017-07-31,1194.0257788750519
2017-08-01,1194.0257788750519
2017-08-02,1192.7925118168873
2017-08-03,1191.6441612955143
2017-08-04,1199.1095628480027
2017-08-06,1202.7132087342804
2017-08-07,1200.0706741223755
2017-08-08,1205.7798123648415
2017-08-09,1218.6313723086464
2017-08-10,1226.4791105008842
2017-08-11,1235.1784890561248
2017-08-13,1230.738626467938
2017-08-14,1240.5713575268844
2017-08-15,1234.6003107402141
2017-08-16,1234.1418913208167
2017-08-17,1227.9474846704902
2017-08-18,1223.8557210062436
2017-08-20,1218.0927795515342
2017-08-21,1218.7805154138828
2017-08-22,1219.5891226567662
2017-08-23,1222.3643130712517
2017-08-24,1221.2473077156465
2017-08-25,1219.7107450775118
2017-08-27,1223.8584624371035
2017-08-28,1225.6115224965338
2017-08-29,1231.7921652873733
2017-08-30,1238.6980554896559
2017-08-31,1241.500754720576
2017-09-01,1241.500754720576
2017-09-04,1233.7307980236546
2017-09-05,1233.418892853693
2017-09-06,1233.6396266669244
2017-09-07,1234.6950885176277
2017-09-08,1239.865681160965
2017-09-10,1243.27663334058
2017-09-11,1249.1699658693585
2017-09-12,1249.2588182744114
2017-09-13,1251.6546273572603
2017-09-14,1254.158586850368
2017-09-15,1253.6134666664718
2017-09-17,1256.7606459204717
2017-09-18,1260.2531995585741
2017-09-19,1263.9104591859798
2017-09-20,1265.4141727966687
2017-09-21,1265.8012660084535
2017-09-22,1261.8641729638657
2017-09-24,1271.019488670725
2017-09-25,1273.7910391246116
2017-09-26,1278.2344889748947
2017-09-27,1271.4320495177788
2017-09-28,1269.8366182121792
2017-09-29,1275.7634813511033
2017-10-02,1275.7634813511033
2017-10-03,1276.983249554378
2017-10-04,1287.8886965884185
2017-10-05,1286.4747600314386
2017-10-06,1291.5673543452592
2017-10-08,1295.4078213423657
2017-10-09,1295.294851997434
2017-10-10,1294.3020975246764
2017-10-11,1292.2050501055867
2017-10-12,1298.1025377246278
2017-10-13,1299.10700022152
2017-10-15,1298.761018849811
2017-10-16,1292.8277481717412
2017-10-17,1288.3166275123897
2017-10-18,1287.3296319679353
2017-10-19,1283.634630578532
2017-10-20,1279.596828812518
2017-10-22,1280.312219900883
2017-10-23,1277.6642827616147
2017-10-24,1278.6258195338667
2017-10-25,1280.2127110418749
2017-10-26,1287.5120907315777
2017-10-27,1290.9396788592258
2017-10-29,1292.14234861171
2017-10-30,1290.1258827102902
2017-10-31,1302.9715080182375
2017-11-01,1302.9715080182375
2017-11-02,1293.6561695146563
2017-11-03,1305.5323046049068
2017-11-05,1303.1695867515882
2017-11-06,1303.8316363536712
2017-11-07,1300.0342167213212
2017-11-08,1302.0084771421882
2017-11-09,1300.141776923045
2017-11-10,1308.5909657211698
2017-11-12,1306.844390326855
2017-11-13,1304.9491191497698
2017-11-14,1299.3296377995173
2017-11-15,1294.7506966877343
2017-11-16,1292.423267417523
2017-11-17,1293.1244708213674
2017-11-19,1291.1310009144156
2017-11-20,1291.0331597098518
2017-11-21,1295.4871816974055
2017-11-22,1292.7797647074146
2017-11-23,1301.5950277968889
2017-11-24,1302.925311383083
2017-11-26,1304.0343187238846
2017-11-27,1301.2685159525774
2017-11-28,1306.4264167554236
2017-11-29,1310.9621845829954
2017-11-30,1311.3215955711325
2017-12-01,1311.3215955711325
2017-12-04,1310.7444004438353
2017-12-05,1309.3545210494203
2017-12-06,1311.0623468219007
2017-12-07,1314.8169083698333
2017-12-08,1317.5617210686955
2017-12-10,1320.3354587449621
2017-12-11,1316.4988268631748
2017-12-12,1317.2667115719787
2017-12-13,1313.9761600238226
2017-12-14,1308.0253493523248
2017-12-15,1311.1936571389615
2017-12-18,1312.3313309919672
2017-12-19,1329.0231477092088
2017-12-20,1324.1593046555147
2017-12-21,1325.5084522194268
2017-12-22,1332.1875164931225
2017-12-24,1331.8519850110636
2017-12-25,1333.31943904807
2017-12-26,1335.1572133058592
2017-12-27,1341.8817573889899
2017-12-28,1343.851365588174
2017-12-29,1344.6620089991188
2017-12-31,1346.5116912064134
2018-01-02,1346.5116912064134
2018-01-03,1351.1302343776042
2018-01-04,1362.4287321409392
2018-01-05,1377.1540514912144
2018-01-08,1384.1870739317221
2018-01-09,1398.4439317736228
2018-01-10,1415.7403073135777
2018-01-11,1435.3487991507043
2018-01-12,1454.074420876845
2018-01-14,1455.7692980632803
2018-01-15,1464.5284443690027
2018-01-16,1473.6615848006202
2018-01-17,1488.1830186258644
2018-01-18,1492.896416662496
2018-01-19,1498.655107947936
2018-01-21,1497.6962176497268
2018-01-22,1495.1137302133473
2018-01-23,1491.5906958978312
2018-01-24,1477.4700750760817
2018-01-25,1469.1782254314996
2018-01-26,1478.9583525442752
2018-01-28,1483.1805507116433
2018-01-29,1499.0979403369854
2018-01-30,1516.3964564810858
2018-01-31,1517.4614036673124
2018-02-01,1517.4614036673124
2018-02-02,1521.1859227139291
2018-02-05,1521.727595904619
2018-02-06,1511.0557211277187
2018-02-07,1508.0249492979597
2018-02-08,1504.782189115089
2018-02-09,1499.8094057598623
2018-02-11,1494.758016967149
2018-02-12,1485.6062276863588
2018-02-13,1479.4877190464463
2018-02-14,1489.4590973423267
2018-02-15,1493.3404758522952
2018-02-16,1493.480239391218
2018-02-18,1493.9986218659656
2018-02-19,1496.231400214635
2018-02-20,1504.2193395840834
2018-02-21,1494.6680433013664
2018-02-22,1506.418602416115
2018-02-23,1511.2624151940927
2018-02-25,1514.2845539261732
2018-02-26,1520.3940854728905
2018-02-27,1522.6278752736876
2018-02-28,1520.723524244698
2018-03-01,1520.723524244698
2018-03-02,1519.2455695241529
2018-03-04,1518.9924489838336
2018-03-05,1517.0249093080658
2018-03-06,1512.1452399353186
2018-03-07,1510.990269795316
2018-03-08,1509.2789261637527
2018-03-09,1507.2306880601705
2018-03-11,1507.4921217542583
2018-03-12,1512.04709417578
2018-03-13,1520.6902006033924
2018-03-14,1516.0207084784995
2018-03-15,1512.90721658897
2018-03-16,1517.5889903215084
2018-03-18,1518.0582502561658
2018-03-19,1500.4302970034305
2018-03-20,1501.0171298828857
2018-03-21,1491.0037411087915
2018-03-22,1485.8586249917205
2018-03-23,1504.7795707521927
2018-03-25,1503.3207491957726
2018-03-26,1503.012946506375
2018-03-27,1505.5740201446777
2018-03-28,1506.4701735578203
2018-03-29,1507.8617920965658
2018-03-30,1511.5628515342628
2018-04-02,1511.5628515342628
2018-04-03,1502.3203040622843
2018-04-04,1498.520081825243
2018-04-05,1503.584429678315
2018-04-06,1503.2969972417477
2018-04-09,1506.265211786473
2018-04-10,1511.8901645468845
2018-04-11,1511.5465047496323
2018-04-12,1519.1873691527685
2018-04-13,1527.2895463940085
2018-04-15,1526.2351504655855
2018-04-16,1537.0611307756976
2018-04-17,1551.6527837242795
2018-04-18,1553.2776594702068
2018-04-19,1559.3614695227898
2018-04-20,1561.2238376111916
2018-04-22,1564.4035453949318
2018-04-23,1558.5992452529918
2018-04-24,1558.472093147367
2018-04-25,1551.702450269241
2018-04-26,1561.7573377029753
2018-04-27,1562.1844240662865
2018-04-29,1563.0721322242366
2018-04-30,1549.9296743621803
2018-05-02,1549.9296743621803
2018-05-03,1540.6050412469951
2018-05-04,1536.5273240816227
2018-05-06,1534.8898805249526
2018-05-07,1536.4635121559986
2018-05-08,1542.8567691765254
2018-05-09,1536.580498390815
2018-05-10,1531.1106611932178
2018-05-11,1534.1031197071543
2018-05-13,1535.5270211637724
2018-05-14,1540.776484060557
2018-05-15,1534.213644450403
2018-05-16,1532.621844252422
2018-05-17,1538.903783352009
2018-05-18,1529.2550945411408
2018-05-20,1529.4510933103822
2018-05-21,1524.6021204216931
2018-05-22,1522.921239234018
2018-05-23,1518.850144978894
2018-05-24,1504.377019140165
2018-05-25,1496.0578424842877
2018-05-27,1496.8654724859
2018-05-28,1494.184952023265
2018-05-29,1491.4204840176797
2018-05-30,1494.2672183316477
2018-05-31,1499.4211154887182
2018-06-01,1499.4211154887182
2018-06-03,1500.8262934107731
2018-06-04,1488.58181927041
2018-06-05,1488.3279429827842
2018-06-06,1496.5140799850549
2018-06-07,1504.6448860009546
2018-06-08,1502.286452407393
2018-06-10,1506.0770595711465
2018-06-11,1495.1531337436445
2018-06-12,1494.9009156468976
2018-06-13,1498.2501112559855
2018-06-14,1511.2896707575892
2018-06-15,1513.902875496067
2018-06-18,1514.3257946077558
2018-06-19,1509.5714698043112
2018-06-20,1517.8136838313644
2018-06-21,1512.4995829662087
2018-06-22,1509.5663513504135
2018-06-24,1507.405870870478
2018-06-25,1502.741639421501
2018-06-26,1493.3857553623589
2018-06-27,1493.7640012677518
2018-06-28,1498.561450412821
2018-06-29,1506.8034238280507
2018-07-03,1506.8034238280507
2018-07-04,1498.9457997148777
2018-07-05,1500.1147932319866
2018-07-06,1497.4964517764806
2018-07-08,1493.9140625640673
2018-07-09,1487.469813601719
2018-07-10,1491.293451760721
2018-07-11,1492.85319204145
2018-07-12,1490.1066311819059
2018-07-13,1486.4626728145508
2018-07-15,1487.0328811361744
2018-07-16,1471.6537755603401
2018-07-17,1464.313727885956
2018-07-18,1461.3441240628508
2018-07-19,1464.352671091381
2018-07-20,1467.8942108342296
2018-07-22,1464.8448494085628
2018-07-23,1462.297258008938
2018-07-24,1467.5303807399766
2018-07-25,1467.4873550123066
2018-07-26,1461.9695601757332
2018-07-27,1469.9958336513557
2018-07-29,1468.1358027117549
2018-07-30,1452.9671633793994
2018-07-31,1458.6255111886783
2018-08-01,1458.6255111886783
2018-08-02,1454.7330669009118
2018-08-03,1453.1564511443667
2018-08-05,1450.1251871153086
2018-08-06,1444.9582011505504
2018-08-07,1449.982187157915
2018-08-08,1459.0814430370551
2018-08-09,1451.5141649473283
2018-08-10,1448.3897757475615
2018-08-12,1444.1303233359304
2018-08-13,1432.6296667039787
2018-08-14,1431.2835794938242
2018-08-15,1428.6608813932353
2018-08-16,1433.6723846858413
2018-08-17,1439.6467428624494
2018-08-19,1439.4294836654537
2018-08-20,1438.0039582931365
2018-08-21,1438.274635235833
2018-08-22,1437.1945374035713
2018-08-23,1432.122658010167
2018-08-24,1433.028001951569
2018-08-26,1432.8730214865918
2018-08-27,1428.8459425917222
2018-08-28,1429.092389963713
2018-08-29,1431.0173960065097
2018-08-30,1431.4557017674915
2018-08-31,1435.3129604843941
2018-09-03,1435.3129604843941
2018-09-04,1445.365021517603
2018-09-05,1438.7010117042628
2018-09-06,1429.9896674310132
2018-09-07,1417.2064757028036
2018-09-09,1417.0856751253689
2018-09-10,1412.711859021933
2018-09-11,1413.1791726432887
2018-09-12,1399.6759844770213
2018-09-13,1390.8567832641593
2018-09-14,1391.5920683144611
2018-09-16,1382.9743097076328
2018-09-17,1384.2521091377753
2018-09-18,1386.7404900979327
2018-09-19,1375.5023117929911
2018-09-20,1364.0904359900026
2018-09-21,1366.5622895140355
2018-09-23,1369.5325082469521
2018-09-24,1369.375659291477
2018-09-25,1366.7070195977212
2018-09-26,1370.6562883023214
2018-09-27,1378.4077177394872
2018-09-28,1377.7200430913308
2018-09-30,1378.117526412692
2018-10-01,1378.117526412692
2018-10-02,1373.1061132943082
2018-10-03,1374.4313481903823
2018-10-04,1370.47676334219
2018-10-05,1364.382327401976
2018-10-08,1349.9707849483898
2018-10-09,1356.607646059897
2018-10-10,1355.3653338964637
2018-10-11,1353.4750983114525
2018-10-12,1348.641389032053
2018-10-14,1357.4375359369694
2018-10-15,1346.0382754408358
2018-10-16,1344.3999717580218
2018-10-17,1347.9139874548887
2018-10-18,1340.6718636624184
2018-10-19,1341.1410777949445
2018-10-21,1341.8690221286395
2018-10-22,1331.6014988236873
2018-10-23,1335.5963152274603
2018-10-24,1336.6532324309924
2018-10-25,1329.4339916326053
2018-10-26,1325.2044178132676
2018-10-28,1327.782345961107
2018-10-29,1323.9991897608325
2018-10-30,1331.626975005798
2018-10-31,1332.0675751268002
2018-11-01,1332.0675751268002
2018-11-02,1323.7533994209953
2018-11-04,1323.5542718159818
2018-11-05,1332.6539719456948
2018-11-06,1336.6382753568994
2018-11-07,1331.8517472717595
2018-11-08,1336.9456842361685
2018-11-09,1334.5454378905824
2018-11-11,1332.7336938670812
2018-11-12,1333.1406909849147
2018-11-13,1319.904050387847
2018-11-14,1320.582499165602
2018-11-15,1314.863725868822
2018-11-16,1316.6534829818972
2018-11-18,1318.9692713483391
2018-11-19,1317.65332769711
2018-11-20,1317.5460993045472
2018-11-21,1309.831949132802
2018-11-22,1305.735127872138
2018-11-23,1310.3234947807816
2018-11-25,1304.14821326045
2018-11-26,1303.2917039148565
2018-11-27,1308.077393076373
2018-11-28,1311.794897009786
2018-11-29,1309.5500074466615
2018-11-30,1318.822921672975
2018-12-03,1318.822921672975
2018-12-04,1320.9580362539443
2018-12-05,1314.311852925737
2018-12-06,1320.3376769598553
2018-12-07,1311.3271671220054
2018-12-09,1311.3280953678395
2018-12-10,1308.1934164454337
2018-12-11,1313.0444245329775
2018-12-12,1313.5505666971249
2018-12-13,1315.603439799258
2018-12-14,1318.280952202994
2018-12-16,1318.5825830804833
2018-12-17,1320.9564678678864
2018-12-18,1336.8980119437233
2018-12-19,1336.383395361439
2018-12-20,1342.420394578449
2018-12-21,1346.396327712021
2018-12-23,1345.5947071621451
2018-12-24,1355.8796334448916
2018-12-25,1354.6432895853272
2018-12-26,1360.620700381909
2018-12-27,1363.826757914123
2018-12-28,1363.9728547405107
2018-12-30,1361.91922543095
2018-12-31,1375.221271462725
2019-01-02,1375.221271462725
2019-01-03,1368.988854136123
2019-01-04,1369.1178355854736
2019-01-06,1370.829390716628
2019-01-07,1368.5724390931123
2019-01-08,1365.3494455270463
2019-01-09,1361.2060724502026
2019-01-10,1364.8999703379186
2019-01-11,1369.5441866190006
2019-01-13,1370.5059304829379
2019-01-14,1370.3816083767256
2019-01-15,1372.312699714541
2019-01-16,1381.119834920227
2019-01-17,1379.9237454419747
2019-01-18,1385.2855432771937
2019-01-20,1386.0834704670851
2019-01-21,1390.190514156556
2019-01-22,1398.4963200742911
2019-01-23,1399.676453344621
2019-01-24,1412.0017376734515
2019-01-25,1414.2771966660937
2019-01-27,1417.5696531093968
2019-01-28,1417.5660666429771
2019-01-29,1425.4472993408351
2019-01-30,1426.1545606350458
2019-01-31,1412.4631372160068
2019-02-01,1412.4631372160068
2019-02-03,1411.98225630043
2019-02-04,1410.4207351826608
2019-02-05,1421.6116202364142
2019-02-06,1427.8618354929288
2019-02-07,1445.386686080382
2019-02-08,1449.8608132819777
2019-02-10,1454.765694839004
2019-02-11,1458.2282992076257
2019-02-12,1464.5053100007028
2019-02-13,1472.4450454021655
2019-02-14,1463.21846586353
2019-02-15,1472.4029418279463
2019-02-17,1477.233860765832
2019-02-18,1480.58010947646
2019-02-19,1484.0475879502144
2019-02-20,1492.1719181345945
2019-02-21,1491.878529170641
2019-02-22,1479.526799532273
2019-02-24,1475.9940372141834
2019-02-25,1481.7744506390154
2019-02-26,1484.6466798391073
2019-02-27,1477.4568345174184
2019-02-28,1464.9643528464387
2019-03-01,1464.9643528464387
2019-03-03,1462.4914217254707
2019-03-04,1469.7446888476802
2019-03-05,1467.4066168767586
2019-03-06,1460.7552368868025
2019-03-07,1465.2435679234297
2019-03-08,1467.650719856608
2019-03-10,1469.2836580986589
2019-03-11,1473.164976027003
2019-03-12,1462.3338453075082
2019-03-13,1463.1801446344714
2019-03-14,1459.8167834020435
2019-03-15,1459.1596719391855
2019-03-17,1457.7069803782024
2019-03-18,1449.1260160131324
2019-03-19,1454.894523323899
2019-03-20,1448.25285751045
2019-03-21,1459.959719969533
2019-03-22,1452.636653689268
2019-03-24,1452.1870595637645
2019-03-25,1447.5611039702633
2019-03-26,1438.069261752442
2019-03-27,1435.3589135694833
2019-03-28,1444.501341285454
2019-03-29,1438.3278527170712
2019-03-31,1437.3238065468247
2019-04-01,1437.3238065468247
2019-04-02,1437.379017920589
2019-04-03,1429.4654926019618
2019-04-04,1428.8087734490546
2019-04-05,1433.3014708483074
2019-04-07,1428.1382387973692
2019-04-08,1433.3863018751968
2019-04-09,1428.1086399889873
2019-04-10,1433.6524729695634
2019-04-11,1434.5791701499445
2019-04-12,1428.8632429110855
2019-04-14,1425.1299249483714
2019-04-15,1425.5549079464079
2019-04-16,1426.2147760273897
2019-04-17,1424.7431157668927
2019-04-18,1425.2860375222015
2019-04-19,1425.07557370464
2019-04-21,1421.2116602561064
2019-04-22,1425.3887513587506
2019-04-23,1426.9066269763534
2019-04-24,1431.9876565781296
2019-04-25,1430.0481480993421
2019-04-26,1442.6197456800373
2019-04-29,1439.5135370451846
2019-04-30,1440.5903190340405
2019-05-02,1440.5903190340405
2019-05-03,1448.3731467305208
2019-05-05,1445.3336216150838
2019-05-06,1440.6683116827335
2019-05-07,1440.2642813528112
2019-05-08,1439.350915083819
2019-05-09,1436.2999274711847
2019-05-10,1431.0445046767063
2019-05-12,1431.1583506930688
2019-05-13,1414.3889294972153
2019-05-14,1407.9655974463294
2019-05-15,1404.9190067964132
2019-05-16,1410.046365048939
2019-05-17,1404.3888908330225
2019-05-19,1402.4903976782043
2019-05-20,1400.1351877550776
2019-05-21,1393.7961387161643
2019-05-22,1399.289264466009
2019-05-23,1397.250365465011
2019-05-24,1397.043812801205
2019-05-26,1398.0071459686603
2019-05-27,1394.4146646538804
2019-05-28,1400.2879382333333
2019-05-29,1391.7859887332938
2019-05-30,1384.260069369541
2019-05-31,1387.2955815083612
2019-06-03,1387.2955815083612
2019-06-04,1389.0682050690268
2019-06-05,1388.4201126070927
2019-06-06,1391.9436348606284
2019-06-07,1385.9574761127978
2019-06-09,1388.1137814945846
2019-06-10,1385.9598422202594
2019-06-11,1385.0528039765452
2019-06-12,1385.8494747846316
2019-06-13,1385.8296603619704
2019-06-14,1387.9776589841767
2019-06-16,1386.7408113084869
2019-06-17,1391.2419303482582
2019-06-18,1380.764304351442
2019-06-19,1382.1303114426034
2019-06-20,1387.090238837856
2019-06-21,1393.437486817954
2019-06-23,1393.365245460507
2019-06-24,1390.830760399005
2019-06-25,1389.4900349922834
2019-06-26,1391.655531789183
2019-06-27,1395.6541962345489
2019-06-28,1393.7000237961731
2019-07-02,1393.7000237961731
2019-07-03,1388.4876600121174
2019-07-04,1384.324482897838
2019-07-05,1386.4883817862933
2019-07-07,1386.6649746626986
2019-07-08,1390.021446055555
2019-07-09,1388.4508578931866
2019-07-10,1389.1982786463695
2019-07-11,1378.3114211841776
2019-07-12,1377.5533565958272
2019-07-14,1371.7959931842581
2019-07-15,1367.6926304451665
2019-07-16,1357.594777423541
2019-07-17,1346.3874501432038
2019-07-18,1344.9536957132484
2019-07-19,1343.5269995273225
2019-07-21,1342.0206302629729
2019-07-22,1342.947541319248
2019-07-23,1345.2790406392442
2019-07-24,1345.1686714483137
2019-07-25,1341.7049847149817
2019-07-26,1338.7663024328353
2019-07-28,1336.0598104298483
2019-07-29,1327.725370556287
2019-07-30,1324.3049668945014
2019-07-31,1322.4195505493917
2019-08-01,1322.4195505493917
2019-08-02,1318.9786100417837
2019-08-04,1319.6662195920696
2019-08-05,1318.972727063261
2019-08-06,1311.0335179034946
2019-08-07,1309.184881206257
2019-08-08,1309.3642425731293
2019-08-09,1312.5573145949024
2019-08-12,1311.3710437769773
2019-08-13,1308.3150636153362
2019-08-14,1302.6013552755173
2019-08-15,1297.3591870133898
2019-08-16,1290.0925325081826
2019-08-18,1291.055039648047
2019-08-19,1279.6164448532131
2019-08-20,1281.0980986834709
2019-08-21,1282.4368642115876
2019-08-22,1287.9697595879395
2019-08-23,1288.4562683668187
2019-08-25,1287.3954650967494
2019-08-26,1286.0643616598186
2019-08-27,1284.6582855688248
2019-08-28,1282.2304962208657
2019-08-29,1284.5811135910294
2019-08-30,1285.8902039793707
2019-09-02,1285.8902039793707
2019-09-03,1283.7400409697527
2019-09-04,1280.3864643572615
2019-09-05,1288.1670409875444
2019-09-06,1284.0294090524162
2019-09-08,1284.592115779546
2019-09-09,1283.6769064084574
2019-09-10,1286.5499927196413
2019-09-11,1287.8761828712506
2019-09-12,1291.004503860603
2019-09-13,1303.112169290786
2019-09-15,1300.95195338985
2019-09-16,1309.5355820737311
2019-09-17,1295.3738343794398
2019-09-18,1293.2085167723972
2019-09-19,1291.2219746055173
2019-09-20,1289.9791544187774
2019-09-22,1277.8570841431797
2019-09-23,1268.4515416615695
2019-09-24,1255.9729464406505
2019-09-25,1257.8200431817786
2019-09-26,1255.6823627827628
2019-09-27,1260.1725404083252
2019-09-29,1268.7339703024752
2019-09-30,1271.8555760972758
2019-10-01,1271.8555760972758
2019-10-02,1275.2296179510538
2019-10-03,1280.5163154700465
2019-10-04,1277.0534405348374
2019-10-07,1276.14479270379
2019-10-08,1269.525194004704
2019-10-09,1262.071307560446
2019-10-10,1256.8539760108151
2019-10-11,1263.9987784901484
2019-10-13,1264.8159958780222
2019-10-14,1262.430928866052
2019-10-15,1258.7490860263124
2019-10-16,1259.1228904314512
2019-10-17,1260.8463694015604
2019-10-18,1263.0895773704178
2019-10-20,1263.404268582707
2019-10-21,1262.2827594630398
2019-10-22,1264.031729850753
2019-10-23,1272.9394503576077
2019-10-24,1269.2751109778808
2019-10-25,1278.83719889374
2019-10-27,1280.3284200189455
2019-10-28,1284.0030182112441
2019-10-29,1283.6505472051945
2019-10-30,1292.9605160409951
2019-10-31,1300.2991517719474
2019-11-01,1300.2991517719474
2019-11-04,1293.9648793260706
2019-11-05,1294.6395507192342
2019-11-06,1285.4345967110314
2019-11-07,1286.1938819267693
2019-11-08,1277.6455734117465
2019-11-11,1277.176172753314
2019-11-12,1277.7993432355665
2019-11-13,1275.0538565410661
2019-11-14,1284.9591434335193
2019-11-15,1291.123037166568
2019-11-17,1290.7500840146786
2019-11-18,1286.2827631122084
2019-11-19,1284.0015027461563
2019-11-20,1289.163609300237
2019-11-21,1297.5766351686548
2019-11-22,1299.8737315994674
2019-11-24,1298.42731485687
2019-11-25,1301.5610733208289
2019-11-26,1302.2088527778837
2019-11-27,1302.1772209263295
2019-11-28,1304.7114066679294
2019-11-29,1303.9729277487477
2019-12-02,1303.9729277487477
2019-12-03,1301.9174843011292
2019-12-04,1307.1933872639938
2019-12-05,1299.9677604482838
2019-12-06,1303.3723139822137
2019-12-08,1301.9091293901174
2019-12-09,1294.199526931688
2019-12-10,1302.067891462773
2019-12-11,1301.7647507706085
2019-12-12,1304.9142131272988
2019-12-13,1306.6225383575497
2019-12-15,1307.5896941286423
2019-12-16,1308.0493226390836
2019-12-17,1319.7496445178708
2019-12-18,1318.3896727968615
2019-12-19,1321.8570186940467
2019-12-20,1315.3739886573126
2019-12-22,1316.652535675454
2019-12-23,1324.039083442953
2019-12-24,1328.1966148192241
2019-12-25,1327.58521715816
2019-12-26,1328.2937407154361
2019-12-27,1331.5817600012667
2019-12-29,1331.2011210058872
2019-12-30,1338.291704638299
2019-12-31,1344.1641613980964
2020-01-02,1344.1641613980964
2020-01-03,1340.3019103284958
2020-01-05,1330.6825272708804
2020-01-06,1335.8278561821714
2020-01-07,1333.800236877637
2020-01-08,1351.054068539347
2020-01-09,1365.1188530970146
2020-01-10,1366.5402308718697
2020-01-12,1367.872375156307
2020-01-13,1363.6232727869271
2020-01-14,1362.4488367085953
2020-01-15,1357.0681522857053
2020-01-16,1361.3449363028255
2020-01-17,1361.3140026999959
2020-01-19,1359.8012233067004
2020-01-20,1366.6415024341668
2020-01-21,1369.7110904365238
2020-01-22,1374.2025292050077
2020-01-23,1381.2433724232012
2020-01-24,1381.5672733251558
2020-01-26,1380.9781294978056
2020-01-27,1378.6714255609106
2020-01-28,1375.0335553951015
2020-01-29,1379.301855071654
2020-01-30,1374.697440086284
2020-01-31,1375.1582289161677
2020-02-03,1375.1582289161677
2020-02-04,1362.8079259313868
2020-02-05,1367.3063122339342
2020-02-06,1375.259020043577
2020-02-07,1369.2324294229486
2020-02-09,1370.868366954385
2020-02-10,1368.9789860876288
2020-02-11,1369.6239929998496
2020-02-12,1359.8422545385115
2020-02-13,1368.9672724342308
2020-02-14,1371.581707219493
2020-02-16,1365.1479016867443
2020-02-17,1371.777591674808
2020-02-18,1368.1128507047304
2020-02-19,1359.4176374750425
2020-02-20,1361.9389204311647
2020-02-21,1368.4156734836124
2020-02-23,1368.1911218859868
2020-02-24,1336.464153467671
2020-02-25,1330.7600488912274
2020-02-26,1318.4652957529777
2020-02-27,1315.4650858274636
2020-02-28,1298.7715755931242
2020-03-02,1298.7715755931242
2020-03-03,1298.9726426834513
2020-03-04,1295.9913043508373
2020-03-05,1301.5583331150929
2020-03-06,1293.8345432059289
2020-03-08,1280.91343589956
2020-03-09,1237.0632540942115
2020-03-10,1228.084554523359
2020-03-11,1233.811649553647
2020-03-12,1201.7903256580626
2020-03-13,1180.5517500800374
2020-03-15,1158.8717345103253
2020-03-16,1124.1398767036826
2020-03-17,1092.4815478175685
2020-03-18,1066.0514706286015
2020-03-19,1062.9061068204799
2020-03-20,1080.5080526275551
2020-03-22,1094.036086072373
2020-03-23,1091.3187415434336
2020-03-24,1078.8848148768195
2020-03-25,1089.3068999951306
2020-03-26,1103.7881558470478
2020-03-27,1113.0849634127924
2020-03-29,1113.9616274666778
2020-03-30,1110.5971880615593
2020-03-31,1119.770187260569
2020-04-01,1119.770187260569
2020-04-02,1112.8730694050907
2020-04-03,1112.4335736106555
2020-04-05,1108.41661894299
2020-04-06,1116.2523001900615
2020-04-07,1120.0432911274927
2020-04-08,1132.7977888450619
2020-04-09,1146.0842919238974
2020-04-10,1151.5449055783063
2020-04-12,1149.0978089584528
2020-04-13,1151.3143431048184
2020-04-14,1155.1760009382883
2020-04-15,1156.4650365003656
2020-04-16,1153.368738827065
2020-04-17,1155.1735262545246
2020-04-20,1161.9295802869572
2020-04-21,1154.5241701393295
2020-04-22,1153.7426203584766
2020-04-23,1164.9144474267305
2020-04-24,1162.007057472804
2020-04-26,1167.0624967041467
2020-04-27,1167.6601492928758
2020-04-28,1160.9881142041152
2020-04-29,1166.6561814512493
2020-04-30,1167.4540595358183
2020-05-03,1167.4540595358183
2020-05-04,1171.1297257485376
2020-05-05,1180.7465870456738
2020-05-06,1194.218706237256
2020-05-07,1186.9353346998232
2020-05-08,1184.588193584063
2020-05-10,1177.9393645324633
2020-05-11,1172.728759963182
2020-05-12,1182.590127348275
2020-05-13,1181.5106288203765
2020-05-14,1178.9164188112
2020-05-15,1182.9339057465022
2020-05-17,1182.1719948647906
2020-05-18,1187.4404602821992
2020-05-19,1209.2172637768022
2020-05-20,1215.515305776524
2020-05-21,1216.686672902464
2020-05-22,1221.466398524962
2020-05-25,1223.6960773837259
2020-05-26,1231.7707191970665
2020-05-27,1241.9238988001314
2020-05-28,1243.6885417970238
2020-05-29,1265.571336523226
2020-05-31,1269.2691286168122
2020-06-01,1269.2691286168122
2020-06-02,1291.7860754280775
2020-06-03,1310.202229934358
2020-06-04,1313.5070587858484
2020-06-05,1309.7373417435997
2020-06-07,1314.669926864777
2020-06-08,1320.7456442621697
2020-06-09,1320.8517820799602
2020-06-10,1314.156957879546
2020-06-11,1304.2483983779318
2020-06-12,1306.9218667495793
2020-06-14,1306.4738357247907
2020-06-15,1306.4778309396158
2020-06-16,1309.702427499581
2020-06-17,1309.9369543506104
2020-06-18,1305.8343727589643
2020-06-19,1305.4055019975958
2020-06-21,1307.589583127794
2020-06-22,1310.496598729809
2020-06-23,1305.5106411680645
2020-06-24,1313.3455939282724
2020-06-25,1311.540729826376
2020-06-26,1305.4095998784173
2020-06-28,1303.8603891731007
2020-06-29,1298.1412232456537
2020-06-30,1295.7837773857211
2020-07-01,1295.7837773857211
2020-07-02,1288.258600244545
2020-07-03,1287.071957551846
2020-07-05,1292.3616756829758
2020-07-06,1295.0609747288556
2020-07-07,1284.2956500057273
2020-07-08,1287.6075714684891
2020-07-09,1289.6114164009052
2020-07-10,1284.2814069540284
2020-07-12,1288.740323482078
2020-07-13,1291.5579880032326
2020-07-14,1288.2937503440671
2020-07-15,1281.514948454559
2020-07-16,1285.550694992289
2020-07-17,1286.5918619859306
2020-07-19,1285.927369644631
2020-07-20,1288.9814101788156
2020-07-21,1291.7868369021712
2020-07-22,1293.964710554988
2020-07-23,1295.8731165544903
2020-07-24,1297.4180796015398
2020-07-26,1298.410159930115
2020-07-27,1292.952253987395
2020-07-28,1300.4273559217118
2020-07-29,1299.988749914236
2020-07-30,1299.5852769241153
2020-07-31,1298.3856448160304
2020-08-03,1298.3856448160304
2020-08-04,1299.9413913368046
2020-08-05,1295.729487495314
2020-08-06,1296.2610067717555
2020-08-07,1293.251999624682
2020-08-09,1294.864721690181
2020-08-10,1297.8729395578089
2020-08-11,1300.4845213548674
2020-08-12,1310.0772279554933
2020-08-13,1312.9481829914946
2020-08-14,1303.9500692524136
2020-08-16,1306.7831904769791
2020-08-17,1302.0713067703584
2020-08-18,1294.432343041199
2020-08-19,1300.826297645131
2020-08-20,1303.1155800718711
2020-08-21,1311.3270410682992
2020-08-23,1315.8855559947017
2020-08-24,1324.437754855834
2020-08-25,1327.2620057531155
2020-08-26,1323.839408859903
2020-08-27,1331.6822957986665
2020-08-28,1335.5360484727066
2020-08-30,1339.3182037904992
2020-08-31,1346.0091016347578
2020-09-01,1346.0091016347578
2020-09-02,1342.3318694455234
2020-09-03,1342.5486530826406
2020-09-04,1343.8034213108363
2020-09-06,1341.1211938099473
2020-09-07,1343.5020017682548
2020-09-08,1340.1439206370155
2020-09-09,1341.4510078214687
2020-09-10,1352.6604588685907
2020-09-11,1346.5903997099463
2020-09-13,1346.2632337161415
2020-09-14,1339.4278877157342
2020-09-15,1333.7816325415306
2020-09-16,1332.8406710932936
2020-09-17,1327.3750061936387
2020-09-18,1333.8763163470303
2020-09-20,1334.3649589565332
2020-09-21,1328.0241130363017
2020-09-22,1331.0957999191073
2020-09-23,1331.9670743909876
2020-09-24,1328.2616261120938
2020-09-25,1328.5991998066588
2020-09-27,1327.2463809625053
2020-09-28,1336.6165818484271
2020-09-29,1345.814286023548
2020-09-30,1354.3441068858833
2020-10-01,1354.3441068858833
2020-10-02,1361.6754592413213
2020-10-04,1365.8568146184807
2020-10-05,1366.932789564587
2020-10-06,1380.3725745121037
2020-10-07,1379.2422100371136
2020-10-08,1386.275923420656
2020-10-09,1391.6098718251599
2020-10-11,1390.450768057399
2020-10-12,1386.8751940049626
2020-10-13,1388.8757791884839
2020-10-14,1396.8626435981218
2020-10-15,1402.3689632262913
2020-10-16,1418.9551491521897
2020-10-18,1417.5565589439852
2020-10-19,1422.3659305450442
2020-10-20,1424.3638551639363
2020-10-21,1422.6527082201083
2020-10-22,1415.7336629221686
2020-10-23,1423.099921486424
2020-10-25,1421.3914297884428
2020-10-26,1414.8254490595627
2020-10-27,1420.9167059580107
2020-10-28,1431.21553378574
2020-10-29,1427.3030651559388
2020-10-30,1438.0034601240416
2020-11-02,1438.0034601240416
2020-11-03,1438.8797209655888
2020-11-04,1443.0377667484274
2020-11-05,1439.657060961389
2020-11-06,1449.7980868757998
2020-11-08,1450.9459544595288
2020-11-09,1464.8412330504784
2020-11-10,1483.2818879227477
2020-11-11,1501.5865059555256
2020-11-12,1523.2784482803218
2020-11-13,1517.2841749135735
2020-11-15,1516.258513777132
2020-11-16,1510.4263182024633
2020-11-17,1516.2508116906981
2020-11-18,1528.317521507162
2020-11-19,1533.3649507276277
2020-11-20,1535.1603043064579
2020-11-22,1533.0099684797776
2020-11-23,1522.5226332628536
2020-11-24,1521.6874235807445
2020-11-25,1531.4277603966168
2020-11-26,1535.896715432539
2020-11-27,1528.9635024840427
2020-11-29,1532.0404497442876
2020-11-30,1528.629420368067
2020-12-01,1528.629420368067
2020-12-02,1532.8284794446852
2020-12-03,1540.8908592771063
2020-12-04,1542.9216717425927
2020-12-06,1550.341479953425
2020-12-07,1559.11400787026
2020-12-08,1566.3405078136186
2020-12-09,1565.121561049385
2020-12-10,1568.7600839186275
2020-12-11,1586.7600726054147
2020-12-13,1589.6969120446545
2020-12-14,1581.6870798410146
2020-12-15,1574.169272154331
2020-12-16,1582.4167832116377
2020-12-17,1594.8598728168222
2020-12-18,1595.1605144035273
2020-12-20,1602.1263912311422
2020-12-21,1583.4323845856973
2020-12-22,1592.9161068346098
2020-12-23,1604.6017831895663
2020-12-24,1618.6405882312963
2020-12-25,1616.9607713301093
2020-12-27,1612.2926923303423
2020-12-28,1624.1499795716122
2020-12-29,1640.0912346128393
2020-12-30,1656.934175005656
2020-12-31,1671.0217268257877
2021-01-03,1671.0217268257877
2021-01-04,1679.0241794848134
2021-01-05,1665.9213230512719
2021-01-06,1646.031139538131
2021-01-07,1646.078243312313
2021-01-08,1644.6240886101743
2021-01-10,1645.1653081065383
2021-01-11,1647.055477983297
2021-01-12,1660.5486315653684
2021-01-13,1667.267405681791
2021-01-14,1697.2801471640219
2021-01-15,1705.6103646173876
2021-01-17,1709.5297291333757
2021-01-18,1720.052551305869
2021-01-19,1720.7721538790265
2021-01-20,1732.5366061094549
2021-01-21,1724.2067458957765
2021-01-22,1725.8540395052141
2021-01-24,1725.6113158084052
2021-01-25,1747.1008777865645
2021-01-26,1760.4327592287748
2021-01-27,1756.112587169598
2021-01-28,1767.0147091950328
2021-01-29,1765.3831443062747
2021-01-31,1767.820511936146
2021-02-01,1767.820511936146
2021-02-02,1760.3816999177495
2021-02-03,1775.7851141457547
2021-02-04,1786.6318229936153
2021-02-05,1785.4960811634858
2021-02-07,1788.0250107869135
2021-02-08,1791.716693014709
2021-02-09,1778.2231725850174
2021-02-10,1765.0150374879136
2021-02-11,1754.9900961132118
2021-02-12,1763.6784946721236
2021-02-14,1762.4254884916213
2021-02-15,1760.4467885198046
2021-02-16,1767.2768619262624
2021-02-17,1769.65382040077
2021-02-18,1767.358509054146
2021-02-19,1763.2699488655883
2021-02-21,1767.1854377085306
2021-02-22,1771.3934989919226
2021-02-23,1776.1425651299728
2021-02-24,1772.5635218460623
2021-02-25,1778.1289859520414
2021-02-26,1780.843698742581
2021-02-28,1779.2197086466122
2021-03-01,1779.2197086466122
2021-03-02,1788.5367447119254
2021-03-03,1792.0016390220671
2021-03-04,1780.2455971775876
2021-03-05,1778.5196196957577
2021-03-07,1793.3283687140072
2021-03-08,1808.8096287897993
2021-03-09,1806.7566889431737
2021-03-10,1803.5332849255433
2021-03-11,1815.9372893369707
2021-03-12,1812.321203318027
2021-03-14,1806.630416734345
2021-03-15,1797.3337326282415
2021-03-16,1798.8899109562494
2021-03-17,1805.2185126959741
2021-03-18,1801.3721251656784
2021-03-19,1812.2351114300134
2021-03-21,1804.5021384765157
2021-03-22,1785.126874505842
2021-03-23,1778.0483006662148
2021-03-24,1779.7072937769633
2021-03-25,1789.8918874945125
2021-03-26,1790.7423901615377
2021-03-28,1794.5734006680066
2021-03-29,1808.302807217889
2021-03-30,1820.4385153100677
2021-03-31,1820.7378660141537
2021-04-01,1820.7378660141537
2021-04-02,1821.3611956605894
2021-04-04,1819.1270707906822
2021-04-05,1807.4524947751302
2021-04-06,1805.5073825171467
2021-04-07,1795.7292994714737
2021-04-08,1798.8389025261285
2021-04-09,1793.2131181218595
2021-04-11,1798.1924143830688
2021-04-12,1811.3314665588468
2021-04-13,1812.1139452011378
2021-04-14,1789.619414873452
2021-04-15,1785.785935015702
2021-04-16,1781.0111508180526
2021-04-18,1782.9375775858011
2021-04-19,1793.3464080489696
2021-04-20,1814.3587197937509
2021-04-21,1822.5343552615561
2021-04-22,1820.4410230800706
2021-04-23,1830.281766042587
2021-04-25,1834.3162836150432
2021-04-26,1840.5212624080002
2021-04-27,1838.2895136305851
2021-04-28,1839.978031671213
2021-04-29,1843.9065995578926
2021-04-30,1841.5415237456284
2021-05-03,1841.5415237456284
2021-05-04,1838.963642763222
2021-05-05,1846.4162203447538
2021-05-06,1852.1919370683484
2021-05-07,1865.9743023919118
2021-05-09,1864.530562644107
2021-05-10,1873.4835286929724
2021-05-11,1878.9098760476184
2021-05-12,1880.6540018439173
2021-05-13,1887.1574658889945
2021-05-14,1909.2433146569547
2021-05-17,1930.7865001468692
2021-05-18,1946.5319105862761
2021-05-19,1944.1460502367124
2021-05-20,1939.8891880627348
2021-05-21,1946.1772496643036
2021-05-23,1952.8654844158389
2021-05-24,1938.7372618649852
2021-05-25,1923.9358155363768
2021-05-26,1933.353505215835
2021-05-27,1932.3985459312466
2021-05-28,1939.4198481553628
2021-05-30,1944.6520851935475
2021-05-31,1937.1759501907786
2021-06-01,1937.1759501907786
2021-06-02,1945.300662766033
2021-06-03,1939.9534086215363
2021-06-04,1943.2195234346557
2021-06-06,1947.9467740405216
2021-06-07,1944.7382200683273
2021-06-08,1938.9641324286217
2021-06-09,1958.2232830092169
2021-06-10,1952.815389011219
2021-06-11,1959.1575935901737
2021-06-13,1957.468387960418
2021-06-14,1963.277651408496
2021-06-15,1955.0621158436388
2021-06-16,1951.289435623723
2021-06-17,1953.508474945505
2021-06-18,1954.3561443887766
2021-06-20,1954.8449581423918
2021-06-21,1960.975137132988
2021-06-22,1956.539173044691
2021-06-23,1958.5916217658707
2021-06-24,1965.2952741693746
2021-06-25,1977.3701930010693
2021-06-27,1978.3856317232148
2021-06-28,1973.9480976969216
2021-06-29,1971.8567914931227
2021-06-30,1978.5242921671781
2021-07-01,1978.5242921671781
2021-07-02,1984.2661478028253
2021-07-04,1984.5803046149235
2021-07-05,1984.0604255859078
2021-07-06,1977.8627660798657
2021-07-07,1988.1773291946465
2021-07-08,1984.2493005330489
2021-07-09,1985.351066945414
2021-07-11,1983.1241284416553
2021-07-12,1989.289111366053
2021-07-13,1999.5575289906162
2021-07-14,2008.682065490521
2021-07-15,2030.3166840011118
2021-07-16,2033.9254457940874
2021-07-18,2040.1036206820997
2021-07-19,2045.4836098191329
2021-07-20,2039.8210102980045
2021-07-21,2043.8762758562655
2021-07-22,2048.8535085871395
2021-07-23,2061.3004386400494
2021-07-25,2071.215278466384
2021-07-26,2080.970417480769
2021-07-27,2099.931263960752
2021-07-28,2108.544900942192
2021-07-29,2106.0581633285533
2021-07-30,2101.0588012435255
2021-08-03,2101.0588012435255
2021-08-04,2096.2019580071883
2021-08-05,2097.9692177105176
2021-08-06,2110.4663469937673
2021-08-08,2115.0361583215777
2021-08-09,2117.270675821852
2021-08-10,2112.693560269617
2021-08-11,2126.1129793454284
2021-08-12,2127.1490984861184
2021-08-13,2139.102572387474
2021-08-15,2142.130795152489
2021-08-16,2145.59916556476
2021-08-17,2158.7697319417157
2021-08-18,2166.0325805888447
2021-08-19,2161.7955714114064
2021-08-20,2163.692053778832
2021-08-22,2164.3028445368477
2021-08-23,2171.198646467951
2021-08-24,2177.7516723083622
2021-08-25,2201.238426457921
2021-08-26,2222.4805808001693
2021-08-27,2225.111177868626
2021-08-29,2225.9520953016904
2021-08-30,2249.7216089860026
2021-08-31,2246.4146576896383
2021-09-01,2246.4146576896383
2021-09-02,2249.8945185069306
2021-09-03,2255.2093679632235
2021-09-05,2243.0287657003523
2021-09-06,2227.9219259694123
2021-09-07,2243.4781449208995
2021-09-08,2243.617977602855
2021-09-09,2253.131653549124
2021-09-10,2254.392182772115
2021-09-12,2258.5475985839985
2021-09-13,2267.300899323606
2021-09-14,2273.2642246892
2021-09-15,2274.9973278160837
2021-09-16,2262.599281351561
2021-09-17,2260.047555647459
2021-09-19,2257.487552788515
2021-09-20,2254.326871520641
2021-09-21,2249.4742440101027
2021-09-22,2270.952391892552
2021-09-23,2281.59479852443
2021-09-24,2316.629495097383
2021-09-26,2317.1425414992327
2021-09-27,2332.2244640051385
2021-09-28,2356.0374670208953
2021-09-29,2350.662972297924
2021-09-30,2358.667451067401
2021-10-01,2358.667451067401
2021-10-03,2356.3467962247114
2021-10-04,2354.23603921533
2021-10-05,2364.907311588794
2021-10-06,2377.2773786602334
2021-10-07,2378.729192289365
2021-10-08,2378.0670707122126
2021-10-10,2377.7735426798117
2021-10-11,2390.5585379120785
2021-10-12,2387.6473141798824
2021-10-13,2394.4470099306563
2021-10-14,2398.9036900799656
2021-10-15,2419.960131653487
2021-10-17,2421.080783182037
2021-10-18,2421.491308632852
2021-10-19,2438.7315500522964
2021-10-20,2448.596177336043
2021-10-21,2470.6519016224242
2021-10-22,2468.6273121901713
2021-10-24,2463.408134423369
2021-10-25,2458.9430052110706
2021-10-26,2456.308496043908
2021-10-27,2458.1279411774126
2021-10-28,2460.146990967329
2021-10-29,2489.5237091335784
2021-10-31,2485.8445071855767
2021-11-01,2485.8445071855767
2021-11-02,2481.305250333913
2021-11-03,2476.834169076382
2021-11-04,2468.8880370641937
2021-11-05,2476.2375257852805
2021-11-07,2476.369680633105
2021-11-08,2481.802407763017
2021-11-09,2472.092346204416
2021-11-10,2472.715159592017
2021-11-11,2474.9581008646132
2021-11-12,2465.6838958498215
2021-11-14,2461.636209891805
2021-11-15,2451.701244011471
2021-11-16,2453.209363098193
2021-11-17,2444.430710426972
2021-11-18,2457.477301755037
2021-11-19,2438.5744281251577
2021-11-21,2427.973899756641
2021-11-22,2423.714475491743
2021-11-23,2414.667339479793
2021-11-24,2394.075390182389
2021-11-25,2400.3685331613237
2021-11-26,2398.84260468544
2021-11-28,2389.2438332229767
2021-11-29,2384.215047152035
2021-11-30,2382.1541253359633
2021-12-01,2382.1541253359633
2021-12-02,2369.4701076877186
2021-12-03,2373.480343977843
2021-12-05,2382.9511708778327
2021-12-06,2381.4958098607567
2021-12-07,2386.2334182780614
2021-12-08,2392.137417675301
2021-12-09,2398.642985582048
2021-12-10,2395.7014253422717
2021-12-12,2400.2614700738905
2021-12-13,2398.4160172812367
2021-12-14,2399.5575292313893
2021-12-15,2405.1606659579406
2021-12-16,2403.274213820214
2021-12-17,2389.7203353285054
2021-12-19,2387.3891854661974
2021-12-20,2391.9254019013597
2021-12-21,2376.069314885918
2021-12-22,2385.4780546198085
2021-12-23,2398.3106850301274
2021-12-24,2393.0300031978436
2021-12-26,2394.279480515593
2021-12-27,2388.1804685040474
2021-12-28,2398.333961181226
2021-12-29,2409.0972979267353
2021-12-30,2424.0235809438545
2021-12-31,2414.1243794946276
2022-01-03,2414.1243794946276
2022-01-04,2425.4657204994865
2022-01-05,2445.52777182395
2022-01-06,2447.267527322467
2022-01-07,2459.4000864667337
2022-01-09,2457.9951772346
2022-01-10,2461.0115634868707
2022-01-11,2452.112610487046
2022-01-12,2475.666861252832
2022-01-13,2486.8276263660055
2022-01-14,2513.689520497479
2022-01-16,2506.7993528888696
2022-01-17,2498.4186539023567
2022-01-18,2502.2264717746707
2022-01-19,2493.4956920349314
2022-01-20,2497.5774236937136
2022-01-21,2511.536421295986
2022-01-23,2505.385481094635
2022-01-24,2492.6204075290793
2022-01-25,2479.225750752606
2022-01-26,2499.327062874804
2022-01-27,2501.7048533893185
2022-01-28,2518.4245884682637
2022-01-30,2497.631802582952
2022-01-31,2528.233697521415
2022-02-01,2528.233697521415
2022-02-02,2537.722665287935
2022-02-03,2538.6872514634315
2022-02-04,2548.8652289639167
2022-02-06,2550.6462272867993
2022-02-07,2547.2602200669494
2022-02-08,2555.7358295928543
2022-02-09,2558.9502930336243
2022-02-10,2559.0618249117974
2022-02-11,2588.799394737061
2022-02-13,2570.670783719669
2022-02-14,2551.726566187722
2022-02-15,2559.6204733877075
2022-02-16,2563.678265775452
2022-02-17,2587.6025498983636
2022-02-18,2602.019238188774
2022-02-20,2585.449420494833
2022-02-21,2585.220145727139
2022-02-22,2574.645736262971
2022-02-23,2571.535926702087
2022-02-24,2510.612374121001
2022-02-25,2508.2297451111003
2022-02-27,2540.5311014638373
2022-02-28,2555.4597467605117
2022-03-01,2555.4597467605117
2022-03-02,2533.8415458847585
2022-03-03,2538.030180769607
2022-03-04,2527.456379913105
2022-03-06,2523.717990606233
2022-03-07,2499.298877673073
2022-03-08,2501.796617758251
2022-03-09,2522.5538134039866
2022-03-10,2498.6918939250413
2022-03-11,2505.150061123485
2022-03-13,2497.412601579686
2022-03-14,2489.0719402885147
2022-03-15,2475.685345957304
2022-03-16,2511.6340590630357
2022-03-17,2525.7614545068295
2022-03-18,2544.382233494093
2022-03-20,2561.3460092749
2022-03-21,2591.0287554998126
2022-03-22,2586.639448396391
2022-03-23,2560.3976637798783
2022-03-24,2565.910446029998
2022-03-25,2575.509330209472
2022-03-27,2573.989771488693
2022-03-28,2570.7261749082995
2022-03-29,2589.351799937731
2022-03-30,2604.1871509830885
2022-03-31,2593.1352457238736
2022-04-01,2593.1352457238736
2022-04-03,2600.407311714406
2022-04-04,2606.811507223758
2022-04-05,2609.0155069272864
2022-04-06,2603.2791074564066
2022-04-07,2596.5252270924975
2022-04-08,2610.906369177333
2022-04-10,2597.6457628986104
2022-04-11,2601.6338265880104
2022-04-12,2653.222747283851
2022-04-13,2675.5458054245332
2022-04-14,2665.875682841182
2022-04-15,2667.3698592839482
2022-04-17,2653.825887167831
2022-04-18,2660.464143250082
2022-04-19,2684.3056988171493
2022-04-20,2688.1279225080407
2022-04-21,2700.213276958946
2022-04-22,2713.5064486176166
2022-04-25,2717.899686614611
2022-04-26,2742.194484491617
2022-04-27,2763.517359835963
2022-04-28,2799.456560998284
2022-04-29,2832.887938056361
2022-05-04,2832.887938056361
2022-05-05,2861.7856236307066
2022-05-06,2874.860247272298
2022-05-09,2902.360770922299
2022-05-10,2889.1189036886335
2022-05-11,2882.7565129931504
2022-05-12,2870.935444919946
2022-05-13,2861.954578356343
2022-05-15,2859.6074942803143
2022-05-16,2852.0718358880613
2022-05-17,2842.758592512083
2022-05-18,2827.540181077954
2022-05-19,2802.170065539724
2022-05-20,2813.3619645496137
2022-05-22,2813.1388561551903
2022-05-23,2811.1252690052884
2022-05-24,2780.6120954772955
2022-05-25,2751.3030412503326
2022-05-26,2753.916542931841
2022-05-27,2765.062155397673
2022-05-29,2762.5593263435258
2022-05-30,2765.044770025985
2022-05-31,2786.4389738110713
2022-06-01,2786.4389738110713
2022-06-02,2796.299355890121
2022-06-03,2807.596994120996
2022-06-05,2814.099195018115
2022-06-06,2817.3793692436725
2022-06-07,2838.47703186166
2022-06-08,2861.8519708977715
2022-06-09,2860.8359821728086
2022-06-10,2865.439910140576
2022-06-12,2855.1895408072673
2022-06-13,2844.908572974916
2022-06-14,2823.490695913207
2022-06-15,2825.6142871722
2022-06-16,2812.3988536121856
2022-06-17,2795.18112010592
2022-06-19,2785.58295258649
2022-06-20,2790.0848206367928
2022-06-21,2776.3416919279657
2022-06-22,2777.6373533376836
2022-06-23,2758.874296339958
2022-06-24,2766.9043094200088
2022-06-26,2759.8579541488184
2022-06-27,2737.450709780816
2022-06-28,2730.068967624334
2022-06-29,2739.9331091405957
2022-06-30,2735.7533277441917
2022-07-01,2735.7533277441917
2022-07-04,2706.8014588698456
2022-07-05,2708.337067355605
2022-07-06,2711.6536049382976
2022-07-07,2731.8135172062434
2022-07-08,2740.8629677482454
2022-07-11,2740.1913663999044
2022-07-12,2750.3926790513246
2022-07-13,2747.6132577402213
2022-07-14,2742.431617840973
2022-07-15,2748.1566746672684
2022-07-17,2744.40712833408
2022-07-18,2759.0137157001172
2022-07-19,2771.9338808217726
2022-07-20,2773.1791042945088
2022-07-21,2793.7300349706347
2022-07-22,2792.316383858264
2022-07-24,2796.498264413017
2022-07-25,2798.406791183606
2022-07-26,2784.513927324558
2022-07-27,2757.987455305199
2022-07-28,2750.4733885844266
2022-07-29,2748.794864022554
2022-07-31,2751.611931207027
2022-08-01,2751.611931207027
2022-08-02,2762.5179677230485
2022-08-03,2783.9247245510423
2022-08-04,2814.5864089745837
2022-08-05,2820.9462407471697
2022-08-07,2834.2374772562575
2022-08-08,2846.2183712184615
2022-08-09,2853.3777213768003
2022-08-10,2858.987494484262
2022-08-11,2864.125680821044
2022-08-12,2868.3090658628803
2022-08-14,2882.697424355141
2022-08-15,2867.344043021135
2022-08-16,2861.9288394368177
2022-08-17,2876.3747479555377
2022-08-18,2862.630741242999
2022-08-19,2865.200670271389
2022-08-21,2877.1736381568608
2022-08-22,2871.4562376329254
2022-08-23,2863.6432450369552
2022-08-24,2873.0500841431417
2022-08-25,2888.3952082757605
2022-08-26,2901.575898736794
2022-08-28,2917.53223495297
2022-08-29,2909.801896088071
2022-08-30,2907.231878364006
2022-08-31,2914.864855704733
2022-09-01,2914.864855704733
2022-09-02,2919.8642178750033
2022-09-04,2924.125447599715
2022-09-05,2924.033388477815
2022-09-06,2961.623280370288
2022-09-07,2944.39511655488
2022-09-08,2945.2176545601437
2022-09-09,2933.1018017034735
2022-09-11,2940.515180941032
2022-09-12,2941.855939218884
2022-09-13,2942.8798036138583
2022-09-14,2936.540155578836
2022-09-15,2928.8919154474224
2022-09-16,2936.2300251107167
2022-09-18,2917.019612773383
2022-09-19,2932.4039767881436
2022-09-20,2916.847302684784
2022-09-21,2906.3612051610426
2022-09-22,2905.783791304488
2022-09-23,2901.3973477969867
2022-09-25,2902.6836692285597
2022-09-26,2905.131437345526
2022-09-27,2911.12960941107
2022-09-28,2904.3770886803663
2022-09-29,2890.032669963878
2022-09-30,2896.302938805429
2022-10-03,2896.302938805429
2022-10-04,2876.2729878785453
2022-10-05,2880.2136176433137
2022-10-06,2882.15488611366
2022-10-07,2884.9900285427557
2022-10-09,2881.355933360223
2022-10-10,2890.7102880736265
2022-10-11,2877.033929962793
2022-10-12,2863.1598227114773
2022-10-13,2858.669494289741
2022-10-14,2849.837904962083
2022-10-16,2853.1603081558087
2022-10-17,2856.548524685685
2022-10-18,2848.335707030792
2022-10-19,2856.8486201632277
2022-10-20,2855.0524845291106
2022-10-21,2846.3216264286343
2022-10-23,2844.147267383647
2022-10-24,2827.2119206407774
2022-10-25,2841.944263486085
2022-10-26,2829.497857104909
2022-10-27,2844.7062325274956
2022-10-28,2849.1716927159114
2022-10-30,2843.744925697175
2022-10-31,2837.353790103543
2022-11-01,2837.353790103543
2022-11-02,2834.319812709327
2022-11-03,2822.5456822845217
2022-11-04,2812.8620287046424
2022-11-06,2810.4185239506032
2022-11-07,2816.1455465943563
2022-11-08,2809.229746662359
2022-11-09,2794.1179721396966
2022-11-10,2772.124345397017
2022-11-11,2775.132974349547
2022-11-13,2783.265769952196
2022-11-14,2799.454358631513
2022-11-15,2803.2080842913338
2022-11-16,2803.833785903753
2022-11-17,2826.3404899818815
2022-11-18,2845.239273826197
2022-11-20,2844.9195080967006
2022-11-21,2847.4795243307326
2022-11-22,2848.960192896896
2022-11-23,2867.78244121955
2022-11-24,2856.9139926007338
2022-11-25,2851.736533871437
2022-11-27,2856.788643976966
2022-11-28,2846.140534534108
2022-11-29,2857.2854337102062
2022-11-30,2858.6868609287512
2022-12-01,2858.6868609287512
2022-12-02,2859.8475954823825
2022-12-04,2865.197868858518
2022-12-05,2889.0292300794226
2022-12-06,2914.624746061539
2022-12-07,2931.2007824053594
2022-12-08,2922.413738923618
2022-12-09,2929.394083633333
2022-12-11,2929.7275767718465
2022-12-12,2956.036545843287
2022-12-13,2962.7828776757106
2022-12-14,2975.933615816964
2022-12-15,2970.9382702172693
2022-12-16,2952.9712917396355
2022-12-18,2953.129578855526
2022-12-19,2950.660508034368
2022-12-20,2961.2432144099225
2022-12-21,2959.3136594563384
2022-12-22,2960.184309495957
2022-12-23,2972.729856797446
2022-12-25,2964.030151565955
2022-12-26,2974.2780874495083
2022-12-27,2973.4451593235635
2022-12-28,3009.3620883284157
2022-12-29,3010.2211090363726
2022-12-30,3036.416874216555
2023-01-03,3036.416874216555
2023-01-04,3035.820281283984
2023-01-05,3037.803070558595
2023-01-06,3026.3279089700836
2023-01-09,3043.93888613291
2023-01-10,3064.9552800399347
2023-01-11,3061.343215523597
2023-01-12,3073.2385829070395
2023-01-13,3095.669063811166
2023-01-15,3096.674563218234
2023-01-16,3111.463833478245
2023-01-17,3115.4892685710206
2023-01-18,3093.2534552586235
2023-01-19,3098.026608010462
2023-01-20,3094.440616168408
2023-01-22,3093.974748466186
2023-01-23,3104.1952283484698
2023-01-24,3101.533721890876
2023-01-25,3095.5697071696686
2023-01-26,3092.821000705179
2023-01-27,3111.217745943745
2023-01-30,3106.7168769041277
2023-01-31,3116.639418098843
2023-02-01,3116.639418098843
2023-02-02,3133.4379819073406
2023-02-03,3156.0585551942518
2023-02-05,3153.5970535897272
2023-02-06,3171.248904123105
2023-02-07,3179.1414891793747
2023-02-08,3194.201743010234
2023-02-09,3219.6939857344983
2023-02-10,3226.651491763444
2023-02-12,3226.651491763444
2023-02-13,3226.295843847756
2023-02-14,3229.573077871806
2023-02-15,3223.6159180716736
2023-02-16,3221.0066778511386
2023-02-17,3225.329102341349
2023-02-19,3224.1641623855367
2023-02-20,3206.970092862923
2023-02-21,3198.317904206112
2023-02-22,3210.801447910015
2023-02-23,3223.807211952075
2023-02-24,3251.3748541666505
2023-02-26,3251.775166260491
2023-02-27,3254.1851264157153
2023-02-28,3296.2660527654652
2023-03-01,3296.2660527654652
2023-03-02,3290.925949297233
2023-03-03,3300.194535361672
2023-03-05,3300.1186357239344
2023-03-06,3315.953249360621
2023-03-07,3300.0107413995265
2023-03-08,3305.1702297951915
2023-03-09,3313.0523969497403
2023-03-10,3313.245566426632
2023-03-12,3296.0802583379714
2023-03-13,3248.2561801524516
2023-03-14,3246.963919391024
2023-03-15,3178.5350162885634
2023-03-16,3182.159429005588
2023-03-17,3180.5211400346184
2023-03-19,3189.6859455072918
2023-03-20,3226.3195411398024
2023-03-21,3226.5938961955976
2023-03-22,3237.4917697325996
2023-03-23,3241.717412599438
2023-03-24,3234.766094546785
2023-03-26,3257.7097783345243
2023-03-27,3249.1583810868337
2023-03-28,3271.5411141020504
2023-03-29,3286.1673199816732
2023-03-30,3278.7999282137716
2023-03-31,3269.955173606745
2023-04-03,3269.955173606745
2023-04-04,3278.3231958234724
2023-04-05,3269.768688746932
2023-04-06,3268.3566695312857
2023-04-07,3267.2354801228607
2023-04-09,3270.8892698166887
2023-04-10,3274.445836052083
2023-04-11,3258.821540398695
2023-04-12,3265.9788953844068
2023-04-13,3259.1295172672853
2023-04-14,3277.7267492109613
2023-04-17,3280.9359713299787
2023-04-18,3296.5793413825613
2023-04-19,3302.3081507497022
2023-04-20,3318.893642567599
2023-04-21,3317.470945228339
2023-04-24,3319.981549773523
2023-04-25,3327.846744192502
2023-04-26,3356.2625581960124
2023-04-27,3388.1751337803707
2023-04-28,3400.295281969708
2023-04-30,3409.5303814316976
2023-05-02,3409.5303814316976
2023-05-03,3410.427417400593
2023-05-04,3401.6767757384973
2023-05-05,3433.7163504421324
2023-05-07,3430.2382864351016
2023-05-08,3467.4130564069524
2023-05-09,3455.5304476022375
2023-05-10,3460.6876059435303
2023-05-11,3469.4365929333617
2023-05-12,3480.929864582753
2023-05-14,3487.019291111098
2023-05-15,3499.173798925116
2023-05-16,3510.199061410316
2023-05-17,3515.9743695448087
2023-05-18,3511.610496344331
2023-05-19,3532.1244081561244
2023-05-22,3570.2558096995845
2023-05-23,3567.766552078078
2023-05-24,3603.22297742343
2023-05-25,3570.578643897911
2023-05-26,3592.50250817677
2023-05-29,3616.3403973748777
2023-05-30,3685.610446675479
2023-05-31,3683.4101999283935
2023-06-01,3683.4101999283935
2023-06-02,3708.4911721381527
2023-06-04,3714.3377850447932
2023-06-05,3710.3622034487685
2023-06-06,3721.585586212282
2023-06-07,3748.8192080507715
2023-06-08,3756.6724839417325
2023-06-09,3770.4935588524313
2023-06-11,3767.1364951243363
2023-06-12,3768.1504021399605
2023-06-13,3808.293015647358
2023-06-14,3866.580328532965
2023-06-15,3894.535908597917
2023-06-16,3891.060874518691
2023-06-18,3910.160467326923
2023-06-19,3912.3434497101803
2023-06-20,3937.609707619871
2023-06-21,3912.277995283871
2023-06-22,3903.02045649793
2023-06-23,3937.073017316449
2023-06-25,3934.291330370697
2023-06-26,3963.520695123491
2023-06-27,3975.7980040948337
2023-06-28,3981.377781050087
2023-06-29,3985.565373065362
2023-06-30,4014.364476377696
2023-07-03,4014.364476377696
2023-07-04,4016.036298880435
2023-07-05,4004.4505382464586
2023-07-06,4022.3992160196085
2023-07-07,4057.7340334581227
2023-07-09,4029.231256196929
2023-07-10,4080.12636215451
2023-07-11,4079.4576758612625
2023-07-12,4031.640875600373
2023-07-13,4016.0567888705314
2023-07-14,3991.1749765575814
2023-07-16,3988.4073071785047
2023-07-17,3992.9951546120274
2023-07-18,4034.282754123928
2023-07-19,4032.1978379952848
2023-07-20,4061.666426876957
2023-07-21,4094.4768155634365
2023-07-24,4080.7991395807308
2023-07-25,4072.105091578786
2023-07-26,4087.515257571368
2023-07-27,4089.902434971263
2023-07-28,4102.727150606342
2023-07-30,4122.897491891368
2023-07-31,4100.927515669992
2023-08-01,4100.927515669992
2023-08-02,4120.618566334
2023-08-03,4116.767451431454
2023-08-04,4117.797276727951
2023-08-06,4128.307973229871
2023-08-07,4136.347655571897
2023-08-08,4090.1436346125583
2023-08-09,4099.348340348311
2023-08-10,4102.710978761863
2023-08-11,4119.611018807475
2023-08-13,4123.005717481336
2023-08-14,4104.227399359222
2023-08-15,4092.9097819557524
2023-08-16,4111.564853098874
2023-08-17,4096.648728620916
2023-08-18,4072.962822523716
2023-08-20,4082.7256634542096
2023-08-21,4103.540249001907
2023-08-22,4127.681584960294
2023-08-23,4120.263220957852
2023-08-24,4116.5735538584095
2023-08-25,4123.213594517047
2023-08-27,4134.977432667541
2023-08-28,4150.850138310004
2023-08-29,4174.0943157665715
2023-08-30,4188.612595480258
2023-08-31,4183.938121756565
2023-09-01,4183.938121756565
2023-09-03,4185.990352681903
2023-09-04,4184.572223057711
2023-09-05,4194.967878230657
2023-09-06,4192.626552885657
2023-09-07,4189.613402631331
2023-09-08,4210.35570858046
2023-09-10,4211.341084815048
2023-09-11,4207.897575547803
2023-09-12,4201.45924584117
2023-09-13,4205.062866653277
2023-09-14,4218.403647255876
2023-09-15,4227.128342023183
2023-09-17,4224.689181833018
2023-09-18,4223.5550728621565
2023-09-19,4222.623265714531
2023-09-20,4227.674051516467
2023-09-21,4242.128418757608
2023-09-22,4248.526871357922
2023-09-24,4246.882634067616
2023-09-25,4258.885032096132
2023-09-26,4259.364956965619
2023-09-27,4250.640897615389
2023-09-28,4246.5455078491295
2023-09-29,4256.854752225302
2023-10-02,4256.854752225302
2023-10-03,4225.23926882575
2023-10-04,4258.633971896853
2023-10-05,4291.503678143332
2023-10-06,4283.541521282355
2023-10-08,4258.38411791428
2023-10-09,4255.972874608087
2023-10-10,4263.5586395776
2023-10-11,4258.20725066374
2023-10-12,4293.907839679226
2023-10-13,4279.650124248367
2023-10-16,4287.274379099946
2023-10-17,4310.693112761824
2023-10-18,4321.557791285422
2023-10-19,4289.923268941195
2023-10-20,4276.861175696093
2023-10-22,4295.311472953989
2023-10-23,4307.673990001605
2023-10-24,4331.468318123322
2023-10-25,4360.942749362227
2023-10-26,4343.662108944624
2023-10-27,4354.014930898536
2023-10-29,4359.233040513541
2023-10-30,4351.083280894714
2023-10-31,4362.917213538649
2023-11-01,4362.917213538649
2023-11-02,4359.653124401398
2023-11-03,4364.271883170582
2023-11-05,4371.18257878752
2023-11-06,4375.217494395826
2023-11-07,4338.807952035505
2023-11-08,4334.928899926695
2023-11-09,4350.616705179333
2023-11-10,4372.854005361822
2023-11-12,4382.90171502237
2023-11-13,4384.030337624813
2023-11-14,4395.566938942457
2023-11-15,4403.109596747478
2023-11-16,4387.989624073854
2023-11-17,4406.679795748467
2023-11-19,4407.2447851553925
2023-11-20,4417.715796041591
2023-11-21,4464.119887632778
2023-11-22,4488.96379483963
2023-11-23,4497.178507312829
2023-11-24,4497.3684811706735
2023-11-26,4502.267843429327
2023-11-27,4489.769629688486
2023-11-28,4506.9355712780725
2023-11-29,4494.34375382229
2023-11-30,4487.219778333784
2023-12-01,4487.219778333784
2023-12-03,4481.678205081511
2023-12-04,4496.4276032533035
2023-12-05,4490.524718728595
2023-12-06,4472.584665096219
2023-12-07,4483.16177685072
2023-12-08,4495.8185097382975
2023-12-10,4496.322319790423
2023-12-11,4508.4417376194415
2023-12-12,4500.363643972465
2023-12-13,4491.842752343247
2023-12-14,4501.311973494193
2023-12-15,4516.842779469553
2023-12-18,4508.582013480718
2023-12-19,4510.656588029766
2023-12-20,4539.487084989509
2023-12-21,4559.820373287191
2023-12-22,4605.752645711167
2023-12-24,4602.228462196756
2023-12-25,4601.18974611042
2023-12-26,4589.626539089698
2023-12-27,4608.376723174727
2023-12-28,4633.18353952856
2023-12-29,4698.432550985441
2023-12-31,4703.717277752704
2024-01-02,4703.717277752704
2024-01-03,4769.805375586178
2024-01-04,4775.799570019026
2024-01-05,4781.486780682386
2024-01-08,4820.654167505917
2024-01-09,4865.008991795702
2024-01-10,4840.307361475025
2024-01-11,4861.917956480219
2024-01-12,4874.498016600812
2024-01-14,4905.849862855154
2024-01-15,4932.494858495683
2024-01-16,4972.99151259051
2024-01-17,5012.587800716667
2024-01-18,5044.514138296311
2024-01-19,5073.519438377515
2024-01-21,5070.88487998762
2024-01-22,5097.598242336873
2024-01-23,5085.728896302889
2024-01-24,5093.781736885707
2024-01-25,5085.112769721813
2024-01-26,5088.068346641363
2024-01-28,5093.595153127993
2024-01-29,5076.350034952327
2024-01-30,4985.50200595741
2024-01-31,4936.527017857863
2024-02-01,4936.527017857863
2024-02-02,4985.921612332568
2024-02-04,4982.720231673606
2024-02-05,5016.670754345849
2024-02-06,4988.10870480864
2024-02-07,4987.177144284898
2024-02-08,4930.565752231036
2024-02-09,4928.1807577345
2024-02-11,4928.431292717765
2024-02-12,4937.304639539958
2024-02-13,4938.714359399382
2024-02-14,4926.197708682413
2024-02-15,4916.8615923297075
2024-02-16,4917.264547646157
2024-02-18,4917.723188699449
2024-02-19,4912.20495869466
2024-02-20,4880.03044731471
2024-02-21,4886.407938935747
2024-02-22,4899.825567699444
2024-02-23,4911.8509719736485
2024-02-25,4901.947646074448
2024-02-26,4899.334135546922
2024-02-27,4901.523233974155
2024-02-28,4870.711765627647
2024-02-29,4844.777470332549
2024-03-01,4844.777470332549
2024-03-03,4852.243744082173
2024-03-04,4874.963509468966
2024-03-05,4809.175985604951
2024-03-06,4796.56227153368
2024-03-07,4767.628001297629
2024-03-08,4796.045658485654
2024-03-10,4800.174372191393
2024-03-11,4786.534504687525
2024-03-12,4790.8230727600685
2024-03-13,4810.120188316523
2024-03-14,4827.469426602627
2024-03-15,4913.064365775821
2024-03-17,4907.552582293689
2024-03-18,4889.972113755119
2024-03-19,4955.070529787713
2024-03-20,4999.078796939719
2024-03-21,4996.277879186734
2024-03-22,5048.567718606165
2024-03-24,5048.273901185826
2024-03-25,5075.147278204773
2024-03-26,5141.101857129653
2024-03-27,5156.613828107838
2024-03-28,5195.459610703268
2024-03-29,5201.738633670067
2024-03-31,5189.646944125443
2024-04-01,5189.646944125443
2024-04-02,5186.755103882053
2024-04-03,5185.588450860318
2024-04-04,5181.999050109829
2024-04-05,5176.960512521378
2024-04-07,5173.632374399257
2024-04-08,5142.654922545259
2024-04-09,5149.494635709245
2024-04-10,5165.4622430151385
2024-04-11,5173.451381214926
2024-04-12,5131.087619131511
2024-04-15,5136.977695429742
2024-04-16,5088.081760847595
2024-04-17,5108.3865714521535
2024-04-18,5106.6139141513795
2024-04-19,5093.906475788097
2024-04-21,5093.469589885687
2024-04-22,5068.103643007665
2024-04-23,5056.381890573164
2024-04-24,5114.252045284587
2024-04-25,5130.808531523655
2024-04-26,5140.477386599318
2024-04-28,5126.693600856934
2024-04-29,5125.818371589326
2024-04-30,5115.495238670634
2024-05-01,5115.495238670634
2024-05-02,5107.996615208428
2024-05-03,5141.869479238701
2024-05-06,5146.804226975131
2024-05-07,5129.215931769575
2024-05-08,5142.645117599471
2024-05-09,5147.128672359362
2024-05-10,5161.145716991137
2024-05-12,5141.515908097274
2024-05-13,5132.922898217709
2024-05-14,5132.134499747692
2024-05-15,5143.273505618948
2024-05-16,5151.10215899797
2024-05-17,5153.974652496265
2024-05-19,5163.601499354131
2024-05-20,5168.857434664259
2024-05-21,5157.963329894697
2024-05-22,5171.110640101869
2024-05-23,5170.9573897883965
2024-05-24,5190.41674001102
2024-05-26,5191.983751907979
2024-05-27,5208.388936223973
2024-05-28,5226.333985656317
2024-05-29,5239.402503490949
2024-05-30,5255.111060692726
2024-05-31,5262.653516955158
2024-06-03,5262.653516955158
2024-06-04,5256.379536725001
2024-06-05,5270.805140722425
2024-06-06,5282.626475358915
2024-06-07,5292.252135063957
2024-06-09,5273.0730498955745
2024-06-10,5281.225181571356
2024-06-11,5306.343769197305
2024-06-12,5320.064740245725
2024-06-13,5324.256865779348
2024-06-14,5334.721288294804
2024-06-17,5325.437265041387
2024-06-18,5344.115106059762
2024-06-19,5361.052649992275
2024-06-20,5380.004251538045
2024-06-21,5385.042858976038
2024-06-23,5428.571294671563
2024-06-24,5432.551408509822
2024-06-25,5463.425663656637
2024-06-26,5484.4752389831965
2024-06-27,5494.338397422814
2024-06-28,5509.577304139472
2024-07-02,5509.577304139472
2024-07-03,5512.037438443437
2024-07-04,5537.77458497201
2024-07-05,5547.727871756445
2024-07-07,5547.220256866521
2024-07-08,5553.365941312151
2024-07-09,5552.220117010794
2024-07-10,5583.65528273853
2024-07-11,5599.983932216026
2024-07-12,5614.664089443558
2024-07-14,5612.643916539393
2024-07-15,5601.069325005926
2024-07-16,5621.399985042731
2024-07-17,5674.153912803655
2024-07-18,5701.946659560729
2024-07-19,5704.1612007617805
2024-07-21,5709.304342966637
2024-07-22,5697.432041105112
2024-07-23,5676.185669192861
2024-07-24,5687.364607568624
2024-07-25,5693.520276166645
2024-07-26,5706.964631404869
2024-07-28,5710.219244326681
2024-07-29,5762.584204604199
2024-07-30,5791.434210104367
2024-07-31,5790.1039460712
2024-08-01,5790.1039460712
2024-08-02,5813.9386539904945
2024-08-04,5805.870808996849
2024-08-05,5778.443443342984
2024-08-06,5771.953030473606
2024-08-07,5777.201418490308
2024-08-08,5801.593947029377
2024-08-09,5827.905009093248
2024-08-11,5829.565586108957
2024-08-12,5836.137272407066
2024-08-13,5854.349779029108
2024-08-14,5878.3903068453255
2024-08-15,5916.614274114026
2024-08-16,5932.325929465712
2024-08-18,5926.48761777235
2024-08-19,5891.693742102775
2024-08-20,5905.576899912074
2024-08-21,5931.553239476418
2024-08-22,5946.857948150297
2024-08-23,5998.153577365751
2024-08-25,6009.362274928811
2024-08-26,6013.545187901781
2024-08-27,6041.445652415428
2024-08-28,6089.2116235432295
2024-08-29,6098.02596142968
2024-08-30,6096.124580588085
2024-09-02,6096.124580588085
2024-09-03,6111.267411569257
2024-09-04,6065.719956992473
2024-09-05,6081.49524907719
2024-09-06,6104.992809904441
2024-09-08,6115.725047384961
2024-09-09,6132.337811967487
2024-09-10,6143.823978800369
2024-09-11,6144.720239935792
2024-09-12,6137.6645020118485
2024-09-13,6150.4509819542445
2024-09-16,6142.9287188148255
2024-09-17,6146.845617960833
2024-09-18,6159.004869927778
2024-09-19,6154.111050989073
2024-09-20,6196.675134366714
2024-09-22,6215.738601696536
2024-09-23,6185.821448346336
2024-09-24,6205.616707460762
2024-09-25,6236.288123062415
2024-09-26,6236.501610371592
2024-09-27,6217.028937919292
2024-09-29,6212.680663240514
2024-09-30,6147.0458433667245
2024-10-01,6147.0458433667245
2024-10-02,6146.568449642166
2024-10-03,6151.7530377673775
2024-10-04,6175.882365994335
2024-10-07,6180.876073425129
2024-10-08,6144.555948968307
2024-10-09,6122.322501329538
2024-10-10,6189.504713481204
2024-10-11,6189.119942460995
2024-10-13,6201.520011750099
2024-10-14,6212.010604543677
2024-10-15,6205.788554584049
2024-10-16,6223.064326899473
2024-10-17,6301.869252886718
2024-10-18,6336.156135502349
2024-10-20,6317.92415916176
2024-10-21,6332.420368192253
2024-10-22,6326.245525049215
2024-10-23,6355.108546617383
2024-10-24,6340.030063887402
2024-10-25,6368.591701589692
2024-10-27,6370.026363851762
2024-10-28,6381.802863558636
2024-10-29,6356.9798438580865
2024-10-30,6380.761569912733
2024-10-31,6391.477868225196
2024-11-01,6391.477868225196
2024-11-03,6393.196337305395
2024-11-04,6377.834332074278
2024-11-05,6385.750451155178
2024-11-06,6375.814279251711
2024-11-07,6381.7225148024845
2024-11-08,6388.987548429565
2024-11-10,6395.02350548122
2024-11-11,6405.475973951671
2024-11-12,6411.066513570354
2024-11-13,6426.667035676238
2024-11-14,6423.289371148974
2024-11-15,6436.8658036263
2024-11-17,6421.147413280301
2024-11-18,6423.902532833743
2024-11-19,6459.15934858353
2024-11-20,6515.680178823253
2024-11-21,6521.663835442735
2024-11-22,6536.5842644975755
2024-11-24,6535.537579224451
2024-11-25,6506.0655344721745
2024-11-26,6498.043089450169
2024-11-27,6447.17783831971
2024-11-28,6399.341082706037
2024-11-29,6388.657609427126
2024-12-02,6388.657609427126
2024-12-03,6395.425831148207
2024-12-04,6419.4265274595155
2024-12-05,6439.887446631293
2024-12-06,6441.479341764897
2024-12-08,6464.460988869572
2024-12-09,6446.661788372638
2024-12-10,6423.029612291849
2024-12-11,6452.337762521051
2024-12-12,6461.204356666691
2024-12-13,6499.19454524547
2024-12-15,6495.418564461364
2024-12-16,6514.243992501072
2024-12-17,6516.1476115409305
2024-12-18,6558.864842669726
2024-12-19,6608.63826890604
2024-12-20,6672.610735190336
2024-12-22,6654.035199801166
2024-12-23,6677.177116750638
2024-12-24,6681.647546662088
2024-12-25,6672.238433315525
2024-12-26,6675.936383438198
2024-12-27,6704.2796056124935
2024-12-29,6696.8834651731
2024-12-30,6703.522901667561
2024-12-31,6715.72159462834
2025-01-02,6715.72159462834
2025-01-03,6834.823424766051
2025-01-05,6834.823424766051
2025-01-06,6904.763325399751
2025-01-07,6859.407973354391
2025-01-08,6894.926837520046
2025-01-09,6948.111374214849
2025-01-10,6989.619770513433
2025-01-12,6996.238135250431
2025-01-13,6960.576121955139
2025-01-14,6886.906968512194
2025-01-15,6937.478146994835
2025-01-16,6924.502263675374
2025-01-17,6996.252610038122
2025-01-19,6996.456719249354
2025-01-20,6966.168897205758
2025-01-21,7005.611786233563
2025-01-22,7022.586294191596
2025-01-23,7028.465436002914
2025-01-24,7066.63728404624
2025-01-26,7078.541167222965
2025-01-27,7026.6642324944705
2025-01-28,7007.018002302815
2025-01-29,7026.17287883424
2025-01-30,7082.6228035873155
2025-01-31,7044.807227961136
2025-02-03,7044.807227961136
2025-02-04,7073.059497230425
2025-02-05,7060.975107579016
2025-02-06,7113.723543221453
2025-02-07,7156.207342668014
2025-02-09,7162.983480021208
2025-02-10,7223.109937601709
2025-02-11,7237.40133781045
2025-02-12,7313.171829192787
2025-02-13,7392.871562270301
2025-02-14,7408.191640484258
2025-02-16,7433.236969152304
2025-02-17,7479.278508018227
2025-02-18,7463.249592261771
2025-02-19,7491.906111930595
2025-02-20,7518.6109588415575
2025-02-21,7499.012647434243
2025-02-23,7508.001896719439
2025-02-24,7467.954663827053
2025-02-25,7440.7073393883675
2025-02-26,7488.776934944747
2025-02-27,7499.7585569224275
2025-02-28,7486.563178804175
2025-03-03,7486.563178804175
2025-03-04,7460.780243754916
2025-03-05,7437.878117813984
2025-03-06,7472.558379027115
2025-03-07,7463.337550211671
2025-03-09,7462.490068872167
2025-03-10,7431.401896432333
2025-03-11,7409.050015961366
2025-03-12,7401.060174196282
2025-03-13,7418.266736535225
2025-03-14,7411.04825092258
2025-03-16,7414.798953225199
2025-03-17,7414.435105237632
2025-03-18,7430.722685411545
2025-03-19,7481.721831602594
2025-03-20,7494.40527478892
2025-03-21,7539.63855502633
2025-03-23,7533.520506647874
2025-03-24,7516.376211490958
2025-03-25,7524.168703950379
2025-03-26,7550.345767693676
2025-03-27,7594.472500501909
2025-03-28,7614.7132283207375
2025-03-31,7614.927402484702
2025-04-01,7614.927402484702
2025-04-02,7581.469741736429
2025-04-03,7513.166251091031
2025-04-04,7469.848400762026
2025-04-06,7422.218748338404
2025-04-07,7320.199307054018
2025-04-08,7347.830468915392
2025-04-09,7242.956952510132
2025-04-10,7351.08611374477
2025-04-11,7373.886546655669
2025-04-13,7399.51145256636
2025-04-14,7546.957923813829
2025-04-15,7614.273291645778
2025-04-16,7563.1024286777365
2025-04-17,7568.91705780848
2025-04-18,7573.241626212749
2025-04-21,7573.328867258834
2025-04-22,7588.874882758469
2025-04-23,7636.7185471004395
2025-04-24,7688.2956156518785
2025-04-25,7771.467836638703
2025-04-27,7783.358464493954
2025-04-28,7834.657427766319
2025-04-29,7858.801131967936
2025-04-30,7827.766212079049
2025-05-02,7827.766212079049
2025-05-04,7836.133648540214
2025-05-05,7885.741246697904
2025-05-06,7887.560345092
2025-05-07,7887.878439509418
2025-05-08,7889.687500902303
2025-05-09,7943.362866315727
2025-05-11,7933.937060058776
2025-05-12,7958.1989120170365
2025-05-13,8001.875037900413
2025-05-14,8011.751653061575
2025-05-15,8010.373931332918
2025-05-16,8023.3996740057255
2025-05-18,8008.061399768375
2025-05-19,8045.961229242579
2025-05-20,8090.1939308878445
2025-05-21,8152.018760835007
2025-05-22,8121.282716364202
2025-05-23,8091.969997607176
2025-05-25,8081.348598113628
2025-05-26,8103.351029056572
2025-05-27,8170.361675920445
2025-05-28,8188.477017836023
2025-05-29,8199.896796141778
2025-05-30,8222.77408318975
2025-06-03,8222.77408318975
2025-06-04,8341.368481329479
2025-06-05,8332.141175632485
2025-06-06,8328.753988737499
2025-06-09,8337.984137916772
2025-06-10,8308.13629005557
2025-06-11,8329.544089703924
2025-06-12,8311.301658607968
2025-06-13,8283.295878829113
2025-06-15,8244.124924609776
2025-06-16,8199.695941592207
2025-06-17,8188.093709222367
2025-06-18,8181.838414333028
2025-06-19,8175.769515994398
2025-06-20,8238.497364078612
2025-06-22,8260.571516150072
2025-06-23,8229.793274713456
2025-06-24,8324.834835405869
2025-06-25,8392.259225132479
2025-06-26,8421.107229648047
2025-06-27,8474.507849510503
2025-06-29,8485.494291912084
2025-06-30,8469.783751479046
2025-07-01,8469.783751479046
2025-07-02,8498.90248827888
2025-07-03,8623.277525698373
2025-07-04,8651.710222178139
2025-07-06,8658.55674654933
2025-07-07,8741.782195890777
2025-07-08,8808.883075008636
2025-07-09,8825.699875310822
2025-07-10,8908.063929825164
2025-07-11,9019.5895649938
2025-07-13,9007.749955777603
2025-07-14,8996.391773872541
2025-07-15,8939.078975545883
2025-07-16,8983.740805485462
2025-07-17,8992.991119887154
2025-07-18,9052.72870568024
2025-07-20,9057.801806942416
2025-07-21,9076.923941872266
2025-07-22,9116.837293924278
2025-07-23,9116.680925159637
2025-07-24,9162.81349846587
2025-07-25,9193.408562762943
2025-07-27,9199.125022360484
2025-07-28,9247.29296577622
2025-07-29,9330.041098297734
2025-07-30,9343.999009728406
2025-07-31,9353.212134606654
2025-08-01,9353.212134606654
2025-08-03,9350.29124672698
2025-08-04,9370.23957421272
2025-08-05,9380.121490129337
2025-08-06,9512.183569559715
2025-08-07,9648.753996036236
2025-08-08,9738.721999635858
2025-08-10,9754.592031352142
2025-08-11,9863.641620256458
2025-08-12,9959.032674183702
2025-08-13,10015.169313681283
2025-08-14,9930.376178303954
2025-08-15,9878.237844873998
2025-08-17,9886.13843032168
2025-08-18,9971.209737044272
2025-08-19,9944.252001597128
2025-08-20,9839.881322570862
2025-08-21,9780.181692218639
2025-08-22,9896.726646293968
2025-08-24,9894.149611575542
2025-08-25,9941.902443816154
2025-08-26,9960.46065857823
2025-08-27,9949.481068829795
2025-08-28,9973.142258834978
2025-08-29,9943.622378441683
2025-08-31,9912.231760642342
2025-09-01,9912.231760642342
2025-09-02,9876.498550814393
2025-09-03,9751.759427643248
2025-09-04,9860.624509509138
2025-09-05,9869.43412740432
2025-09-08,9985.874043750995
2025-09-09,9979.401420465538
2025-09-10,10064.471401593248
2025-09-11,10106.265224788323
2025-09-12,10072.475060582958
2025-09-14,10077.047800259465
2025-09-15,10056.394176860917
2025-09-16,10039.898798754333
2025-09-17,10042.896924583876
2025-09-18,10088.370514188457
2025-09-19,10054.854351266307
2025-09-21,10040.234596637129
2025-09-22,10002.650308640796
2025-09-23,9997.949442566804
2025-09-24,9988.992952167784
2025-09-25,9966.960928188635
2025-09-26,9928.081222104323
2025-09-28,9938.925294202172
2025-09-29,9904.13372545346
2025-09-30,9971.496158975493
2025-10-01,9971.496158975493
2025-10-02,10032.084987604678
2025-10-03,10150.117123236354
2025-10-05,10172.892530420364
2025-10-06,10194.911711755598
2025-10-07,10185.198399302153
2025-10-08,10210.228559615556
2025-10-09,10228.662085844344
2025-10-10,10227.826838510866
2025-10-12,10247.35076624375
2025-10-13,10237.430478445463
2025-10-14,10210.293128081006
2025-10-15,10258.666512714524
2025-10-16,10304.187456780566
2025-10-17,10291.007861074697
2025-10-19,10312.263315706352
2025-10-20,10364.877745930986
2025-10-21,10404.825790674988
2025-10-22,10464.671963830131
2025-10-23,10509.927021401267
2025-10-24,10539.822710032322
2025-10-26,10571.14846895159
2025-10-27,10558.656952815461
2025-10-28,10612.09789163845
2025-10-29,10595.563307705297
2025-10-30,10608.08293964169
2025-10-31,10602.887107519744
2025-11-03,10602.887107519744
2025-11-04,10556.899198966283
2025-11-05,10580.55671877403
2025-11-06,10697.100181429718
2025-11-07,10697.074442289037
2025-11-09,10708.94976902833
2025-11-10,10531.636629260065
2025-11-11,10416.22887416627
2025-11-12,10510.552396256808
2025-11-13,10615.643042800963
2025-11-14,10588.082291013327
2025-11-16,10644.779931586
2025-11-17,10618.907292571257
2025-11-18,10581.317669296099
2025-11-19,10540.696334585951
2025-11-20,10506.847379700122
2025-11-21,10485.69723533507
2025-11-23,10499.866032745591
2025-11-24,10518.652906239993
2025-11-25,10474.23985791131
2025-11-26,10496.544726499895
2025-11-27,10474.454880748992
2025-11-28,10473.963739738872
2025-11-30,10480.516071571512
2025-12-01,10480.516071571512
2025-12-02,10508.140460881237
2025-12-03,10494.488990400725
2025-12-04,10481.306285201677
2025-12-05,10475.851246814784
2025-12-07,10480.46288426376
2025-12-08,10485.315774614151
2025-12-09,10441.868002680098
2025-12-10,10449.583578121445
2025-12-11,10500.299952193713
2025-12-12,10537.641412105184
2025-12-14,10538.50012225236
2025-12-15,10597.557555046551
2025-12-16,10638.907433940822
2025-12-17,10716.165089649518
2025-12-18,10762.023243154483
2025-12-19,10766.087223839146
2025-12-21,10765.751750986525
2025-12-22,10804.267857551198
2025-12-23,10861.648602486175
2025-12-24,10897.700101002578
2025-12-25,10886.839843303764
2025-12-26,10869.02330436169
2025-12-28,10870.437785442511
2025-12-29,10865.371007128393
2025-12-30,10851.73653230934
2025-12-31,10905.33479777373
2026-01-02,10905.33479777373
2026-01-04,10905.767599588125
2026-01-05,11026.237546124541
2026-01-06,11117.409126007176
2026-01-07,11131.749149169964
2026-01-08,11189.099781583214
2026-01-09,11217.356474105964
2026-01-11,11216.826400589785
2026-01-12,11252.401015759906
2026-01-13,11294.014588543865
2026-01-14,11285.571939915111
2026-01-15,11304.09419652766
2026-01-16,11347.058542631676
2026-01-18,11352.50188049409
2026-01-19,11338.32348965562
2026-01-20,11316.068965442088
2026-01-21,11386.279318198367
2026-01-22,11421.86924890935
2026-01-23,11391.39718046929
2026-01-25,11412.396352713688
2026-01-26,11443.499606301044
2026-01-27,11530.143007765984
2026-01-28,11496.567034171889
2026-01-29,11544.743014758793
2026-01-30,11520.688713739037
2026-02-02,11520.688713739037
2026-02-03,11502.328268831048
2026-02-04,11532.76883368625
2026-02-05,11502.94701949565
2026-02-06,11636.114542292738
2026-02-08,11656.093534757838
2026-02-09,11781.158620576187
2026-02-10,11850.51028913263
2026-02-11,11890.545239302302
2026-02-12,11939.54758977483
2026-02-13,11991.857053612068
2026-02-15,12002.527037664342
2026-02-16,12047.64309402641
2026-02-17,12179.886568776254
2026-02-18,12148.007641775677
2026-02-19,12109.409986394161
2026-02-20,12181.563533329609
2026-02-22,12174.37890228862
2026-02-23,12237.484656114968
2026-02-24,12215.969030002223
2026-02-25,12204.104600522056
2026-02-26,12316.561927890529
2026-02-27,12333.575719577955
2026-03-02,12333.575719577955
2026-03-03,12130.258600323225
2026-03-04,12085.350938437954
2026-03-05,12179.302292347986
2026-03-06,12101.407469940148
2026-03-08,12080.266604127468
2026-03-09,11991.587076212483
2026-03-10,12138.418479720733
2026-03-11,12148.343535431666
2026-03-12,12128.47114709512
2026-03-13,12103.860086835304
2026-03-15,12088.863981547443
2026-03-16,12128.196669676821
2026-03-17,12147.994531432085
2026-03-18,12148.226373470137
2026-03-19,12063.577621376682
2026-03-20,12063.925529669343
2026-03-23,12075.910725045856
2026-03-24,12098.42804739918
2026-03-25,12159.328560584267
