Date,Optimized Max Sharpe
2016-12-02,1000.7658863137732
2016-12-04,1003.007908462598
2016-12-05,1004.7562297658357
2016-12-06,999.759807945992
2016-12-07,990.9767841105373
2016-12-08,993.0775567538818
2016-12-09,999.8129193441564
2016-12-12,1002.1115892052048
2016-12-13,1006.7676897431741
2016-12-14,1007.6387354321621
2016-12-15,1008.5156824746362
2016-12-16,1011.4632622896737
2016-12-18,1011.5432683851153
2016-12-19,1016.2465513475212
2016-12-20,1019.9007862006715
2016-12-21,1024.1600963515261
2016-12-22,1026.5860689350222
2016-12-23,1025.9901652823285
2016-12-25,1028.9249049454486
2016-12-26,1027.8984659165149
2016-12-27,1033.2814721769098
2016-12-28,1038.4417699928765
2016-12-29,1041.268323805961
2016-12-30,1044.0935403851788
2017-01-03,1044.0935403851788
2017-01-04,1042.381921091968
2017-01-05,1045.3431827491358
2017-01-06,1044.4689869086048
2017-01-08,1044.0076995826691
2017-01-09,1044.5084367778475
2017-01-10,1041.9329583504389
2017-01-11,1041.5203376660972
2017-01-12,1039.3830983354449
2017-01-13,1036.682633351056
2017-01-15,1036.926219066647
2017-01-16,1033.673791228628
2017-01-17,1034.0338275636934
2017-01-18,1036.5539951401684
2017-01-19,1026.783956637298
2017-01-20,1025.5673310047914
2017-01-22,1025.4771357041566
2017-01-23,1025.2614511451404
2017-01-24,1020.4558750456771
2017-01-25,1017.1514687652136
2017-01-26,1016.0560242423115
2017-01-27,1011.9859804152811
2017-01-29,1012.440065572648
2017-01-30,1010.2082659381662
2017-01-31,1006.6245957637494
2017-02-01,1006.6245957637494
2017-02-02,1003.3107769190494
2017-02-03,995.2802380051949
2017-02-05,995.7735455046382
2017-02-06,996.4296698529665
2017-02-07,995.7681656368004
2017-02-08,994.7104251710111
2017-02-09,992.4915834349226
2017-02-10,994.3674119089734
2017-02-12,993.7494408034239
2017-02-13,995.9926892534442
2017-02-14,995.9926208329919
2017-02-15,998.1140853079455
2017-02-16,1005.4223483307723
2017-02-17,1006.0237406744563
2017-02-19,1006.33079892926
2017-02-20,1006.6176584213429
2017-02-21,1014.5734509131954
2017-02-22,1012.3996859640845
2017-02-23,1009.7846544957248
2017-02-24,1011.2831833368982
2017-02-26,1010.475691315563
2017-02-27,1007.5936439441542
2017-02-28,1007.897345348418
2017-03-01,1007.897345348418
2017-03-02,1011.4362625013277
2017-03-03,1012.7215710315695
2017-03-05,1014.2538082994132
2017-03-06,1015.7416582417176
2017-03-07,1011.4005668368094
2017-03-08,1011.0223133257139
2017-03-09,1012.1581646435113
2017-03-10,1012.6807742590655
2017-03-12,1012.8402405281123
2017-03-13,1008.4049312603128
2017-03-14,1006.577901095985
2017-03-15,1008.0284090485904
2017-03-16,1011.6417254550785
2017-03-17,1015.4401638701653
2017-03-19,1016.8715683951492
2017-03-20,1013.7158111754769
2017-03-21,1016.424790044385
2017-03-22,1015.7883834594896
2017-03-23,1018.761458348536
2017-03-24,1016.5797941900405
2017-03-26,1017.0887031378526
2017-03-27,1026.5030188881847
2017-03-28,1030.0081768729674
2017-03-29,1023.9380060193304
2017-03-30,1015.6178591823204
2017-03-31,1007.0849233320589
2017-04-03,1007.0849233320589
2017-04-04,1014.6983305974924
2017-04-05,1015.4264798117434
2017-04-06,1022.5317890427268
2017-04-07,1023.2463456428336
2017-04-09,1020.5068340643753
2017-04-10,1017.8461838643665
2017-04-11,1015.8518724987207
2017-04-12,1022.3907861424773
2017-04-13,1024.1720032933822
2017-04-14,1023.70335731865
2017-04-17,1022.5116289731768
2017-04-18,1022.706137448228
2017-04-19,1028.885424254643
2017-04-20,1032.4767489311787
2017-04-21,1035.2428627233098
2017-04-23,1031.8748970442973
2017-04-24,1032.7000434694294
2017-04-25,1033.6134070756289
2017-04-26,1029.208772727355
2017-04-27,1037.9877369982141
2017-04-28,1042.4191154249145
2017-04-30,1041.0800199726348
2017-05-02,1041.0800199726348
2017-05-03,1039.5997527665493
2017-05-04,1043.767103933526
2017-05-05,1044.53431711106
2017-05-07,1046.460599201822
2017-05-08,1051.0118944820792
2017-05-09,1051.2541262788384
2017-05-10,1060.5152571955505
2017-05-11,1061.5218259577323
2017-05-12,1064.228858574679
2017-05-14,1064.5220425675345
2017-05-15,1064.639884474056
2017-05-16,1064.9855971938366
2017-05-17,1063.622759135223
2017-05-18,1062.9908806174458
2017-05-19,1068.4754058266235
2017-05-21,1073.6964240631971
2017-05-22,1065.6026985563321
2017-05-23,1071.242172850282
2017-05-24,1080.5522958681997
2017-05-25,1085.8041637125054
2017-05-26,1093.0811741044747
2017-05-28,1091.832854197223
2017-05-29,1095.0576394666246
2017-05-30,1101.0434438032241
2017-05-31,1101.814648856168
2017-06-01,1101.814648856168
2017-06-02,1121.3106836379586
2017-06-04,1123.6002265695313
2017-06-05,1134.744216422263
2017-06-06,1144.550650548007
2017-06-07,1155.8328408751997
2017-06-08,1168.0347376289005
2017-06-09,1176.791367948443
2017-06-11,1178.153471335954
2017-06-12,1172.7191846002108
2017-06-13,1168.5260580449774
2017-06-14,1167.581192071013
2017-06-15,1175.0897200030981
2017-06-16,1171.937138503519
2017-06-18,1172.3529962101136
2017-06-19,1183.5144571826854
2017-06-20,1186.6471088558005
2017-06-21,1170.8206162277295
2017-06-22,1164.6156487052065
2017-06-23,1160.0302794601955
2017-06-26,1160.1869041855746
2017-06-27,1159.4427018626986
2017-06-28,1159.770911507917
2017-06-29,1168.516238668697
2017-06-30,1166.778198046473
2017-07-03,1166.778198046473
2017-07-04,1166.6628516980081
2017-07-05,1165.645220711014
2017-07-06,1166.9728905024074
2017-07-07,1171.7696857911585
2017-07-10,1177.1790712506854
2017-07-11,1178.4811244583225
2017-07-12,1186.8572776055603
2017-07-13,1190.8425719493666
2017-07-14,1188.4218406509588
2017-07-17,1183.4359784736043
2017-07-18,1174.5038109006473
2017-07-19,1179.0212417293399
2017-07-20,1180.5956667631865
2017-07-21,1180.594064614827
2017-07-24,1181.5508892370597
2017-07-25,1186.3105555795885
2017-07-26,1192.815146794386
2017-07-27,1193.6308369556602
2017-07-28,1197.2653282316733
2017-07-30,1196.037905601168
2017-07-31,1200.9736214381478
2017-08-01,1200.9736214381478
2017-08-02,1200.2188812974193
2017-08-03,1200.1034496591049
2017-08-04,1206.5698757767684
2017-08-06,1209.8264432316373
2017-08-07,1207.8282513813624
2017-08-08,1212.9735469759935
2017-08-09,1224.7967729169552
2017-08-10,1230.8419247854777
2017-08-11,1238.1376393881583
2017-08-13,1234.121071839267
2017-08-14,1242.998970700977
2017-08-15,1236.2168026521
2017-08-16,1234.68190496451
2017-08-17,1229.6840282783785
2017-08-18,1228.0483062741785
2017-08-20,1222.9100930291045
2017-08-21,1224.1813685254874
2017-08-22,1225.6970084151744
2017-08-23,1229.1018698708729
2017-08-24,1228.947963065223
2017-08-25,1227.8241322542378
2017-08-27,1231.5129058457892
2017-08-28,1232.9006743622142
2017-08-29,1238.3990313246625
2017-08-30,1244.1095181604758
2017-08-31,1246.7778912307392
2017-09-01,1246.7778912307392
2017-09-04,1240.3421723218214
2017-09-05,1240.0356619271006
2017-09-06,1240.033168143427
2017-09-07,1241.8580584786648
2017-09-08,1246.136741642431
2017-09-10,1249.1740607979352
2017-09-11,1254.5978168078943
2017-09-12,1253.709680018416
2017-09-13,1255.8053178472985
2017-09-14,1258.0857751339163
2017-09-15,1256.780404652924
2017-09-17,1259.5386791560531
2017-09-18,1262.4880912580409
2017-09-19,1265.7555632283927
2017-09-20,1267.1388178688044
2017-09-21,1267.9976709248822
2017-09-22,1265.1130938317376
2017-09-24,1273.1910815483543
2017-09-25,1275.3229963435074
2017-09-26,1278.198504546551
2017-09-27,1272.2229519278958
2017-09-28,1271.537313196522
2017-09-29,1277.718961878086
2017-10-02,1277.718961878086
2017-10-03,1279.7528238761677
2017-10-04,1289.7909408288986
2017-10-05,1289.1240566850527
2017-10-06,1294.6926798646718
2017-10-08,1298.1784375080738
2017-10-09,1299.0704247159938
2017-10-10,1298.642967891428
2017-10-11,1297.1442496021052
2017-10-12,1302.3157094300966
2017-10-13,1303.7808675402566
2017-10-15,1303.509938928592
2017-10-16,1298.5142278607811
2017-10-17,1293.6478939198114
2017-10-18,1292.726576677937
2017-10-19,1289.217815480053
2017-10-20,1285.6884158454625
2017-10-22,1286.3199000795112
2017-10-23,1283.908134452275
2017-10-24,1285.084745958812
2017-10-25,1286.5084177327913
2017-10-26,1292.7058036577935
2017-10-27,1296.5342013021573
2017-10-29,1297.6418949551253
2017-10-30,1296.4866688941784
2017-10-31,1308.5851343434797
2017-11-01,1308.5851343434797
2017-11-02,1300.3735946030795
2017-11-03,1310.9094454470408
2017-11-05,1308.7153527412913
2017-11-06,1308.8191929912227
2017-11-07,1305.848159265012
2017-11-08,1307.6403172437906
2017-11-09,1305.2441844009354
2017-11-10,1313.14174485081
2017-11-12,1311.5280420603071
2017-11-13,1308.4921971484746
2017-11-14,1302.5948373480205
2017-11-15,1298.416486348435
2017-11-16,1296.6636794734868
2017-11-17,1298.355458785873
2017-11-19,1296.4757671725072
2017-11-20,1296.6153344090799
2017-11-21,1300.4818914564535
2017-11-22,1298.7178956732585
2017-11-23,1306.703451364992
2017-11-24,1308.2051373107092
2017-11-26,1309.2655336686553
2017-11-27,1306.6853684813027
2017-11-28,1312.201540307733
2017-11-29,1317.196212997517
2017-11-30,1317.3767099452025
2017-12-01,1317.3767099452025
2017-12-04,1316.3447028721234
2017-12-05,1315.5218249661982
2017-12-06,1317.877684094139
2017-12-07,1322.2502237405204
2017-12-08,1324.0512114405824
2017-12-10,1326.5994187460929
2017-12-11,1322.2934370744601
2017-12-12,1322.05821232239
2017-12-13,1317.497996062101
2017-12-14,1310.8467587839773
2017-12-15,1314.4307984734605
2017-12-18,1317.1669338072013
2017-12-19,1332.3573770560924
2017-12-20,1328.2968267528577
2017-12-21,1330.7776234606474
2017-12-22,1337.0554504061793
2017-12-24,1336.8396405555156
2017-12-25,1338.1992487219593
2017-12-26,1339.7379731937162
2017-12-27,1345.3489278681277
2017-12-28,1348.2408353223984
2017-12-29,1349.8570499111056
2017-12-31,1351.4768451566806
2018-01-02,1351.4768451566806
2018-01-03,1355.2537869587413
2018-01-04,1366.4708800020433
2018-01-05,1380.7790372756547
2018-01-08,1388.8121157456242
2018-01-09,1403.320285257713
2018-01-10,1421.056943514896
2018-01-11,1440.1644836432788
2018-01-12,1456.5318227881944
2018-01-14,1458.0190093421181
2018-01-15,1466.2499893780202
2018-01-16,1476.513587100811
2018-01-17,1490.5954070885098
2018-01-18,1495.486557044345
2018-01-19,1501.3421323996354
2018-01-21,1500.4097101126454
2018-01-22,1498.2097189991362
2018-01-23,1494.543007765375
2018-01-24,1481.7476378572528
2018-01-25,1474.8214821144368
2018-01-26,1484.1847945761485
2018-01-28,1488.004222344425
2018-01-29,1501.1540552720005
2018-01-30,1515.3185993089614
2018-01-31,1515.6410486453497
2018-02-01,1515.6410486453497
2018-02-02,1517.8577911449936
2018-02-05,1516.0727944542896
2018-02-06,1504.5700784748274
2018-02-07,1502.508123992922
2018-02-08,1499.3138636955102
2018-02-09,1492.4361699512658
2018-02-11,1487.9531563300768
2018-02-12,1478.680789062157
2018-02-13,1473.5251645225749
2018-02-14,1484.1715300631818
2018-02-15,1491.6287203659426
2018-02-16,1491.823913470533
2018-02-18,1492.3003335986978
2018-02-19,1493.0747393796446
2018-02-20,1498.8506305821577
2018-02-21,1491.0930009903625
2018-02-22,1502.5680484058673
2018-02-23,1508.2898908734553
2018-02-25,1511.0198174572693
2018-02-26,1517.053666490743
2018-02-27,1518.3767513749049
2018-02-28,1517.3161032427033
2018-03-01,1517.3161032427033
2018-03-02,1515.8280720686446
2018-03-04,1515.6862041179454
2018-03-05,1514.346693310638
2018-03-06,1511.572740282483
2018-03-07,1509.8989088246733
2018-03-08,1509.188049914912
2018-03-09,1507.4055026521967
2018-03-11,1507.6447146179607
2018-03-12,1511.7036853887964
2018-03-13,1518.380986910775
2018-03-14,1512.8513425337715
2018-03-15,1508.2602541644187
2018-03-16,1511.3984385022325
2018-03-18,1512.0013389354813
2018-03-19,1496.5367008924495
2018-03-20,1497.3895621272743
2018-03-21,1489.1031947345566
2018-03-22,1484.2917979883055
2018-03-23,1501.7315013032414
2018-03-25,1500.3274569006128
2018-03-26,1500.7965344124689
2018-03-27,1503.0016544811472
2018-03-28,1501.9071136137982
2018-03-29,1505.3708860678482
2018-03-30,1508.652755989919
2018-04-02,1508.652755989919
2018-04-03,1500.4299570977546
2018-04-04,1496.7263208167574
2018-04-05,1502.9114145372898
2018-04-06,1502.7570811217322
2018-04-09,1504.5436447086759
2018-04-10,1510.320930540181
2018-04-11,1510.02709595019
2018-04-12,1516.3390806157802
2018-04-13,1523.479427554669
2018-04-15,1522.5625713881789
2018-04-16,1532.5984608213216
2018-04-17,1545.9939212851423
2018-04-18,1548.2500157971049
2018-04-19,1552.8088999556999
2018-04-20,1555.011696582137
2018-04-22,1557.9441963900392
2018-04-23,1553.1811181923529
2018-04-24,1552.9880013626757
2018-04-25,1545.8331113635247
2018-04-26,1555.5201246830754
2018-04-27,1557.0739539307538
2018-04-29,1557.883781917068
2018-04-30,1547.5897619912855
2018-05-02,1547.5897619912855
2018-05-03,1537.2356225954145
2018-05-04,1534.3581159916357
2018-05-06,1532.7729245565451
2018-05-07,1534.0422886611725
2018-05-08,1539.1169480961782
2018-05-09,1533.421390238181
2018-05-10,1528.1426127625032
2018-05-11,1532.1082920639906
2018-05-13,1533.330798159401
2018-05-14,1537.0865113498685
2018-05-15,1528.7997744303434
2018-05-16,1528.4916113939723
2018-05-17,1532.608030768363
2018-05-18,1524.0102782019949
2018-05-20,1524.1627730629932
2018-05-21,1518.5038059582337
2018-05-22,1517.463183037316
2018-05-23,1512.1935996200132
2018-05-24,1497.2055244240082
2018-05-25,1489.0121082217956
2018-05-27,1489.8320201980205
2018-05-28,1486.0641588340266
2018-05-29,1483.090199575046
2018-05-30,1484.161012033606
2018-05-31,1489.0936712597568
2018-06-01,1489.0936712597568
2018-06-03,1490.4841866401841
2018-06-04,1481.7298195487388
2018-06-05,1483.3396807531778
2018-06-06,1492.1609678152436
2018-06-07,1499.5849461311054
2018-06-08,1495.9359679608472
2018-06-10,1499.4672247007995
2018-06-11,1490.0461407257667
2018-06-12,1490.2376856156425
2018-06-13,1492.5795094619582
2018-06-14,1504.093306321652
2018-06-15,1505.1531643267144
2018-06-18,1504.2422017125841
2018-06-19,1497.3635288979092
2018-06-20,1505.224273723204
2018-06-21,1499.7305885229207
2018-06-22,1498.4227714647143
2018-06-24,1496.5326843188268
2018-06-25,1491.410068602895
2018-06-26,1481.9679710970875
2018-06-27,1481.279112731738
2018-06-28,1485.9857013364096
2018-06-29,1496.159716103332
2018-07-03,1496.159716103332
2018-07-04,1489.761669229671
2018-07-05,1490.778279314982
2018-07-06,1488.4801454352635
2018-07-08,1485.2298644281593
2018-07-09,1480.2633034750984
2018-07-10,1482.159990560873
2018-07-11,1482.0690925792849
2018-07-12,1478.4860678139821
2018-07-13,1475.0992236193463
2018-07-15,1475.5801462987954
2018-07-16,1460.4789374029951
2018-07-17,1454.2947297680087
2018-07-18,1450.32733361268
2018-07-19,1452.1584058062783
2018-07-20,1456.9015733042897
2018-07-22,1454.1991722510722
2018-07-23,1451.122525717342
2018-07-24,1456.137982239111
2018-07-25,1455.5913655672696
2018-07-26,1452.1029695686243
2018-07-27,1460.1970948421515
2018-07-29,1458.6561385678583
2018-07-30,1446.630480010105
2018-07-31,1451.4136504879802
2018-08-01,1451.4136504879802
2018-08-02,1447.5656372674614
2018-08-03,1446.6680495983683
2018-08-05,1443.9324714573695
2018-08-06,1439.2329198884509
2018-08-07,1444.2185045603958
2018-08-08,1452.277010273469
2018-08-09,1445.460940767495
2018-08-10,1441.493209730723
2018-08-12,1437.6258323837321
2018-08-13,1426.9090992898543
2018-08-14,1425.5396369152188
2018-08-15,1420.2678852001075
2018-08-16,1424.8253471929868
2018-08-17,1429.802477512528
2018-08-19,1429.5911315177273
2018-08-20,1427.4877649957384
2018-08-21,1427.2627164524688
2018-08-22,1426.0721899505213
2018-08-23,1422.9459999803855
2018-08-24,1424.2970304788798
2018-08-26,1424.1672617128663
2018-08-27,1421.5504925594528
2018-08-28,1423.7867719236206
2018-08-29,1424.301447938995
2018-08-30,1422.036246864151
2018-08-31,1423.3688040168354
2018-09-03,1423.3688040168354
2018-09-04,1430.4710993435983
2018-09-05,1423.0922389685913
2018-09-06,1414.2659051410938
2018-09-07,1402.5656524207518
2018-09-09,1402.4386055180119
2018-09-10,1396.511405827425
2018-09-11,1394.9779337816585
2018-09-12,1380.876820381708
2018-09-13,1372.8932742865074
2018-09-14,1376.0116943411774
2018-09-16,1368.2545021536075
2018-09-17,1368.2939109852036
2018-09-18,1371.6699953494676
2018-09-19,1361.122769755096
2018-09-20,1350.847850204861
2018-09-21,1354.7431244310571
2018-09-23,1357.4800258227954
2018-09-24,1357.947075737209
2018-09-25,1356.5268757284887
2018-09-26,1360.7200257780055
2018-09-27,1366.5866678579075
2018-09-28,1365.3713324596076
2018-09-30,1365.7036909680396
2018-10-01,1365.7036909680396
2018-10-02,1360.3508689891287
2018-10-03,1360.3815964910948
2018-10-04,1356.4513083906509
2018-10-05,1350.444457409205
2018-10-08,1338.4692020897228
2018-10-09,1344.2464998328376
2018-10-10,1341.9349634421708
2018-10-11,1339.010887946345
2018-10-12,1336.7359015789766
2018-10-14,1344.5410377408086
2018-10-15,1332.9826628875467
2018-10-16,1333.1255062509556
2018-10-17,1334.7761598992176
2018-10-18,1328.2149198142035
2018-10-19,1329.1354892849972
2018-10-21,1329.7134098232834
2018-10-22,1321.7088741463112
2018-10-23,1324.0448741956034
2018-10-24,1324.1895535384306
2018-10-25,1318.8125011493498
2018-10-26,1314.3966823443807
2018-10-28,1316.6535520761693
2018-10-29,1315.613957145715
2018-10-30,1321.5150821636644
2018-10-31,1321.9370122288233
2018-11-01,1321.9370122288233
2018-11-02,1316.2198664502696
2018-11-04,1316.04701123148
2018-11-05,1325.3781013423938
2018-11-06,1328.0553565745065
2018-11-07,1324.565305818363
2018-11-08,1328.5901490657432
2018-11-09,1326.2705304460637
2018-11-11,1324.6139202186182
2018-11-12,1322.5815108339027
2018-11-13,1311.0469887196186
2018-11-14,1311.9538733703998
2018-11-15,1305.503474814318
2018-11-16,1308.9506679503431
2018-11-18,1311.1251104609291
2018-11-19,1310.3252778203912
2018-11-20,1308.975224504928
2018-11-21,1301.6834014387164
2018-11-22,1298.480570316224
2018-11-23,1301.8747953189247
2018-11-25,1296.2220495451659
2018-11-26,1296.3667798490808
2018-11-27,1299.044854754968
2018-11-28,1302.7846331345627
2018-11-29,1299.4118086663175
2018-11-30,1306.8358121287092
2018-12-03,1306.8358121287092
2018-12-04,1309.7500730105446
2018-12-05,1303.207179125822
2018-12-06,1306.7851973303789
2018-12-07,1299.022602960915
2018-12-09,1298.8922738725598
2018-12-10,1294.6506506240457
2018-12-11,1299.3586940803693
2018-12-12,1300.1268678099627
2018-12-13,1302.3324542224057
2018-12-14,1304.6286566098504
2018-12-16,1304.9053059998926
2018-12-17,1306.5234094036325
2018-12-18,1319.8012819261567
2018-12-19,1319.3566631488477
2018-12-20,1324.356756561349
2018-12-21,1327.2663880110654
2018-12-23,1326.47302131928
2018-12-24,1337.9811788996078
2018-12-25,1336.852407609752
2018-12-26,1342.2788309519178
2018-12-27,1345.5042385574116
2018-12-28,1345.8728875881538
2018-12-30,1344.0727030881305
2018-12-31,1356.3298991266283
2019-01-02,1356.3298991266283
2019-01-03,1350.7108360937677
2019-01-04,1350.4443063391507
2019-01-06,1351.9848637839493
2019-01-07,1349.023994571879
2019-01-08,1344.4698582336032
2019-01-09,1341.9400994308196
2019-01-10,1346.7959653976868
2019-01-11,1351.9710001419483
2019-01-13,1352.9108797924582
2019-01-14,1352.448522123484
2019-01-15,1354.733696472311
2019-01-16,1362.9583120089762
2019-01-17,1361.1947553919513
2019-01-18,1365.9514627376664
2019-01-20,1366.6342460088308
2019-01-21,1370.089012474556
2019-01-22,1377.9854143009964
2019-01-23,1379.628134941019
2019-01-24,1389.8965777273706
2019-01-25,1393.956878725567
2019-01-27,1397.0012383883504
2019-01-28,1396.3921145914778
2019-01-29,1403.4522960641468
2019-01-30,1403.3077571199187
2019-01-31,1390.9401561094414
2019-02-01,1390.9401561094414
2019-02-03,1390.5850147717492
2019-02-04,1388.423848872069
2019-02-05,1399.544879964668
2019-02-06,1406.4208340975333
2019-02-07,1424.0773147173288
2019-02-08,1427.470767660719
2019-02-10,1431.7182173921312
2019-02-11,1435.9670938699717
2019-02-12,1443.239898469625
2019-02-13,1449.7827697079042
2019-02-14,1441.0981981027899
2019-02-15,1449.5361002887985
2019-02-17,1453.8307325183025
2019-02-18,1455.3588137127474
2019-02-19,1459.8469476479295
2019-02-20,1468.8602573696605
2019-02-21,1468.140643527189
2019-02-22,1458.6579330046154
2019-02-24,1455.5217407247121
2019-02-25,1461.2774228444111
2019-02-26,1464.2041045686276
2019-02-27,1457.5133562368476
2019-02-28,1443.1266282286165
2019-03-01,1443.1266282286165
2019-03-03,1440.9713078188918
2019-03-04,1448.4617307992712
2019-03-05,1446.4053937638787
2019-03-06,1441.134528194809
2019-03-07,1445.5658037777823
2019-03-08,1446.8296069187347
2019-03-10,1448.3068568558513
2019-03-11,1451.3381245036223
2019-03-12,1440.6306299491403
2019-03-13,1441.4704100836677
2019-03-14,1438.0201135858204
2019-03-15,1437.7567148036114
2019-03-17,1436.4741391215794
2019-03-18,1429.8242018932312
2019-03-19,1434.4663477538138
2019-03-20,1428.8074319156506
2019-03-21,1438.5479199074423
2019-03-22,1432.9728703629073
2019-03-24,1432.6768921285288
2019-03-25,1426.8435211001697
2019-03-26,1418.8823507432467
2019-03-27,1415.883139305353
2019-03-28,1424.11370512899
2019-03-29,1419.5007709189367
2019-03-31,1418.653001327212
2019-04-01,1418.653001327212
2019-04-02,1417.5501144120235
2019-04-03,1410.048872378177
2019-04-04,1409.2192791862637
2019-04-05,1413.0736855697457
2019-04-07,1408.4591333154256
2019-04-08,1411.8614720503438
2019-04-09,1408.5287466164325
2019-04-10,1414.7870035365565
2019-04-11,1416.1139004301472
2019-04-12,1411.6545572658458
2019-04-14,1408.3553507093852
2019-04-15,1408.9384796541713
2019-04-16,1411.26547415908
2019-04-17,1410.485055078644
2019-04-18,1411.9016321771876
2019-04-19,1411.7210732950928
2019-04-21,1408.3200968219712
2019-04-22,1412.00450867453
2019-04-23,1413.545592219611
2019-04-24,1418.0527274533476
2019-04-25,1416.8884125905943
2019-04-26,1427.6507563250068
2019-04-29,1423.6311946683743
2019-04-30,1424.2501489139038
2019-05-02,1424.2501489139038
2019-05-03,1432.046528053251
2019-05-05,1429.245421893139
2019-05-06,1423.9650912720099
2019-05-07,1422.973377495797
2019-05-08,1421.357261376242
2019-05-09,1416.2970172549367
2019-05-10,1411.7806640010515
2019-05-12,1411.9083236699544
2019-05-13,1395.0571620460755
2019-05-14,1389.1668510659508
2019-05-15,1386.1066216652273
2019-05-16,1389.9357956300205
2019-05-17,1384.0292610007448
2019-05-19,1382.3122493768678
2019-05-20,1379.425691367365
2019-05-21,1374.48035962997
2019-05-22,1377.9987288051316
2019-05-23,1375.51283726467
2019-05-24,1375.1637970652891
2019-05-26,1376.1618298913859
2019-05-27,1373.1428309730718
2019-05-28,1381.6102750040604
2019-05-29,1375.1651363715882
2019-05-30,1368.3259381331643
2019-05-31,1370.1731959847225
2019-06-03,1370.1731959847225
2019-06-04,1371.6997039839566
2019-06-05,1371.972423380391
2019-06-06,1375.0749885243595
2019-06-07,1370.8657950450295
2019-06-09,1372.7977629135858
2019-06-10,1371.227049981842
2019-06-11,1370.8279064670112
2019-06-12,1371.3740302067613
2019-06-13,1371.083556527295
2019-06-14,1372.5233972895956
2019-06-16,1371.454056718112
2019-06-17,1375.4252764923358
2019-06-18,1366.7060506904522
2019-06-19,1368.0790691890772
2019-06-20,1373.1784006267594
2019-06-21,1378.6986245365158
2019-06-23,1378.6359633071654
2019-06-24,1375.6808993576783
2019-06-25,1373.7166447556235
2019-06-26,1375.8792450639442
2019-06-27,1378.5051278366395
2019-06-28,1378.5378142750258
2019-07-02,1378.5378142750258
2019-07-03,1373.6140776661425
2019-07-04,1370.048534907828
2019-07-05,1371.2121928121437
2019-07-07,1371.3668927299534
2019-07-08,1373.8723763213775
2019-07-09,1370.434738264573
2019-07-10,1372.9475890313165
2019-07-11,1362.9766947391734
2019-07-12,1362.0493737152224
2019-07-14,1356.9602215554833
2019-07-15,1352.7684617786044
2019-07-16,1344.8318864280059
2019-07-17,1333.7730085226044
2019-07-18,1332.796568760566
2019-07-19,1331.9675981170956
2019-07-21,1330.6210048991254
2019-07-22,1330.8625786633736
2019-07-23,1333.32984602641
2019-07-24,1332.826428650049
2019-07-25,1329.0316311261329
2019-07-26,1325.7412146033878
2019-07-28,1323.3525159475694
2019-07-29,1317.2892159597327
2019-07-30,1313.0588042177326
2019-07-31,1310.4229708329703
2019-08-01,1310.4229708329703
2019-08-02,1307.556343291096
2019-08-04,1308.2369718556622
2019-08-05,1306.3468692665472
2019-08-06,1298.9558870057654
2019-08-07,1297.5566238646218
2019-08-08,1296.0912473990325
2019-08-09,1298.2893705551621
2019-08-12,1296.3272007073588
2019-08-13,1293.0159567590188
2019-08-14,1286.336492517659
2019-08-15,1281.1543038572183
2019-08-16,1274.3123537513698
2019-08-18,1275.2054090119577
2019-08-19,1265.9209588599867
2019-08-20,1267.5287193898814
2019-08-21,1269.4873712912174
2019-08-22,1274.26094136546
2019-08-23,1275.999456736244
2019-08-25,1275.0641312297312
2019-08-26,1273.507087812197
2019-08-27,1271.7693815856858
2019-08-28,1269.93472828813
2019-08-29,1271.764097060339
2019-08-30,1273.451416594172
2019-09-02,1273.451416594172
2019-09-03,1271.2759832010374
2019-09-04,1267.5549137178925
2019-09-05,1274.78212583142
2019-09-06,1271.1016008392369
2019-09-08,1271.605181681979
2019-09-09,1270.7590511901105
2019-09-10,1273.4389732486998
2019-09-11,1275.662721116103
2019-09-12,1280.7700444082461
2019-09-13,1291.6984343892277
2019-09-15,1289.7645490441766
2019-09-16,1299.0103141232387
2019-09-17,1285.5200530226107
2019-09-18,1284.6082006131282
2019-09-19,1281.960805979361
2019-09-20,1281.247053841647
2019-09-22,1270.2330864275414
2019-09-23,1261.9800348767192
2019-09-24,1249.6627014810713
2019-09-25,1250.9118297077628
2019-09-26,1249.4834806010533
2019-09-27,1253.1902201632345
2019-09-29,1260.978593409706
2019-09-30,1264.7567655157977
2019-10-01,1264.7567655157977
2019-10-02,1264.8040412879225
2019-10-03,1268.3880801029518
2019-10-04,1265.1537593291837
2019-10-07,1264.6278156838232
2019-10-08,1258.6888469074172
2019-10-09,1251.4599228557336
2019-10-10,1247.7826343421157
2019-10-11,1254.060054782835
2019-10-13,1254.7022126096508
2019-10-14,1252.4640312456108
2019-10-15,1249.031725224917
2019-10-16,1250.4931508320644
2019-10-17,1251.8389719773259
2019-10-18,1253.3019675541786
2019-10-20,1253.5937196942757
2019-10-21,1252.7438811830511
2019-10-22,1254.5613348286226
2019-10-23,1261.9781024554347
2019-10-24,1258.473671310365
2019-10-25,1266.873378483675
2019-10-27,1268.2428935970659
2019-10-28,1271.862825265831
2019-10-29,1270.8815342952862
2019-10-30,1279.3432818302274
2019-10-31,1287.0866973255577
2019-11-01,1287.0866973255577
2019-11-04,1282.7294352154684
2019-11-05,1283.2541760694714
2019-11-06,1275.9694019152132
2019-11-07,1275.88906524057
2019-11-08,1267.947129707319
2019-11-11,1266.4690180646958
2019-11-12,1268.0066899361611
2019-11-13,1265.4369137934368
2019-11-14,1276.3496482112073
2019-11-15,1280.95802421184
2019-11-17,1280.6002004674021
2019-11-18,1277.0940801581592
2019-11-19,1276.0018169977413
2019-11-20,1281.571444571703
2019-11-21,1288.3649037797504
2019-11-22,1290.7548119567123
2019-11-24,1289.4702088130614
2019-11-25,1292.259513617607
2019-11-26,1291.0390827067238
2019-11-27,1291.7635436953954
2019-11-28,1293.822169326728
2019-11-29,1293.8578894145517
2019-12-02,1293.8578894145517
2019-12-03,1292.3127005536517
2019-12-04,1297.1951241745041
2019-12-05,1290.1747140249117
2019-12-06,1293.5694980693165
2019-12-08,1292.2341986254874
2019-12-09,1284.6126606535283
2019-12-10,1290.7699289681461
2019-12-11,1290.83877654045
2019-12-12,1294.3124048792247
2019-12-13,1297.0674141345787
2019-12-15,1297.940539539133
2019-12-16,1298.6023511634764
2019-12-17,1309.6916740145457
2019-12-18,1308.9385717252499
2019-12-19,1312.1324970013827
2019-12-20,1306.5230251077724
2019-12-22,1307.6542568705509
2019-12-23,1313.6207147772247
2019-12-24,1317.350786995819
2019-12-25,1316.799745554031
2019-12-26,1317.4269705487086
2019-12-27,1321.8060332899797
2019-12-29,1321.4463701887612
2019-12-30,1328.5690961280302
2019-12-31,1333.8809561366768
2020-01-02,1333.8809561366768
2020-01-03,1331.7829147484201
2020-01-05,1323.001493307889
2020-01-06,1328.1271727600238
2020-01-07,1327.2043519082074
2020-01-08,1345.1052887138574
2020-01-09,1359.4882980269822
2020-01-10,1360.523033026691
2020-01-12,1361.74543731577
2020-01-13,1357.9038030010433
2020-01-14,1356.2122082197955
2020-01-15,1351.4122569565734
2020-01-16,1357.0256211397852
2020-01-17,1358.2806919514546
2020-01-19,1357.0139591516702
2020-01-20,1363.4075763983894
2020-01-21,1364.1716784592472
2020-01-22,1368.2445668601033
2020-01-23,1373.6281691450547
2020-01-24,1374.3779334537103
2020-01-26,1373.8628729692118
2020-01-27,1369.7992189739455
2020-01-28,1364.7591560983149
2020-01-29,1368.7820766727734
2020-01-30,1365.5315313936258
2020-01-31,1364.490255401099
2020-02-03,1364.490255401099
2020-02-04,1354.0531307369354
2020-02-05,1358.1814339973146
2020-02-06,1366.4058832996616
2020-02-07,1360.2517727638156
2020-02-09,1361.6823885608235
2020-02-10,1358.568616541982
2020-02-11,1359.6898458043534
2020-02-12,1351.3622908231316
2020-02-13,1359.7688973757836
2020-02-14,1362.0313564166952
2020-02-16,1356.355328701623
2020-02-17,1362.409465503617
2020-02-18,1358.267622876679
2020-02-19,1351.215260385424
2020-02-20,1352.6781881095399
2020-02-21,1358.0077011604915
2020-02-23,1357.8081274055614
2020-02-24,1325.3315543816757
2020-02-25,1319.6694401056925
2020-02-26,1309.1087600737567
2020-02-27,1303.959017345271
2020-02-28,1283.3728123218764
2020-03-02,1283.3728123218764
2020-03-03,1288.3894160079055
2020-03-04,1287.1647159238087
2020-03-05,1292.694300965493
2020-03-06,1284.182017725078
2020-03-08,1272.6289121614122
2020-03-09,1225.018606964622
2020-03-10,1213.7259864881207
2020-03-11,1217.5983843517251
2020-03-12,1178.2512683694838
2020-03-13,1160.6943043792369
2020-03-15,1141.4409278859562
2020-03-16,1106.2164305800793
2020-03-17,1081.0606763903957
2020-03-18,1054.908525634526
2020-03-19,1048.2876239825011
2020-03-20,1066.1476553083567
2020-03-22,1078.2365036030892
2020-03-23,1069.2021294937845
2020-03-24,1062.77895732628
2020-03-25,1076.2349140418257
2020-03-26,1092.2176256309626
2020-03-27,1098.7173892867127
2020-03-29,1099.4288888677943
2020-03-30,1094.9226153680709
2020-03-31,1104.1990847792692
2020-04-01,1104.1990847792692
2020-04-02,1099.1904740098867
2020-04-03,1099.9055490044602
2020-04-05,1096.2596643915979
2020-04-06,1105.6897202224516
2020-04-07,1112.8677224699973
2020-04-08,1123.9792629118226
2020-04-09,1140.7674181466864
2020-04-10,1145.5871147365222
2020-04-12,1143.368859741586
2020-04-13,1145.3892001855977
2020-04-14,1154.2925626441333
2020-04-15,1156.45345847129
2020-04-16,1150.7083063403475
2020-04-17,1154.8242962577187
2020-04-20,1158.9631050477008
2020-04-21,1148.1616199919158
2020-04-22,1149.5581150072512
2020-04-23,1161.85042065576
2020-04-24,1159.865171782297
2020-04-26,1164.4781989138712
2020-04-27,1165.5167554155182
2020-04-28,1162.2263094475331
2020-04-29,1169.420446844329
2020-04-30,1169.3253946868858
2020-05-03,1169.3253946868858
2020-05-04,1171.545787353746
2020-05-05,1182.5749839962314
2020-05-06,1197.8232078155763
2020-05-07,1190.2921941565205
2020-05-08,1188.6841108123506
2020-05-10,1182.836887513908
2020-05-11,1176.2295331329804
2020-05-12,1185.1124303786885
2020-05-13,1183.8293210625118
2020-05-14,1180.6914674656332
2020-05-15,1185.5791592470755
2020-05-17,1184.9524398286237
2020-05-18,1191.7490314355227
2020-05-19,1213.3389432164527
2020-05-20,1219.8019888153897
2020-05-21,1220.4279214073772
2020-05-22,1224.0290843331197
2020-05-25,1225.58375124409
2020-05-26,1233.6189696538227
2020-05-27,1245.0510368834814
2020-05-28,1246.7690347765608
2020-05-29,1264.1304751859273
2020-05-31,1267.456454328138
2020-06-01,1267.456454328138
2020-06-02,1289.9879093379052
2020-06-03,1307.3701970802008
2020-06-04,1309.539484989982
2020-06-05,1306.5277862539124
2020-06-07,1311.221437774753
2020-06-08,1317.4105774546501
2020-06-09,1317.4484392841675
2020-06-10,1310.3811801545285
2020-06-11,1301.2464030092256
2020-06-12,1303.695787463854
2020-06-14,1303.270479393184
2020-06-15,1300.400960256978
2020-06-16,1303.4089186706879
2020-06-17,1305.926676535997
2020-06-18,1302.3059793758468
2020-06-19,1302.7928696193492
2020-06-21,1304.6925043538272
2020-06-22,1307.3652196250632
2020-06-23,1303.810360290739
2020-06-24,1309.4898413016404
2020-06-25,1306.9295276027729
2020-06-26,1301.276345133293
2020-06-28,1299.8552456681525
2020-06-29,1295.6746231668153
2020-06-30,1292.8414317583197
2020-07-01,1292.8414317583197
2020-07-02,1285.330727240857
2020-07-03,1284.2519359467615
2020-07-05,1289.1666335822626
2020-07-06,1292.3563827078112
2020-07-07,1282.8803701937206
2020-07-08,1288.4641914687047
2020-07-09,1289.783481680629
2020-07-10,1284.332903114053
2020-07-12,1288.4320120478483
2020-07-13,1291.229398652913
2020-07-14,1286.3487265225247
2020-07-15,1280.1393053502502
2020-07-16,1284.484856128607
2020-07-17,1284.9800577488697
2020-07-19,1284.2469316166214
2020-07-20,1287.331344682056
2020-07-21,1290.0150179196182
2020-07-22,1291.4317111238024
2020-07-23,1294.6238660866204
2020-07-24,1296.0075160576155
2020-07-26,1296.9681311640927
2020-07-27,1295.6262831383003
2020-07-28,1301.8722960995842
2020-07-29,1301.6704541060844
2020-07-30,1299.697999272053
2020-07-31,1298.2680950544163
2020-08-03,1298.2680950544163
2020-08-04,1300.6395124979808
2020-08-05,1298.7260712531086
2020-08-06,1300.0048319980142
2020-08-07,1297.275312372123
2020-08-09,1298.8386269268522
2020-08-10,1301.3810055649103
2020-08-11,1304.0170612039774
2020-08-12,1313.127022303805
2020-08-13,1315.9580116222742
2020-08-14,1307.8621688107464
2020-08-16,1310.5442363408813
2020-08-17,1307.0371126760585
2020-08-18,1300.0980871245558
2020-08-19,1305.7083763121275
2020-08-20,1306.916237281951
2020-08-21,1314.9462812799773
2020-08-23,1319.2066526531999
2020-08-24,1328.1088870075694
2020-08-25,1330.18599845529
2020-08-26,1327.9249406084577
2020-08-27,1335.889861587694
2020-08-28,1338.9486300987535
2020-08-30,1342.3099634087157
2020-08-31,1347.3517966918896
2020-09-01,1347.3517966918896
2020-09-02,1344.1112704386692
2020-09-03,1343.3120714957304
2020-09-04,1344.0202413326708
2020-09-06,1341.534863259881
2020-09-07,1343.497822431029
2020-09-08,1339.761651898171
2020-09-09,1342.080749040839
2020-09-10,1353.8943738457313
2020-09-11,1349.0496437307213
2020-09-13,1348.8101008512206
2020-09-14,1342.8931778814765
2020-09-15,1336.8746098521904
2020-09-16,1335.302457200417
2020-09-17,1329.3218269955496
2020-09-18,1334.787947420902
2020-09-20,1335.1623066022892
2020-09-21,1327.841847131604
2020-09-22,1330.958056873322
2020-09-23,1332.9760225308933
2020-09-24,1330.5481051082609
2020-09-25,1331.6764006791936
2020-09-27,1330.516020085792
2020-09-28,1340.7109501138636
2020-09-29,1348.9010507059327
2020-09-30,1357.3137738917328
2020-10-01,1357.3137738917328
2020-10-02,1364.2347828979991
2020-10-04,1367.9273850464024
2020-10-05,1371.1252404107274
2020-10-06,1387.203970318551
2020-10-07,1385.650012477197
2020-10-08,1392.32227975002
2020-10-09,1397.4221342010096
2020-10-11,1396.4681434750783
2020-10-12,1393.4455373269489
2020-10-13,1393.709929584973
2020-10-14,1401.6850421345773
2020-10-15,1406.1199499017305
2020-10-16,1423.1179820745233
2020-10-18,1421.764816081909
2020-10-19,1425.7764523695905
2020-10-20,1427.2359320738208
2020-10-21,1425.5581840774328
2020-10-22,1419.2018449989046
2020-10-23,1426.962669655923
2020-10-25,1425.2075408589399
2020-10-26,1419.1283137597088
2020-10-27,1424.4392361251257
2020-10-28,1432.0337433961179
2020-10-29,1427.7916089239818
2020-10-30,1439.1847064708088
2020-11-02,1439.1847064708088
2020-11-03,1440.5232791183064
2020-11-04,1444.88106390915
2020-11-05,1444.8098956439514
2020-11-06,1456.5812012560534
2020-11-08,1457.6067302455278
2020-11-09,1474.7228373342375
2020-11-10,1493.4635663851814
2020-11-11,1512.3109454256985
2020-11-12,1536.5354904586488
2020-11-13,1529.3148335472174
2020-11-15,1528.378181122593
2020-11-16,1520.7289452862037
2020-11-17,1525.6726396898164
2020-11-18,1538.3302012556267
2020-11-19,1540.3094976779105
2020-11-20,1540.9183859433579
2020-11-22,1538.9881778055121
2020-11-23,1527.0382572469166
2020-11-24,1527.0832051559084
2020-11-25,1537.6463266382552
2020-11-26,1542.2910915202801
2020-11-27,1535.755052566773
2020-11-29,1538.5140205400044
2020-11-30,1533.0547063037534
2020-12-01,1533.0547063037534
2020-12-02,1537.8207089651823
2020-12-03,1544.4720259543808
2020-12-04,1547.3426326524643
2020-12-06,1553.9396947142302
2020-12-07,1562.0695714450774
2020-12-08,1568.606176217583
2020-12-09,1567.6111740369658
2020-12-10,1567.5152861390013
2020-12-11,1584.9114807589863
2020-12-13,1587.5172109351367
2020-12-14,1581.097429081894
2020-12-15,1576.649057628082
2020-12-16,1585.2680155329344
2020-12-17,1598.3003993446414
2020-12-18,1599.4212259282615
2020-12-20,1605.6922838672297
2020-12-21,1586.9249762993722
2020-12-22,1595.8519827168827
2020-12-23,1606.6304723946912
2020-12-24,1619.2277981142624
2020-12-25,1617.7405884655395
2020-12-27,1613.4448484542868
2020-12-28,1624.1840070260032
2020-12-29,1638.8642375068277
2020-12-30,1654.7787073182487
2020-12-31,1667.6539697222208
2021-01-03,1667.6539697222208
2021-01-04,1677.1771157585079
2021-01-05,1663.4755840315465
2021-01-06,1646.0109105015774
2021-01-07,1647.7558438872825
2021-01-08,1647.4692464391078
2021-01-10,1648.200395107312
2021-01-11,1650.0034122728723
2021-01-12,1662.2668112125798
2021-01-13,1668.4818475336758
2021-01-14,1696.2409094217774
2021-01-15,1704.084101687821
2021-01-17,1707.5008443847319
2021-01-18,1716.70778304655
2021-01-19,1718.315241644172
2021-01-20,1730.1601923373323
2021-01-21,1723.4202929218386
2021-01-22,1723.9182007774837
2021-01-24,1723.6193060876392
2021-01-25,1743.2298061728236
2021-01-26,1754.2445339489213
2021-01-27,1750.5629388377713
2021-01-28,1761.3185901903546
2021-01-29,1759.34660629075
2021-01-31,1761.4644276545212
2021-02-01,1761.4644276545212
2021-02-02,1753.4791866824105
2021-02-03,1768.2401936493766
2021-02-04,1778.237849343224
2021-02-05,1778.977033490306
2021-02-07,1781.3059490708567
2021-02-08,1784.5055324720781
2021-02-09,1773.247298054748
2021-02-10,1760.5787761005222
2021-02-11,1751.846235196285
2021-02-12,1759.3538812708669
2021-02-14,1758.1954307222363
2021-02-15,1758.1790283273458
2021-02-16,1763.892544495406
2021-02-17,1765.832557436395
2021-02-18,1761.9516558099542
2021-02-19,1759.5010733718327
2021-02-21,1762.9534746678423
2021-02-22,1765.8681385971174
2021-02-23,1768.4626934730813
2021-02-24,1766.6313476137977
2021-02-25,1771.9256174784935
2021-02-26,1772.8563461123513
2021-02-28,1771.399011395475
2021-03-01,1771.399011395475
2021-03-02,1780.3967463571269
2021-03-03,1783.1417200664428
2021-03-04,1771.9597169439287
2021-03-05,1770.9904167370441
2021-03-07,1784.2417433614812
2021-03-08,1797.0945854225197
2021-03-09,1795.366377585709
2021-03-10,1792.8758890285474
2021-03-11,1804.233783455089
2021-03-12,1799.1821526306046
2021-03-14,1794.1929490751627
2021-03-15,1784.9979217194152
2021-03-16,1784.4984696892714
2021-03-17,1789.6717500892094
2021-03-18,1789.3614257908705
2021-03-19,1799.4136774956776
2021-03-21,1792.5738718267971
2021-03-22,1775.4946678191016
2021-03-23,1767.5590581365652
2021-03-24,1769.3671744633275
2021-03-25,1778.4564998034382
2021-03-26,1782.1417132698962
2021-03-28,1785.5365312714193
2021-03-29,1799.5051342617824
2021-03-30,1811.6356330258386
2021-03-31,1812.8010300912918
2021-04-01,1812.8010300912918
2021-04-02,1813.340383004203
2021-04-04,1811.2569956556947
2021-04-05,1800.845080992068
2021-04-06,1798.246521504909
2021-04-07,1787.763582216973
2021-04-08,1792.0433480206907
2021-04-09,1787.4650814561383
2021-04-11,1791.986194987516
2021-04-12,1802.342097998389
2021-04-13,1803.5260353175518
2021-04-14,1785.0794153054535
2021-04-15,1782.5448174148253
2021-04-16,1780.3138098119114
2021-04-18,1781.9733138663132
2021-04-19,1791.1462900388685
2021-04-20,1809.7528941902522
2021-04-21,1818.2583069514537
2021-04-22,1815.8723563856745
2021-04-23,1825.5631447209696
2021-04-25,1829.1042095625698
2021-04-26,1834.128576080288
2021-04-27,1832.0435951696907
2021-04-28,1834.2887451004292
2021-04-29,1837.119120272618
2021-04-30,1833.7194356978296
2021-05-03,1833.7194356978296
2021-05-04,1831.6906029891072
2021-05-05,1837.2464964747046
2021-05-06,1843.2066375036104
2021-05-07,1857.5332704130124
2021-05-09,1856.302499516717
2021-05-10,1865.4475023248083
2021-05-11,1869.283621389126
2021-05-12,1870.5007947579452
2021-05-13,1875.0151072674068
2021-05-14,1895.738930391166
2021-05-17,1914.4749310895675
2021-05-18,1927.3452767345264
2021-05-19,1922.7905480778747
2021-05-20,1920.318149476428
2021-05-21,1925.468581388989
2021-05-23,1931.3728090738462
2021-05-24,1919.414637647062
2021-05-25,1906.4747881644864
2021-05-26,1914.3011483494674
2021-05-27,1913.8527111352225
2021-05-28,1921.543267758643
2021-05-30,1926.177018351917
2021-05-31,1919.914407369743
2021-06-01,1919.914407369743
2021-06-02,1927.7496573709077
2021-06-03,1921.7910210112211
2021-06-04,1924.006223544573
2021-06-06,1928.1567110639894
2021-06-07,1925.0031935313
2021-06-08,1920.2941782189828
2021-06-09,1937.545378361433
2021-06-10,1932.4497788258707
2021-06-11,1937.1885241085045
2021-06-13,1935.635475445872
2021-06-14,1941.9980061892281
2021-06-15,1933.3757035734436
2021-06-16,1930.51681558126
2021-06-17,1931.5166513733398
2021-06-18,1930.7423541804565
2021-06-20,1931.076782219401
2021-06-21,1937.5621587612818
2021-06-22,1933.0908433185432
2021-06-23,1935.4217577423767
2021-06-24,1942.2450554533175
2021-06-25,1954.2850070938323
2021-06-27,1955.1735236399938
2021-06-28,1950.4595853486812
2021-06-29,1949.7250899951964
2021-06-30,1956.065564858785
2021-07-01,1956.065564858785
2021-07-02,1961.2405688474325
2021-07-04,1961.624152854785
2021-07-05,1960.7854424894717
2021-07-06,1956.223837583384
2021-07-07,1967.4368750871176
2021-07-08,1961.9657879963806
2021-07-09,1963.4936400171537
2021-07-11,1961.4442827477344
2021-07-12,1966.9042869799644
2021-07-13,1975.586471095627
2021-07-14,1985.2150376198663
2021-07-15,2004.8198514841506
2021-07-16,2006.821264666558
2021-07-18,2012.3118453791494
2021-07-19,2014.7421951352098
2021-07-20,2010.7660870553245
2021-07-21,2015.2804150785823
2021-07-22,2021.4161659556305
2021-07-23,2032.7432876163175
2021-07-25,2041.5538288395276
2021-07-26,2049.4178834543227
2021-07-27,2064.713410093331
2021-07-28,2073.83382705871
2021-07-29,2073.362578144958
2021-07-30,2068.1795344759066
2021-08-03,2068.1795344759066
2021-08-04,2064.6797575945643
2021-08-05,2065.506545958643
2021-08-06,2076.647826704722
2021-08-08,2080.753741906199
2021-08-09,2082.9863625602575
2021-08-10,2080.7417456347207
2021-08-11,2093.4597383446335
2021-08-12,2093.711410408988
2021-08-13,2104.200805418422
2021-08-15,2106.9411092172213
2021-08-16,2109.4554011991545
2021-08-17,2121.3068031412813
2021-08-18,2128.2293099557405
2021-08-19,2120.9735941153485
2021-08-20,2122.2633843353296
2021-08-22,2122.6815723948357
2021-08-23,2129.943789389875
2021-08-24,2137.153972493564
2021-08-25,2156.808094660818
2021-08-26,2174.494828801564
2021-08-27,2177.7624843830895
2021-08-29,2178.4474983494156
2021-08-30,2197.7622104883476
2021-08-31,2195.4342643662626
2021-09-01,2195.4342643662626
2021-09-02,2197.1956687640877
2021-09-03,2201.8675627434736
2021-09-05,2190.9704631290874
2021-09-06,2177.1119990288425
2021-09-07,2190.949452915777
2021-09-08,2189.61966167807
2021-09-09,2195.100659722697
2021-09-10,2195.4436545760004
2021-09-12,2199.0393872905856
2021-09-13,2207.746566046412
2021-09-14,2212.816536601058
2021-09-15,2214.4783310108237
2021-09-16,2201.9381959191787
2021-09-17,2202.02101267067
2021-09-19,2199.5145269891764
2021-09-20,2193.8642492106
2021-09-21,2190.7864152809225
2021-09-22,2211.4159012869823
2021-09-23,2222.7676894911506
2021-09-24,2253.0549030518423
2021-09-26,2253.543791368857
2021-09-27,2265.7115189243436
2021-09-28,2285.7561619957855
2021-09-29,2284.2105169602673
2021-09-30,2292.3959271070457
2021-10-01,2292.3959271070457
2021-10-03,2290.1713679361333
2021-10-04,2288.451754897415
2021-10-05,2301.349029721039
2021-10-06,2312.875480257335
2021-10-07,2317.648144799461
2021-10-08,2317.768688588788
2021-10-10,2317.6217469901244
2021-10-11,2330.365105131104
2021-10-12,2330.76319692155
2021-10-13,2337.9109402999024
2021-10-14,2344.8758959596003
2021-10-15,2365.4451881041064
2021-10-17,2366.584801023389
2021-10-18,2364.9020734427418
2021-10-19,2379.494088253117
2021-10-20,2389.1373036664177
2021-10-21,2407.2015577820243
2021-10-22,2407.3679326289434
2021-10-24,2402.840080044583
2021-10-25,2398.0508097264533
2021-10-26,2396.3077825268197
2021-10-27,2396.355862300064
2021-10-28,2399.018128120692
2021-10-29,2423.543665071937
2021-10-31,2420.1864469852785
2021-11-01,2420.1864469852785
2021-11-02,2414.5944811846934
2021-11-03,2412.2299509980708
2021-11-04,2405.6102730868447
2021-11-05,2411.472917850743
2021-11-07,2411.44870560594
2021-11-08,2416.8367367166043
2021-11-09,2409.0098337030577
2021-11-10,2409.5740693679522
2021-11-11,2411.9701841092374
2021-11-12,2404.313175480813
2021-11-14,2400.9171300312664
2021-11-15,2392.949138528832
2021-11-16,2396.233373555826
2021-11-17,2387.102457077612
2021-11-18,2395.7993586005327
2021-11-19,2378.0903834215683
2021-11-21,2368.810003781932
2021-11-22,2366.4684658959136
2021-11-23,2357.559704548002
2021-11-24,2337.266502709907
2021-11-25,2342.4232543496323
2021-11-26,2337.245394545383
2021-11-28,2328.747571136933
2021-11-29,2326.2387318184838
2021-11-30,2325.7040056074916
2021-12-01,2325.7040056074916
2021-12-02,2313.5214898250542
2021-12-03,2315.7397897259593
2021-12-05,2323.9598088922453
2021-12-06,2321.1135054174506
2021-12-07,2327.138806357801
2021-12-08,2332.1973870249863
2021-12-09,2338.79938178335
2021-12-10,2337.135958889344
2021-12-12,2341.3075947521966
2021-12-13,2339.4733199262114
2021-12-14,2340.4323831257784
2021-12-15,2346.033355076845
2021-12-16,2344.5240061780796
2021-12-17,2333.93808951479
2021-12-19,2331.841988454987
2021-12-20,2334.366934008281
2021-12-21,2322.3714929673024
2021-12-22,2331.2361703286592
2021-12-23,2342.81608026499
2021-12-24,2338.0011473960676
2021-12-26,2339.221980028989
2021-12-27,2333.9544834452413
2021-12-28,2343.1538386038337
2021-12-29,2352.8978387733655
2021-12-30,2366.272947960309
2021-12-31,2361.4026283905782
2022-01-03,2361.4026283905782
2022-01-04,2372.876289427501
2022-01-05,2390.5247035776547
2022-01-06,2391.6218668190772
2022-01-07,2403.6957315113714
2022-01-09,2402.3954917920205
2022-01-10,2405.0684868806557
2022-01-11,2396.92096939324
2022-01-12,2420.1809273899817
2022-01-13,2429.535256055171
2022-01-14,2451.6413415846996
2022-01-16,2445.4169980896363
2022-01-17,2437.805672692948
2022-01-18,2440.5975163409494
2022-01-19,2434.461552982788
2022-01-20,2439.6269075046685
2022-01-21,2450.3216886761593
2022-01-23,2444.912849203913
2022-01-24,2428.620010605863
2022-01-25,2415.3644655240696
2022-01-26,2434.645539844549
2022-01-27,2434.993521554741
2022-01-28,2451.1428902175157
2022-01-30,2433.1710071497464
2022-01-31,2463.1559049347707
2022-02-01,2463.1559049347707
2022-02-02,2470.7988109966586
2022-02-03,2472.453821282403
2022-02-04,2481.8946971457726
2022-02-06,2483.4759194428025
2022-02-07,2480.4820864892727
2022-02-08,2488.482816037606
2022-02-09,2491.9105535730773
2022-02-10,2493.122724561699
2022-02-11,2517.24371316955
2022-02-13,2501.5209471253097
2022-02-14,2484.218636272337
2022-02-15,2490.743214202841
2022-02-16,2495.892818117767
2022-02-17,2516.0883407283754
2022-02-18,2528.208887683751
2022-02-20,2513.7831610146914
2022-02-21,2511.9491539871797
2022-02-22,2503.2717886502264
2022-02-23,2499.269193630811
2022-02-24,2444.2191266796663
2022-02-25,2443.8172596111854
2022-02-27,2471.9289206990347
2022-02-28,2486.833277939896
2022-03-01,2486.833277939896
2022-03-02,2467.463322842842
2022-03-03,2471.047306868599
2022-03-04,2456.861621388264
2022-03-06,2453.3690682697975
2022-03-07,2429.417505000979
2022-03-08,2430.115473332825
2022-03-09,2450.2272149993423
2022-03-10,2433.3369326022635
2022-03-11,2439.8489750775325
2022-03-13,2433.190418780651
2022-03-14,2421.975640550772
2022-03-15,2407.9906816900407
2022-03-16,2444.9496948297738
2022-03-17,2458.293856830904
2022-03-18,2475.3906512958865
2022-03-20,2490.300162524137
2022-03-21,2517.1148372611524
2022-03-22,2515.071306481501
2022-03-23,2489.84985553872
2022-03-24,2493.1050489593094
2022-03-25,2500.984351764441
2022-03-27,2499.447094621538
2022-03-28,2495.25692970892
2022-03-29,2512.4996528287406
2022-03-30,2526.378819527457
2022-03-31,2516.589598178806
2022-04-01,2516.589598178806
2022-04-03,2523.4394124036694
2022-04-04,2528.42735128091
2022-04-05,2529.478182938961
2022-04-06,2523.76342292709
2022-04-07,2517.2082181863625
2022-04-08,2531.3536237896333
2022-04-10,2519.537048302534
2022-04-11,2523.826410327173
2022-04-12,2569.321000238549
2022-04-13,2588.133389160557
2022-04-14,2579.1939565550897
2022-04-15,2580.475217039462
2022-04-17,2569.0476594305774
2022-04-18,2574.8810835321797
2022-04-19,2595.9701681160664
2022-04-20,2598.2144389571354
2022-04-21,2609.2393421353
2022-04-22,2620.6380670885746
2022-04-25,2623.055205749735
2022-04-26,2644.8843923532663
2022-04-27,2662.589123368201
2022-04-28,2696.147196760588
2022-04-29,2728.3225812491473
2022-05-04,2728.3225812491473
2022-05-05,2753.230855279842
2022-05-06,2761.696867781584
2022-05-09,2785.79549391724
2022-05-10,2773.403163242236
2022-05-11,2773.4585027404664
2022-05-12,2761.5297673913324
2022-05-13,2757.278222497497
2022-05-15,2754.897252007015
2022-05-16,2749.1800081201436
2022-05-17,2741.479882201795
2022-05-18,2726.314755119482
2022-05-19,2704.102853397999
2022-05-20,2711.501567309121
2022-05-22,2711.145813600947
2022-05-23,2710.2799411554333
2022-05-24,2678.5890485595937
2022-05-25,2651.5386023382343
2022-05-26,2660.583841486078
2022-05-27,2672.12046647914
2022-05-29,2669.7876678724933
2022-05-30,2673.967210307547
2022-05-31,2691.4419553867315
2022-06-01,2691.4419553867315
2022-06-02,2698.6982539020582
2022-06-03,2708.826406411146
2022-06-05,2714.2637887621536
2022-06-06,2717.756567640663
2022-06-07,2734.4348384205405
2022-06-08,2754.5764876739495
2022-06-09,2751.807397186425
2022-06-10,2754.372647039323
2022-06-12,2745.4490632661573
2022-06-13,2733.5889880874574
2022-06-14,2714.2206503790853
2022-06-15,2718.158190413662
2022-06-16,2706.657042645282
2022-06-17,2685.163638880822
2022-06-19,2676.747753871045
2022-06-20,2680.9006732916337
2022-06-21,2669.621464632887
2022-06-22,2667.9531843654877
2022-06-23,2653.153666339402
2022-06-24,2660.829479452658
2022-06-26,2654.8377535890704
2022-06-27,2640.301589625565
2022-06-28,2633.228556325713
2022-06-29,2641.8844809846955
2022-06-30,2636.9271427209433
2022-07-01,2636.9271427209433
2022-07-04,2615.5867646838715
2022-07-05,2613.096137474735
2022-07-06,2617.0267720557576
2022-07-07,2639.596853389764
2022-07-08,2647.9097799362157
2022-07-11,2645.043305214618
2022-07-12,2654.4938330643326
2022-07-13,2649.7473307039886
2022-07-14,2642.9557853707306
2022-07-15,2649.3843980394818
2022-07-17,2646.2660894080377
2022-07-18,2663.1567948933002
2022-07-19,2673.5791259885104
2022-07-20,2673.7876864199834
2022-07-21,2692.1376582534544
2022-07-22,2691.353572681379
2022-07-24,2694.89787531955
2022-07-25,2693.139054557886
2022-07-26,2678.3416049686184
2022-07-27,2653.796770612573
2022-07-28,2645.438917976275
2022-07-29,2648.191290208569
2022-07-31,2650.8073864053017
2022-08-01,2650.8073864053017
2022-08-02,2661.416895605898
2022-08-03,2681.746132539274
2022-08-04,2709.3455471240477
2022-08-05,2716.503647648606
2022-08-07,2728.019206223659
2022-08-08,2738.921518237196
2022-08-09,2742.837774981962
2022-08-10,2747.9456191655245
2022-08-11,2755.277148075165
2022-08-12,2757.0145432427885
2022-08-14,2769.115763416401
2022-08-15,2755.9361113101027
2022-08-16,2753.627750744311
2022-08-17,2764.9839206420866
2022-08-18,2753.1732817302113
2022-08-19,2752.635897887571
2022-08-21,2763.236566561922
2022-08-22,2757.3546708212502
2022-08-23,2749.949091581321
2022-08-24,2757.117629393779
2022-08-25,2772.5097071491687
2022-08-26,2783.2511176638586
2022-08-28,2796.6096528736084
2022-08-29,2787.079172144707
2022-08-30,2780.84707684076
2022-08-31,2786.247376390466
2022-09-01,2786.247376390466
2022-09-02,2793.6731311663093
2022-09-04,2797.5052321669505
2022-09-05,2798.4363999447783
2022-09-06,2830.102452409965
2022-09-07,2813.234296243119
2022-09-08,2815.7775443013425
2022-09-09,2807.1673364029384
2022-09-11,2813.6750498296506
2022-09-12,2816.8944241334307
2022-09-13,2814.5343824221623
2022-09-14,2807.4709025075686
2022-09-15,2799.4443553387796
2022-09-16,2802.718934421726
2022-09-18,2785.2019614433248
2022-09-19,2797.3523557815893
2022-09-20,2785.353721534294
2022-09-21,2775.9148889395806
2022-09-22,2772.302817870419
2022-09-23,2764.5916267481157
2022-09-25,2765.4196596778697
2022-09-26,2769.078093697844
2022-09-27,2775.040118520561
2022-09-28,2768.711130363957
2022-09-29,2753.8680390334157
2022-09-30,2760.07727724987
2022-10-03,2760.07727724987
2022-10-04,2746.1223659187526
2022-10-05,2746.649129245886
2022-10-06,2747.543209403438
2022-10-07,2750.0621712438297
2022-10-09,2746.788412558183
2022-10-10,2752.452211524501
2022-10-11,2740.9722173998503
2022-10-12,2728.3359889659564
2022-10-13,2723.8887468146586
2022-10-14,2718.081042215417
2022-10-16,2721.39174719156
2022-10-17,2728.0267216424704
2022-10-18,2721.1378273958035
2022-10-19,2725.6187612732324
2022-10-20,2724.5290522043715
2022-10-21,2716.544988799848
2022-10-23,2714.7798267604335
2022-10-24,2696.5867928947173
2022-10-25,2711.043873881267
2022-10-26,2704.1291028288247
2022-10-27,2719.412475338601
2022-10-28,2721.7891770914525
2022-10-30,2717.084504961756
2022-10-31,2713.650412416944
2022-11-01,2713.650412416944
2022-11-02,2710.865079984837
2022-11-03,2698.5552265933666
2022-11-04,2695.5671733845656
2022-11-06,2693.4132745769066
2022-11-07,2700.1764001003303
2022-11-08,2691.4179326666426
2022-11-09,2680.7707954712096
2022-11-10,2664.383488636824
2022-11-11,2670.128843569589
2022-11-13,2677.5430465159056
2022-11-14,2691.167221779124
2022-11-15,2694.915937139052
2022-11-16,2699.7151971856583
2022-11-17,2718.4286697663388
2022-11-18,2737.3085200457454
2022-11-20,2737.071849800384
2022-11-21,2738.4241521814088
2022-11-22,2741.6041638330535
2022-11-23,2760.514188723139
2022-11-24,2752.3217369512604
2022-11-25,2750.278383175214
2022-11-27,2755.288903656761
2022-11-28,2746.0531425229756
2022-11-29,2754.993797958493
2022-11-30,2760.0270795571805
2022-12-01,2760.0270795571805
2022-12-02,2762.267150570055
2022-12-04,2768.0874104136856
2022-12-05,2789.9906414926463
2022-12-06,2811.7202182886704
2022-12-07,2825.7073934894083
2022-12-08,2817.660274629127
2022-12-09,2824.3992663771037
2022-12-11,2824.13227224383
2022-12-12,2846.279256612714
2022-12-13,2855.083886072866
2022-12-14,2864.0625159273086
2022-12-15,2858.558486586725
2022-12-16,2844.0049137758456
2022-12-18,2843.307088609413
2022-12-19,2843.2271207605777
2022-12-20,2851.3525595237797
2022-12-21,2851.8806839132744
2022-12-22,2852.0956274032874
2022-12-23,2864.748687187405
2022-12-25,2857.144936768638
2022-12-26,2866.3904606330134
2022-12-27,2865.3536165686337
2022-12-28,2897.681466165104
2022-12-29,2899.2857970380232
2022-12-30,2921.170844340467
2023-01-03,2921.170844340467
2023-01-04,2922.914142876256
2023-01-05,2925.970391315284
2023-01-06,2918.7739943012643
2023-01-09,2936.981812997365
2023-01-10,2951.70214379136
2023-01-11,2949.4358177805852
2023-01-12,2962.2150736902513
2023-01-13,2985.1292333245224
2023-01-15,2985.935769229329
2023-01-16,2998.3596922481124
2023-01-17,3003.0650206356695
2023-01-18,2984.546497946241
2023-01-19,2988.8683035973554
2023-01-20,2985.159630458753
2023-01-22,2985.1741128640433
2023-01-23,2996.689390425743
2023-01-24,2995.1134771522056
2023-01-25,2990.56831645983
2023-01-26,2989.782043255082
2023-01-27,3005.301942495813
2023-01-30,3001.666918036136
2023-01-31,3007.7450215558033
2023-02-01,3007.7450215558033
2023-02-02,3023.2833202218417
2023-02-03,3043.6711216027447
2023-02-05,3042.0980749787486
2023-02-06,3056.783081686321
2023-02-07,3065.46868272027
2023-02-08,3078.7684457017176
2023-02-09,3101.637671755821
2023-02-10,3105.9938266144754
2023-02-12,3105.2695782216847
2023-02-13,3106.4643790098035
2023-02-14,3109.9099872302804
2023-02-15,3103.975712412711
2023-02-16,3102.3768881376964
2023-02-17,3102.9412346842682
2023-02-19,3101.3842423503993
2023-02-20,3087.0631328503046
2023-02-21,3078.134206985823
2023-02-22,3086.5699781940743
2023-02-23,3100.133561310551
2023-02-24,3120.671741433876
2023-02-26,3121.4532091483543
2023-02-27,3124.453471924703
2023-02-28,3162.5281535186373
2023-03-01,3162.5281535186373
2023-03-02,3154.4408910972434
2023-03-03,3162.1975473497223
2023-03-05,3162.0245516995974
2023-03-06,3175.162213802972
2023-03-07,3159.055629445411
2023-03-08,3161.4176903867833
2023-03-09,3167.9765979936383
2023-03-10,3165.80736264456
2023-03-12,3149.7048703136957
2023-03-13,3106.096336772926
2023-03-14,3103.3617924228106
2023-03-15,3037.7133590183234
2023-03-16,3038.2549895262628
2023-03-17,3036.927948650212
2023-03-19,3044.3625552343265
2023-03-20,3079.003630806026
2023-03-21,3080.9994726617424
2023-03-22,3093.249215048263
2023-03-23,3098.729866247841
2023-03-24,3091.0116044436727
2023-03-26,3111.751826550652
2023-03-27,3101.784023607722
2023-03-28,3122.4136391409197
2023-03-29,3139.241588396157
2023-03-30,3134.181432230814
2023-03-31,3126.8206154711984
2023-04-03,3126.8206154711984
2023-04-04,3134.6693765649575
2023-04-05,3124.900215041242
2023-04-06,3124.58984613405
2023-04-07,3123.687941757667
2023-04-09,3126.554527564765
2023-04-10,3129.7121835767543
2023-04-11,3116.0853501892516
2023-04-12,3121.154113572167
2023-04-13,3118.6565914947573
2023-04-14,3134.372085561219
2023-04-17,3137.2447000295215
2023-04-18,3151.327250407443
2023-04-19,3155.5048250574378
2023-04-20,3170.4027445140705
2023-04-21,3167.260551350563
2023-04-24,3169.251538924579
2023-04-25,3176.210395886774
2023-04-26,3202.974099355312
2023-04-27,3231.025026202582
2023-04-28,3242.284547813488
2023-04-30,3249.9030245546237
2023-05-02,3249.9030245546237
2023-05-03,3250.3599159524542
2023-05-04,3242.072696716192
2023-05-05,3271.776483317433
2023-05-07,3268.529780531817
2023-05-08,3302.4927273268454
2023-05-09,3290.2521524695135
2023-05-10,3294.7708685734924
2023-05-11,3298.0188125799023
2023-05-12,3308.9521693851943
2023-05-14,3314.377799843166
2023-05-15,3325.481606909116
2023-05-16,3338.4135568941497
2023-05-17,3345.7445853739237
2023-05-18,3337.44719291524
2023-05-19,3356.151497121417
2023-05-22,3389.398594279531
2023-05-23,3387.7198656746104
2023-05-24,3417.94896141129
2023-05-25,3389.723899860366
2023-05-26,3410.2279902776304
2023-05-29,3430.8775792688143
2023-05-30,3498.8448353688655
2023-05-31,3494.978126639483
2023-06-01,3494.978126639483
2023-06-02,3517.8559176534545
2023-06-04,3522.386833765304
2023-06-05,3517.444577468484
2023-06-06,3527.701847072121
2023-06-07,3552.8506993370793
2023-06-08,3560.8491156301366
2023-06-09,3574.288778533865
2023-06-11,3572.1940562577024
2023-06-12,3570.2873159315177
2023-06-13,3616.6154455701303
2023-06-14,3678.1735762072135
2023-06-15,3698.098620367393
2023-06-16,3692.9351462832633
2023-06-18,3709.309983233702
2023-06-19,3713.7493903626937
2023-06-20,3731.6541021857915
2023-06-21,3706.0521576394904
2023-06-22,3697.458715704123
2023-06-23,3724.9106732941245
2023-06-25,3721.3182481717868
2023-06-26,3747.999512395684
2023-06-27,3764.2035538461514
2023-06-28,3770.124953749435
2023-06-29,3773.7983906084173
2023-06-30,3801.9739069148404
2023-07-03,3801.9739069148404
2023-07-04,3799.6098475277217
2023-07-05,3791.7753413396968
2023-07-06,3803.264313733155
2023-07-07,3838.2715704452326
2023-07-09,3812.7239893549854
2023-07-10,3857.784587379572
2023-07-11,3859.041279206516
2023-07-12,3821.3762164057403
2023-07-13,3806.2681233334833
2023-07-14,3785.5118750096453
2023-07-16,3783.0462000833454
2023-07-17,3792.44492195466
2023-07-18,3826.9102205551203
2023-07-19,3821.6072817735567
2023-07-20,3847.719102378945
2023-07-21,3882.8135316667094
2023-07-24,3871.048012114683
2023-07-25,3867.5991190758264
2023-07-26,3879.7016400209523
2023-07-27,3882.275952035552
2023-07-28,3891.7253686041995
2023-07-30,3909.1846960546472
2023-07-31,3889.051955328441
2023-08-01,3889.051955328441
2023-08-02,3900.347834441417
2023-08-03,3901.298997502228
2023-08-04,3902.753113868969
2023-08-06,3912.0660568195726
2023-08-07,3919.8809499051613
2023-08-08,3880.8253249480063
2023-08-09,3886.193690875488
2023-08-10,3894.61013686303
2023-08-11,3906.8074883304935
2023-08-13,3909.950655669616
2023-08-14,3890.963760455286
2023-08-15,3880.0172609424867
2023-08-16,3892.3232153894733
2023-08-17,3879.4767713594633
2023-08-18,3857.191254286217
2023-08-20,3865.55217720549
2023-08-21,3883.8805194354873
2023-08-22,3902.2001447565094
2023-08-23,3897.2872940093416
2023-08-24,3894.5259624981154
2023-08-25,3899.171486851783
2023-08-27,3909.5460654434332
2023-08-28,3927.3437747820017
2023-08-29,3948.212087025793
2023-08-30,3960.036489347579
2023-08-31,3955.8364087069253
2023-09-01,3955.8364087069253
2023-09-03,3957.0787169817954
2023-09-04,3963.238551388881
2023-09-05,3969.644083137669
2023-09-06,3967.7108810203904
2023-09-07,3962.5226176093324
2023-09-08,3981.724634423818
2023-09-10,3982.7946843003174
2023-09-11,3973.4503352663764
2023-09-12,3964.8751006475327
2023-09-13,3973.127896468254
2023-09-14,3986.4883558258493
2023-09-15,3994.733139367068
2023-09-17,3993.084798033376
2023-09-18,3992.3683615754035
2023-09-19,3992.567793762237
2023-09-20,3997.7640307101915
2023-09-21,4005.7539106598706
2023-09-22,4011.6026102017577
2023-09-24,4010.40454188598
2023-09-25,4018.480913253696
2023-09-26,4015.2282228011227
2023-09-27,4006.381950245551
2023-09-28,4003.0361373309197
2023-09-29,4012.220999323513
2023-10-02,4012.220999323513
2023-10-03,3983.621858496472
2023-10-04,4011.5184945046617
2023-10-05,4040.611722983801
2023-10-06,4036.290525118016
2023-10-08,4013.732299437421
2023-10-09,4011.6028282382185
2023-10-10,4024.2480862726984
2023-10-11,4019.701869609758
2023-10-12,4048.7044422066756
2023-10-13,4036.7554824327685
2023-10-16,4044.8822844690176
2023-10-17,4067.6982033086792
2023-10-18,4075.4670912699025
2023-10-19,4045.4676392183096
2023-10-20,4032.255864034145
2023-10-22,4048.49146600887
2023-10-23,4058.656532868809
2023-10-24,4081.33069561457
2023-10-25,4105.444998156628
2023-10-26,4091.032024086507
2023-10-27,4099.609551768205
2023-10-29,4104.657691759845
2023-10-30,4101.681809691661
2023-10-31,4111.751225557385
2023-11-01,4111.751225557385
2023-11-02,4113.08506644059
2023-11-03,4119.535812218272
2023-11-05,4126.866071637006
2023-11-06,4133.002227060703
2023-11-07,4100.271074989985
2023-11-08,4100.914908082057
2023-11-09,4114.939277090349
2023-11-10,4131.211721155047
2023-11-12,4138.660873684146
2023-11-13,4140.615568393096
2023-11-14,4157.076315564503
2023-11-15,4167.976826528253
2023-11-16,4153.097921762831
2023-11-17,4170.633917826995
2023-11-19,4172.097741291904
2023-11-20,4181.824604892937
2023-11-21,4219.123524114035
2023-11-22,4242.640114152271
2023-11-23,4253.627360111956
2023-11-24,4256.349423017511
2023-11-26,4260.061572084211
2023-11-27,4251.751168124015
2023-11-28,4265.285183558888
2023-11-29,4253.5193023560505
2023-11-30,4248.604845274464
2023-12-01,4248.604845274464
2023-12-03,4244.015269859427
2023-12-04,4261.780225277174
2023-12-05,4255.8253059953
2023-12-06,4243.673706698795
2023-12-07,4248.2857814433055
2023-12-08,4256.972339283778
2023-12-10,4255.883609642238
2023-12-11,4267.027012588562
2023-12-12,4257.363502920438
2023-12-13,4254.365986721014
2023-12-14,4271.399600727331
2023-12-15,4283.230361074033
2023-12-18,4275.291877433437
2023-12-19,4279.141648275419
2023-12-20,4305.707018822807
2023-12-21,4326.864795987581
2023-12-22,4360.228337652947
2023-12-24,4355.034239713491
2023-12-25,4355.556758818708
2023-12-26,4345.30167669035
2023-12-27,4368.0899115756065
2023-12-28,4390.193599194153
2023-12-29,4448.697563447293
2023-12-31,4453.013315768233
2024-01-02,4453.013315768233
2024-01-03,4512.500091505258
2024-01-04,4519.239142812273
2024-01-05,4528.993374203726
2024-01-08,4564.901473461906
2024-01-09,4613.355852176918
2024-01-10,4579.957339086102
2024-01-11,4602.134619306819
2024-01-12,4615.816557067734
2024-01-14,4643.196682442405
2024-01-15,4670.209309523231
2024-01-16,4712.026352531188
2024-01-17,4741.020052022954
2024-01-18,4769.267358772489
2024-01-19,4794.895317797982
2024-01-21,4794.735883654145
2024-01-22,4816.630883189367
2024-01-23,4807.160340194048
2024-01-24,4820.416776213258
2024-01-25,4817.215369473313
2024-01-26,4823.819647758085
2024-01-28,4829.990855320917
2024-01-29,4814.569297013525
2024-01-30,4734.369937096109
2024-01-31,4678.358681068861
2024-02-01,4678.358681068861
2024-02-02,4726.55977023096
2024-02-04,4722.722998137847
2024-02-05,4749.29027501832
2024-02-06,4723.057985221049
2024-02-07,4720.69154821824
2024-02-08,4668.967066501464
2024-02-09,4671.107486741592
2024-02-11,4670.5210725923935
2024-02-12,4681.54327866041
2024-02-13,4676.657250066699
2024-02-14,4671.400925583386
2024-02-15,4665.210025122007
2024-02-16,4670.585038279873
2024-02-18,4672.0188797749315
2024-02-19,4665.467448412719
2024-02-20,4634.273889934303
2024-02-21,4638.648792727603
2024-02-22,4653.6976809419375
2024-02-23,4663.333402911851
2024-02-25,4651.043200022874
2024-02-26,4650.207552705683
2024-02-27,4648.02184845327
2024-02-28,4609.824433838437
2024-02-29,4597.416119743996
2024-03-01,4597.416119743996
2024-03-03,4603.590968598968
2024-03-04,4627.479047369049
2024-03-05,4572.359629430663
2024-03-06,4566.13120135222
2024-03-07,4543.715802103653
2024-03-08,4570.775279438906
2024-03-10,4578.74686914848
2024-03-11,4571.4880575933075
2024-03-12,4579.847580911993
2024-03-13,4598.590754643883
2024-03-14,4612.358117255286
2024-03-15,4689.111435797256
2024-03-17,4684.3273989110885
2024-03-18,4663.476873675821
2024-03-19,4716.396666637104
2024-03-20,4753.820292750285
2024-03-21,4755.706592354057
2024-03-22,4806.570272566816
2024-03-24,4806.4976747046585
2024-03-25,4828.399364600846
2024-03-26,4885.690500192552
2024-03-27,4903.500296686902
2024-03-28,4937.829942669879
2024-03-29,4943.1110506794685
2024-03-31,4930.104862661431
2024-04-01,4930.104862661431
2024-04-02,4926.712945473393
2024-04-03,4922.750309732441
2024-04-04,4921.316854837093
2024-04-05,4912.362680026954
2024-04-07,4909.10280268056
2024-04-08,4875.678493635351
2024-04-09,4882.873550981519
2024-04-10,4897.1545900948695
2024-04-11,4903.586804857285
2024-04-12,4865.263238800668
2024-04-15,4861.971698686103
2024-04-16,4807.602806386618
2024-04-17,4826.62440438911
2024-04-18,4822.071300315273
2024-04-19,4807.242915536895
2024-04-21,4807.806292079852
2024-04-22,4791.539063185424
2024-04-23,4774.537411382017
2024-04-24,4817.568936894267
2024-04-25,4830.924583740149
2024-04-26,4844.147971982763
2024-04-28,4829.396770198716
2024-04-29,4836.8835781167145
2024-04-30,4824.831269534087
2024-05-01,4824.831269534087
2024-05-02,4826.686688413415
2024-05-03,4866.467722087242
2024-05-06,4877.483448904233
2024-05-07,4858.061423053434
2024-05-08,4866.670643731207
2024-05-09,4875.229908680608
2024-05-10,4890.726179109473
2024-05-12,4872.520629394766
2024-05-13,4867.424810273891
2024-05-14,4864.950903878771
2024-05-15,4874.264862052151
2024-05-16,4877.151873140517
2024-05-17,4883.234038860355
2024-05-19,4893.598078225272
2024-05-20,4897.65096576084
2024-05-21,4888.488500579754
2024-05-22,4894.878286841531
2024-05-23,4890.191719440002
2024-05-24,4902.772576461337
2024-05-26,4905.38324381783
2024-05-27,4921.854792858307
2024-05-28,4944.5968359836115
2024-05-29,4961.397794719733
2024-05-30,4971.536748563991
2024-05-31,4976.085116523602
2024-06-03,4976.085116523602
2024-06-04,4968.00595092743
2024-06-05,4979.717461430115
2024-06-06,4988.335251290878
2024-06-07,4994.926828497826
2024-06-09,4977.3049994306675
2024-06-10,4986.671395221365
2024-06-11,5009.323620688016
2024-06-12,5023.9740972582595
2024-06-13,5032.745244831075
2024-06-14,5044.00691572768
2024-06-17,5036.253530735981
2024-06-18,5059.864978758225
2024-06-19,5076.416867116729
2024-06-20,5094.574295249548
2024-06-21,5096.1804753107035
2024-06-23,5134.560470400478
2024-06-24,5136.957848145182
2024-06-25,5160.103949562336
2024-06-26,5179.247242292226
2024-06-27,5189.4382668175995
2024-06-28,5207.448671357607
2024-07-02,5207.448671357607
2024-07-03,5218.511410693469
2024-07-04,5244.8932257319
2024-07-05,5251.433808841636
2024-07-07,5252.273227363413
2024-07-08,5257.537428422872
2024-07-09,5253.481289333082
2024-07-10,5278.115305162159
2024-07-11,5292.329263754846
2024-07-12,5306.803366940966
2024-07-14,5303.762743241477
2024-07-15,5298.619362257615
2024-07-16,5313.318202047355
2024-07-17,5358.891729588737
2024-07-18,5378.074877356488
2024-07-19,5376.988556440246
2024-07-21,5381.538090011669
2024-07-22,5373.556940233775
2024-07-23,5355.115799679607
2024-07-24,5362.323151760304
2024-07-25,5364.382415186476
2024-07-26,5376.5784045139735
2024-07-28,5379.115754283417
2024-07-29,5419.611383153739
2024-07-30,5441.588685681958
2024-07-31,5446.761906560112
2024-08-01,5446.761906560112
2024-08-02,5466.013395623085
2024-08-04,5455.821703461156
2024-08-05,5427.972275390981
2024-08-06,5424.567387553351
2024-08-07,5437.506746863593
2024-08-08,5467.826719113442
2024-08-09,5494.30731702035
2024-08-11,5498.362240094639
2024-08-12,5504.287394950957
2024-08-13,5514.876412541259
2024-08-14,5535.491353393279
2024-08-15,5570.819325613247
2024-08-16,5586.090014789937
2024-08-18,5580.950301063767
2024-08-19,5556.700508773564
2024-08-20,5570.716905665765
2024-08-21,5593.08107366977
2024-08-22,5605.4103770715665
2024-08-23,5651.344865015264
2024-08-25,5660.9572359483245
2024-08-26,5665.762251088367
2024-08-27,5697.237464331959
2024-08-28,5735.4747446982365
2024-08-29,5742.499818975484
2024-08-30,5739.505763873507
2024-09-02,5739.505763873507
2024-09-03,5748.195231099954
2024-09-04,5707.661988408985
2024-09-05,5719.262689273184
2024-09-06,5736.965700821082
2024-09-08,5743.443859118438
2024-09-09,5757.698433523824
2024-09-10,5767.892082660556
2024-09-11,5769.401108121134
2024-09-12,5768.605947712225
2024-09-13,5783.945708118764
2024-09-16,5777.882290773507
2024-09-17,5786.197116350588
2024-09-18,5796.927178221812
2024-09-19,5801.436163255201
2024-09-20,5841.009943712718
2024-09-22,5857.773186835196
2024-09-23,5837.794539275318
2024-09-24,5857.860979016348
2024-09-25,5892.157413410985
2024-09-26,5895.089183074574
2024-09-27,5880.091310178374
2024-09-29,5877.576915555492
2024-09-30,5822.263606683337
2024-10-01,5822.263606683337
2024-10-02,5817.341140917966
2024-10-03,5820.376537265727
2024-10-04,5841.430038612242
2024-10-07,5846.617189111665
2024-10-08,5809.862267972157
2024-10-09,5791.792430139429
2024-10-10,5845.527338465793
2024-10-11,5849.4332715637065
2024-10-13,5856.494792525298
2024-10-14,5867.862346519097
2024-10-15,5863.7598693445825
2024-10-16,5880.276076064612
2024-10-17,5945.539878643045
2024-10-18,5977.0819970518705
2024-10-20,5959.238058660758
2024-10-21,5979.304626124207
2024-10-22,5976.170492218883
2024-10-23,6006.337022193437
2024-10-24,5999.896043976225
2024-10-25,6024.056569788721
2024-10-27,6026.089006438722
2024-10-28,6036.409567929555
2024-10-29,6011.483089619824
2024-10-30,6031.816927699981
2024-10-31,6037.1431690903455
2024-11-01,6037.1431690903455
2024-11-03,6039.002097206393
2024-11-04,6027.694437520867
2024-11-05,6042.833715628413
2024-11-06,6023.460462774068
2024-11-07,6030.149601619159
2024-11-08,6033.282798282709
2024-11-10,6038.734199431001
2024-11-11,6044.7497901163315
2024-11-12,6047.382758499659
2024-11-13,6061.4038739348625
2024-11-14,6059.6242487495265
2024-11-15,6073.568099159665
2024-11-17,6059.810486839576
2024-11-18,6062.8992770570285
2024-11-19,6093.487969965667
2024-11-20,6145.341760239683
2024-11-21,6148.754292456602
2024-11-22,6160.040451383214
2024-11-24,6158.250166126489
2024-11-25,6127.664080150176
2024-11-26,6121.513199142069
2024-11-27,6076.493883003112
2024-11-28,6039.671746236658
2024-11-29,6030.07373793086
2024-12-02,6030.07373793086
2024-12-03,6040.759238893521
2024-12-04,6064.031700162146
2024-12-05,6081.998301650997
2024-12-06,6084.085584484329
2024-12-08,6104.136904136958
2024-12-09,6090.66313792488
2024-12-10,6068.913548974914
2024-12-11,6093.658448381382
2024-12-12,6101.116977814907
2024-12-13,6134.90804431584
2024-12-15,6132.026802137787
2024-12-16,6149.39588665029
2024-12-17,6144.532263911748
2024-12-18,6179.1265085719
2024-12-19,6218.587953193121
2024-12-20,6277.22709619683
2024-12-22,6261.023459373627
2024-12-23,6284.128179533175
2024-12-24,6294.474508612747
2024-12-25,6286.657572324118
2024-12-26,6289.364312445923
2024-12-27,6308.417359478609
2024-12-29,6301.452640950518
2024-12-30,6303.364626421983
2024-12-31,6315.228324260574
2025-01-02,6315.228324260574
2025-01-03,6417.476478475104
2025-01-05,6417.513345251878
2025-01-06,6475.262057639764
2025-01-07,6433.54097561187
2025-01-08,6464.593278226438
2025-01-09,6514.986685577914
2025-01-10,6548.079208425099
2025-01-12,6552.516238999667
2025-01-13,6512.317792883779
2025-01-14,6452.671999635671
2025-01-15,6502.133492298124
2025-01-16,6493.1426753899495
2025-01-17,6557.15723443528
2025-01-19,6557.832467422076
2025-01-20,6533.982716658239
2025-01-21,6570.562160894186
2025-01-22,6584.618352500859
2025-01-23,6588.645373673391
2025-01-24,6626.373061557906
2025-01-26,6636.514791676737
2025-01-27,6601.755575392579
2025-01-28,6583.806309454859
2025-01-29,6604.95765894429
2025-01-30,6653.544353291672
2025-01-31,6621.903793578638
2025-02-03,6621.903793578638
2025-02-04,6650.087972119493
2025-02-05,6647.18317536845
2025-02-06,6694.296616459438
2025-02-07,6735.441558126634
2025-02-09,6740.947202627847
2025-02-10,6790.828539724408
2025-02-11,6800.957531984045
2025-02-12,6868.970171781296
2025-02-13,6936.70117871266
2025-02-14,6952.869819910754
2025-02-16,6975.335367047946
2025-02-17,7010.4904702712365
2025-02-18,6998.91216006774
2025-02-19,7020.4773821588615
2025-02-20,7044.433426410235
2025-02-21,7027.090948021108
2025-02-23,7034.732776751026
2025-02-24,6991.669996478518
2025-02-25,6966.806338112134
2025-02-26,7007.142608291937
2025-02-27,7013.75019349463
2025-02-28,6999.070645101853
2025-03-03,6999.070645101853
2025-03-04,6968.253064050964
2025-03-05,6950.962606399094
2025-03-06,6986.645154911703
2025-03-07,6980.417667522572
2025-03-09,6980.683853267825
2025-03-10,6950.770540188768
2025-03-11,6928.764383454299
2025-03-12,6921.062359875722
2025-03-13,6935.019709830976
2025-03-14,6932.118297358972
2025-03-16,6935.856247100094
2025-03-17,6938.114147023059
2025-03-18,6952.738162253374
2025-03-19,6996.145917931941
2025-03-20,7004.9171112755
2025-03-21,7043.786147208114
2025-03-23,7039.387289162009
2025-03-24,7030.685848609583
2025-03-25,7039.811120739427
2025-03-26,7060.533872623836
2025-03-27,7097.45921476383
2025-03-28,7116.889545324272
2025-03-31,7112.895794836764
2025-04-01,7112.895794836764
2025-04-02,7082.603709434151
2025-04-03,7013.50644003913
2025-04-04,6959.204656975639
2025-04-06,6916.126967279063
2025-04-07,6820.598308369947
2025-04-08,6855.418068690915
2025-04-09,6757.197185346775
2025-04-10,6871.39138792691
2025-04-11,6892.088059302538
2025-04-13,6915.044193839341
2025-04-14,7046.5203348715195
2025-04-15,7104.498005173811
2025-04-16,7060.827847784726
2025-04-17,7068.685737333343
2025-04-18,7071.545120724328
2025-04-21,7071.6785109456305
2025-04-22,7089.08776560842
2025-04-23,7139.812708451578
2025-04-24,7188.553713652868
2025-04-25,7261.722461240985
2025-04-27,7272.655436280192
2025-04-28,7320.198270251431
2025-04-29,7344.721990768705
2025-04-30,7319.400574194867
2025-05-02,7319.400574194867
2025-05-04,7327.230699811784
2025-05-05,7367.532140007862
2025-05-06,7377.810675925758
2025-05-07,7381.3998164355635
2025-05-08,7380.494050327131
2025-05-09,7428.827059296031
2025-05-11,7419.677594663095
2025-05-12,7440.450154343778
2025-05-13,7482.604422619151
2025-05-14,7494.456532654277
2025-05-15,7494.521358604841
2025-05-16,7505.430717078549
2025-05-18,7492.737231749581
2025-05-19,7523.035441781356
2025-05-20,7565.45762494308
2025-05-21,7619.953986113034
2025-05-22,7590.683536231388
2025-05-23,7571.639256297326
2025-05-25,7563.745477996119
2025-05-26,7580.624993676259
2025-05-27,7641.729654729352
2025-05-28,7658.649357309868
2025-05-29,7674.869099963198
2025-05-30,7690.103102544479
2025-06-03,7690.103102544479
2025-06-04,7797.951480520088
2025-06-05,7806.04959965943
2025-06-06,7803.364744216416
2025-06-09,7812.092118632081
2025-06-10,7793.929475152864
2025-06-11,7813.297894855783
2025-06-12,7799.769300544194
2025-06-13,7770.8953439795105
2025-06-15,7733.927989167007
2025-06-16,7688.8143946881755
2025-06-17,7674.5391074021645
2025-06-18,7684.1178675486935
2025-06-19,7682.33347577785
2025-06-20,7740.151433781717
2025-06-22,7762.925054546734
2025-06-23,7743.6847356997305
2025-06-24,7834.020650386916
2025-06-25,7897.729156712351
2025-06-26,7922.790317117301
2025-06-27,7963.354177074736
2025-06-29,7972.4374233714
2025-06-30,7959.584083632654
2025-07-01,7959.584083632654
2025-07-02,7986.185464406425
2025-07-03,8096.304427490404
2025-07-04,8120.693282120641
2025-07-06,8126.69495586452
2025-07-07,8195.78976670792
2025-07-08,8253.78577000868
2025-07-09,8269.954297399936
2025-07-10,8356.500423117464
2025-07-11,8461.33029071454
2025-07-13,8450.285067426876
2025-07-14,8445.478830678636
2025-07-15,8399.833017860095
2025-07-16,8451.768210669346
2025-07-17,8456.127971046995
2025-07-18,8514.337662658085
2025-07-20,8520.001993971731
2025-07-21,8539.267002612267
2025-07-22,8570.881358811514
2025-07-23,8574.994602091465
2025-07-24,8620.513902497129
2025-07-25,8648.339733218905
2025-07-27,8653.947843472954
2025-07-28,8690.495195087424
2025-07-29,8774.376460727826
2025-07-30,8792.536390936566
2025-07-31,8799.17426657973
2025-08-01,8799.17426657973
2025-08-03,8795.640279194662
2025-08-04,8821.3036706064
2025-08-05,8831.704439501329
2025-08-06,8946.505693568943
2025-08-07,9060.894874535277
2025-08-08,9137.50092899945
2025-08-10,9152.216600418144
2025-08-11,9235.430759962754
2025-08-12,9315.174526379693
2025-08-13,9363.942820302946
2025-08-14,9290.788259853794
2025-08-15,9247.373680606443
2025-08-17,9255.386488027205
2025-08-18,9322.027815602532
2025-08-19,9292.433326524131
2025-08-20,9203.960556727436
2025-08-21,9160.43405841408
2025-08-22,9265.186283391826
2025-08-24,9263.684944928347
2025-08-25,9305.929450480407
2025-08-26,9321.000435215965
2025-08-27,9297.273831176704
2025-08-28,9308.186052111128
2025-08-29,9282.353742531632
2025-08-31,9253.944498035225
2025-09-01,9253.944498035225
2025-09-02,9216.560948152799
2025-09-03,9112.852899806694
2025-09-04,9202.049312054201
2025-09-05,9217.526993625861
2025-09-08,9322.708803290565
2025-09-09,9316.7243565164
2025-09-10,9391.65824572294
2025-09-11,9427.955448541914
2025-09-12,9404.35939758021
2025-09-14,9409.545240097787
2025-09-15,9393.923027387767
2025-09-16,9377.002558329168
2025-09-17,9384.866075550228
2025-09-18,9421.997333876721
2025-09-19,9395.499579711099
2025-09-21,9382.551867809394
2025-09-22,9349.24045872843
2025-09-23,9343.87638863497
2025-09-24,9341.47539100865
2025-09-25,9322.701804765684
2025-09-26,9295.37750864285
2025-09-28,9305.658222723074
2025-09-29,9277.48577405526
2025-09-30,9340.034424424626
2025-10-01,9340.034424424626
2025-10-02,9388.423084133277
2025-10-03,9498.776082415941
2025-10-05,9518.457205753473
2025-10-06,9536.158014678816
2025-10-07,9520.587085229978
2025-10-08,9550.666700268093
2025-10-09,9563.790736109417
2025-10-10,9562.820202581519
2025-10-12,9578.887916289365
2025-10-13,9576.294801307035
2025-10-14,9548.214788905103
2025-10-15,9594.913415852001
2025-10-16,9639.648842990773
2025-10-17,9621.91961154398
2025-10-19,9640.323102283322
2025-10-20,9692.605307592064
2025-10-21,9723.412844045386
2025-10-22,9778.610451132972
2025-10-23,9825.277542399563
2025-10-24,9855.947570208384
2025-10-26,9882.88312563352
2025-10-27,9869.632677429478
2025-10-28,9920.064173768254
2025-10-29,9899.958210910672
2025-10-30,9904.084658327882
2025-10-31,9902.255290154259
2025-11-03,9902.255290154259
2025-11-04,9850.16543173297
2025-11-05,9875.535630220285
2025-11-06,9977.417435922798
2025-11-07,9966.988624944079
2025-11-09,9979.58819618497
2025-11-10,9837.605551289063
2025-11-11,9707.171496498304
2025-11-12,9818.296708301408
2025-11-13,9915.099851825416
2025-11-14,9882.188924162916
2025-11-16,9930.211241165389
2025-11-17,9904.490402660205
2025-11-18,9859.556072177775
2025-11-19,9826.484874999409
2025-11-20,9797.815365841254
2025-11-21,9768.433392922236
2025-11-23,9780.32817865937
2025-11-24,9795.060938632016
2025-11-25,9754.373456666688
2025-11-26,9780.928333678045
2025-11-27,9760.500498315434
2025-11-28,9764.360641099958
2025-11-30,9772.464148180417
2025-12-01,9772.464148180417
2025-12-02,9793.899743815085
2025-12-03,9787.903634106966
2025-12-04,9777.906755645463
2025-12-05,9785.727243303747
2025-12-07,9791.908514745666
2025-12-08,9791.899547611594
2025-12-09,9756.218115650963
2025-12-10,9765.977304586011
2025-12-11,9811.393095511303
2025-12-12,9848.632340166243
2025-12-14,9850.083361570454
2025-12-15,9900.258518282502
2025-12-16,9932.798555665839
2025-12-17,10001.81736026328
2025-12-18,10043.504071109895
2025-12-19,10049.041394423642
2025-12-21,10050.204067519533
2025-12-22,10085.081701249836
2025-12-23,10135.823503068208
2025-12-24,10169.303693271411
2025-12-25,10159.656857212856
2025-12-26,10144.95491557625
2025-12-28,10147.044779945652
2025-12-29,10141.392092589625
2025-12-30,10131.907733851665
2025-12-31,10179.38752738413
2026-01-02,10179.38752738413
2026-01-04,10177.675295452576
2026-01-05,10289.951278143177
2026-01-06,10377.615189375903
2026-01-07,10388.09526417606
2026-01-08,10430.65811521487
2026-01-09,10461.449476813541
2026-01-11,10464.970652223477
2026-01-12,10509.205067650413
2026-01-13,10555.331944121923
2026-01-14,10551.55136082492
2026-01-15,10566.940244490335
2026-01-16,10600.948600255755
2026-01-18,10607.626201907053
2026-01-19,10595.389024064143
2026-01-20,10577.565356462163
2026-01-21,10634.865025632369
2026-01-22,10665.985500179071
2026-01-23,10644.609793577374
2026-01-25,10664.23816020916
2026-01-26,10696.747056368915
2026-01-27,10765.944480715556
2026-01-28,10741.92111733834
2026-01-29,10785.568735611747
2026-01-30,10747.423307825677
2026-02-02,10747.423307825677
2026-02-03,10749.278041445543
2026-02-04,10788.436881065963
2026-02-05,10759.213150627882
2026-02-06,10881.489416548106
2026-02-08,10899.012965433112
2026-02-09,11010.292766207363
2026-02-10,11083.359287488853
2026-02-11,11125.692820628045
2026-02-12,11174.671577462674
2026-02-13,11226.161445055719
2026-02-15,11239.457146955167
2026-02-16,11307.278113977498
2026-02-17,11400.237205551368
2026-02-18,11396.766780126629
2026-02-19,11363.879103527823
2026-02-20,11435.019912053698
2026-02-22,11425.736552902848
2026-02-23,11496.35696810906
2026-02-24,11480.244672066457
2026-02-25,11472.625129913396
2026-02-26,11562.134396896674
2026-02-27,11588.348368193605
2026-03-02,11588.348368193605
2026-03-03,11397.088636920978
2026-03-04,11362.318541533612
2026-03-05,11441.148581409065
2026-03-06,11360.408061796692
2026-03-08,11342.499519808347
2026-03-09,11267.818685540673
2026-03-10,11404.754276944097
2026-03-11,11403.09896497738
2026-03-12,11381.122520396279
2026-03-13,11355.901344907717
2026-03-15,11340.339376153166
2026-03-16,11386.644729893818
2026-03-17,11416.132483727653
2026-03-18,11394.191837607785
2026-03-19,11304.601831513366
2026-03-20,11304.109409405351
2026-03-23,11305.773624139863
2026-03-24,11326.057418339637
2026-03-25,11394.501249710518
