Date,Price_USD
2016-03-29,0.05683417085427136
2016-03-30,0.055926927590957805
2016-03-31,0.05402010050251256
2016-04-01,0.05518974616737874
2016-04-04,0.05467336683417086
2016-04-05,0.05527638190954774
2016-04-06,0.05624521072796935
2016-04-07,0.0559938915754645
2016-04-08,0.055075376884422114
2016-04-11,0.052763819095477386
2016-04-12,0.05477386934673367
2016-04-13,0.05530417295123177
2016-04-14,0.056281407035175875
2016-04-15,0.05753768844221105
2016-04-18,0.05678391959798995
2016-04-19,0.057889447236180905
2016-04-20,0.05929648241206031
2016-04-21,0.061589235846661594
2016-04-22,0.06105527638190955
2016-04-25,0.06060301507537689
2016-04-26,0.06130653266331658
2016-04-27,0.06272949816401469
2016-04-28,0.061708542713567835
2016-04-29,0.06381909547738693
2016-05-03,0.06554808712791227
2016-05-04,0.06527638190954774
2016-05-05,0.06532663316582915
2016-05-06,0.06608040201005025
2016-05-09,0.06909547738693467
2016-05-10,0.06934673366834171
2016-05-11,0.06934673366834171
2016-05-12,0.07035175879396985
2016-05-13,0.07386934673366834
2016-05-16,0.07647687375973133
2016-05-17,0.07256281407035176
2016-05-18,0.07547738693467336
2016-05-19,0.07874371859296482
2016-05-20,0.08015075376884422
2016-05-23,0.07623115577889447
2016-05-24,0.07537688442211055
2016-05-25,0.08296482412060302
2016-05-26,0.08592964824120604
2016-05-27,0.08331658291457286
2016-05-31,0.07527638190954775
2016-06-01,0.06834170854271357
2016-06-02,0.06989949748743719
2016-06-03,0.07512562814070352
2016-06-06,0.07437185929648242
2016-06-07,0.07440925087983911
2016-06-08,0.07394366197183098
2016-06-09,0.07442796077445311
2016-06-10,0.07545271629778671
2016-06-13,0.07545271629778671
2016-06-14,0.07516339869281045
2016-06-15,0.08099640472521828
2016-06-16,0.08345070422535211
2016-06-17,0.0836683417085427
2016-06-20,0.08020100502512563
2016-06-21,0.059462733361835544
2016-06-22,0.0619722341491341
2016-06-23,0.06292662116040956
2016-06-24,0.06140509301065558
2016-06-27,0.056595744680851066
2016-06-28,0.05569395017793594
2016-06-29,0.05742176284811944
2016-06-30,0.0562070071639876
2016-07-01,0.05578401573395316
2016-07-04,0.0541295242186661
2016-07-08,0.055299044346612265
2016-07-11,0.056176991150442473
2016-07-12,0.05827621719521291
2016-07-13,0.05825589706933524
2016-07-14,0.057581916069454835
2016-07-15,0.058499999999999996
2016-07-18,0.05874351172364417
2016-07-19,0.057423417653965206
2016-07-20,0.05313314136843548
2016-07-21,0.05181347150259067
2016-07-22,0.05210169491525424
2016-07-25,0.051668922711215294
2016-07-26,0.053133205822284174
2016-07-27,0.05405405405405406
2016-07-28,0.05149496416506172
2016-07-29,0.05251552795031056
2016-08-01,0.052611693586473975
2016-08-02,0.052830188679245285
2016-08-03,0.05157224817380944
2016-08-04,0.050776397515527955
2016-08-05,0.05037395512538495
2016-08-08,0.050514292926105896
2016-08-09,0.0508049407804909
2016-08-10,0.05010647626205687
2016-08-11,0.04908593184607155
2016-08-12,0.04845298793425595
2016-08-15,0.04699837072314826
2016-08-16,0.04607250755287009
2016-08-17,0.046875
2016-08-18,0.044519451799691565
2016-08-19,0.04633431085043988
2016-08-22,0.04505714285714286
2016-08-23,0.05033214103219213
2016-08-24,0.046806977512234664
2016-08-25,0.048113207547169815
2016-08-26,0.04862082115164612
2016-08-29,0.04895060148451497
2016-08-30,0.04767067376678039
2016-08-31,0.04850892043234796
2016-09-01,0.047946968721843224
2016-09-02,0.04799740554564618
2016-09-05,0.048505888842023295
2016-09-06,0.0464968152866242
2016-09-07,0.04634920634920635
2016-09-08,0.04692644567336893
2016-09-09,0.04665878367581732
2016-09-14,0.04669547127540406
2016-09-15,0.04627388535031847
2016-09-16,0.04603466886786462
2016-09-19,0.046561558674613854
2016-09-20,0.046748423041209054
2016-09-21,0.047021943573667714
2016-09-22,0.05047792589750967
2016-09-23,0.04991840261111644
2016-09-26,0.050103774808665194
2016-09-27,0.04968152866242038
2016-09-28,0.05114244044725328
2016-09-29,0.05022714185168597
2016-09-30,0.04903446274863794
2016-10-04,0.05077118726970359
2016-10-05,0.049585137681398966
2016-10-06,0.047661555137564954
2016-10-07,0.04581012780478383
2016-10-10,0.04643666421983213
2016-10-11,0.049473684210526316
2016-10-12,0.04836333354685798
2016-10-13,0.047961783439490445
2016-10-14,0.04717871296471032
2016-10-17,0.047043010752688165
2016-10-18,0.046974522292993634
2016-10-19,0.04663492063492063
2016-10-20,0.046825396825396826
2016-10-21,0.046825396825396826
2016-10-24,0.047619047619047616
2016-10-25,0.0473015873015873
2016-10-26,0.047619047619047616
2016-10-27,0.04746031746031746
2016-10-28,0.0473015873015873
2016-10-31,0.04622641509433962
2016-11-01,0.046426332288401255
2016-11-02,0.04686708860759494
2016-11-03,0.04793650793650794
2016-11-04,0.04698412698412699
2016-11-07,0.04695238095238095
2016-11-08,0.04641269841269841
2016-11-09,0.045254777070063694
2016-11-10,0.04666666666666666
2016-11-11,0.048031746031746037
2016-11-14,0.046031746031746035
2016-11-15,0.04565079365079365
2016-11-16,0.045015873015873016
2016-11-17,0.044968152866242034
2016-11-18,0.045015873015873016
2016-11-21,0.04492063492063492
2016-11-22,0.04507936507936508
2016-11-23,0.04495238095238095
2016-11-24,0.044444444444444446
2016-11-25,0.044089456869009586
2016-11-28,0.042993630573248405
2016-11-29,0.04305732484076433
2016-11-30,0.043949044585987265
2016-12-01,0.04380952380952381
2016-12-02,0.04468152866242038
2016-12-05,0.04584664536741214
2016-12-06,0.0453968253968254
2016-12-07,0.04538216560509554
2016-12-08,0.046031746031746035
2016-12-09,0.046031746031746035
2016-12-13,0.04552380952380952
2016-12-14,0.046031746031746035
2016-12-15,0.04676190476190476
2016-12-16,0.045782825872546215
2016-12-19,0.045714285714285714
2016-12-20,0.04565079365079365
2016-12-21,0.045714285714285714
2016-12-22,0.045714285714285714
2016-12-23,0.046019108280254774
2016-12-28,0.04670906200317965
2016-12-29,0.04737361203906971
2016-12-30,0.04692819191244313
2017-01-03,0.04585987261146497
2017-01-04,0.04626391096979333
2017-01-05,0.046104928457869634
2017-01-06,0.04688888888888889
2017-01-09,0.0493312101910828
2017-01-10,0.048012718600953894
2017-01-11,0.04826972576186088
2017-01-12,0.049206349206349205
2017-01-13,0.04942857142857143
2017-01-16,0.05047619047619048
2017-01-17,0.05025396825396825
2017-01-18,0.05015873015873016
2017-01-19,0.05028571428571429
2017-01-20,0.050793650793650794
2017-01-23,0.05063492063492063
2017-01-24,0.04888888888888889
2017-01-25,0.048885350318471334
2017-01-26,0.04936305732484077
2017-01-27,0.050793650793650794
2017-01-30,0.05047619047619048
2017-01-31,0.04984126984126984
2017-02-01,0.048857142857142856
2017-02-02,0.04968152866242038
2017-02-03,0.0493968253968254
2017-02-06,0.04882165605095541
2017-02-07,0.047619047619047616
2017-02-08,0.047619047619047616
2017-02-09,0.04765079365079365
2017-02-10,0.04904761904761905
2017-02-13,0.05012738853503185
2017-02-14,0.04821656050955414
2017-02-15,0.047802547770700636
2017-02-16,0.047738853503184714
2017-02-17,0.04777070063694268
2017-02-20,0.04766295707472178
2017-02-21,0.04666666666666666
2017-02-22,0.04713375796178344
2017-02-23,0.04713375796178344
2017-02-24,0.046910828025477705
2017-02-27,0.04713375796178344
2017-02-28,0.04666666666666666
2017-03-01,0.044585987261146494
2017-03-02,0.044126984126984126
2017-03-03,0.04555555555555556
2017-03-06,0.046031746031746035
2017-03-07,0.04663492063492063
2017-03-08,0.04631746031746032
2017-03-09,0.04650793650793651
2017-03-10,0.04692063492063492
2017-03-13,0.042222222222222223
2017-03-14,0.043821656050955414
2017-03-15,0.04492063492063492
2017-03-16,0.04619047619047619
2017-03-17,0.04485714285714286
2017-03-20,0.044444444444444446
2017-03-21,0.04347133757961784
2017-03-22,0.043949044585987265
2017-03-23,0.04331210191082802
2017-03-24,0.04282539682539683
2017-03-27,0.042993630573248405
2017-03-28,0.04349206349206349
2017-03-29,0.043885350318471336
2017-03-30,0.044444444444444446
2017-03-31,0.0446031746031746
2017-04-03,0.04522292993630573
2017-04-04,0.0453968253968254
2017-04-05,0.046031746031746035
2017-04-06,0.046031746031746035
2017-04-07,0.04587301587301587
2017-04-10,0.04584126984126984
2017-04-11,0.04523809523809524
2017-04-12,0.0453968253968254
2017-04-13,0.045923566878980894
2017-04-18,0.04617834394904458
2017-04-19,0.0464968152866242
2017-04-20,0.04606349206349206
2017-04-21,0.046031746031746035
2017-04-24,0.04713375796178344
2017-04-25,0.046528662420382165
2017-04-26,0.04656050955414012
2017-04-27,0.04698412698412699
2017-04-28,0.04745222929936306
2017-05-02,0.04920382165605095
2017-05-03,0.04984126984126984
2017-05-04,0.05057142857142857
2017-05-05,0.05152866242038216
2017-05-08,0.051624203821656056
2017-05-09,0.05222929936305732
2017-05-10,0.05498412698412698
2017-05-11,0.057898089171974525
2017-05-12,0.057555555555555554
2017-05-15,0.054113924050632915
2017-05-16,0.05463492063492064
2017-05-17,0.05445859872611465
2017-05-18,0.05704761904761904
2017-05-19,0.05697452229299363
2017-05-22,0.056190476190476187
2017-05-23,0.05586750788643533
2017-05-24,0.05610591900311527
2017-05-25,0.0567601246105919
2017-05-26,0.059781249999999994
2017-05-30,0.06018518518518518
2017-05-31,0.05866873065015479
2017-06-01,0.06200317965023847
2017-06-02,0.0620807453416149
2017-06-05,0.06286604361370716
2017-06-06,0.0625776397515528
2017-06-07,0.0620807453416149
2017-06-08,0.06354037267080746
2017-06-09,0.06448598130841121
2017-06-12,0.06429906542056076
2017-06-13,0.06475155279503106
2017-06-14,0.06777089783281734
2017-06-15,0.07111801242236024
2017-06-16,0.07108695652173913
2017-06-19,0.0703125
2017-06-20,0.06878504672897195
2017-06-21,0.06625
2017-06-22,0.0634472049689441
2017-06-23,0.06333333333333332
2017-06-28,0.059137931034482755
2017-06-29,0.06057971014492753
2017-06-30,0.06055072463768116
2017-07-03,0.05927745664739885
2017-07-04,0.06422893481717011
2017-07-05,0.057879656160458454
2017-07-06,0.05862068965517241
2017-07-07,0.05936599423631125
2017-07-10,0.06123563218390804
2017-07-11,0.06327586206896552
2017-07-12,0.0630945558739255
2017-07-13,0.06368876080691643
2017-07-14,0.06301724137931035
2017-07-17,0.06307471264367816
2017-07-18,0.062225433526011564
2017-07-19,0.06334293948126801
2017-07-20,0.06372832369942197
2017-07-21,0.06594827586206896
2017-07-24,0.06719653179190752
2017-07-25,0.06896551724137931
2017-07-26,0.07377521613832853
2017-07-27,0.07387931034482759
2017-07-28,0.08240534521158129
2017-07-31,0.07195906432748538
2017-08-01,0.06771978021978022
2017-08-02,0.06868131868131869
2017-08-03,0.07016574585635359
2017-08-04,0.06980609418282548
2017-08-07,0.06876712328767123
2017-08-08,0.06786703601108034
2017-08-09,0.06712328767123288
2017-08-10,0.06521739130434782
2017-08-11,0.06512558955796863
2017-08-14,0.06438356164383562
2017-08-15,0.0640771349862259
2017-08-16,0.06198347107438017
2017-08-17,0.06356353591160221
2017-08-18,0.06776243093922653
2017-08-21,0.06629834254143646
2017-08-22,0.06402777777777778
2017-08-23,0.06509695290858726
2017-08-24,0.06328767123287672
2017-08-25,0.06581196581196581
2017-08-28,0.06477272727272727
2017-08-29,0.06422535211267606
2017-08-30,0.06514285714285714
2017-08-31,0.06571428571428571
2017-09-05,0.06470588235294118
2017-09-06,0.0663687150837989
2017-09-07,0.06615598885793872
2017-09-08,0.06538243626062322
2017-09-11,0.06575498575498576
2017-09-12,0.06512820512820512
2017-09-13,0.06481481481481481
2017-09-14,0.06342857142857143
2017-09-15,0.06314285714285715
2017-09-18,0.0614804469273743
2017-09-19,0.06232294617563739
2017-09-20,0.06272727272727273
2017-09-21,0.06267806267806268
2017-09-22,0.06282051282051282
2017-09-25,0.06270655270655272
2017-09-26,0.06301994301994303
2017-09-27,0.06431428571428571
2017-09-28,0.06638176638176638
2017-09-29,0.06527196652719665
2017-10-03,0.06669444444444445
2017-10-04,0.06951566951566951
2017-10-05,0.07031339031339032
2017-10-06,0.07125356125356126
2017-10-09,0.07033426183844012
2017-10-10,0.07173295454545454
2017-10-11,0.07193732193732194
2017-10-12,0.07196581196581198
2017-10-13,0.07244318181818182
2017-10-16,0.07295423023578364
2017-10-17,0.07514204545454545
2017-10-18,0.07495726495726496
2017-10-19,0.07457386363636363
2017-10-20,0.07280112044817927
2017-10-23,0.06991643454038998
2017-10-24,0.07167138810198301
2017-10-25,0.07111111111111111
2017-10-26,0.07286931818181817
2017-10-27,0.0728328611898017
2017-10-30,0.07282913165266107
2017-10-31,0.07160112359550562
2017-11-01,0.07328611898016997
2017-11-02,0.07288135593220339
2017-11-03,0.07322033898305086
2017-11-06,0.07298295454545455
2017-11-07,0.07308781869688386
2017-11-08,0.07267045454545454
2017-11-09,0.07110481586402266
2017-11-10,0.07102272727272728
2017-11-13,0.06997183098591549
2017-11-14,0.06651685393258427
2017-11-15,0.06708683473389356
2017-11-16,0.0673389355742297
2017-11-17,0.06737430167597766
2017-11-20,0.0703661971830986
2017-11-21,0.06808988764044943
2017-11-22,0.06915492957746479
2017-11-23,0.07042253521126761
2017-11-24,0.07019662921348314
2017-11-27,0.06927170868347339
2017-11-28,0.06955056179775282
2017-11-29,0.06943977591036414
2017-11-30,0.06983193277310924
2017-12-04,0.06980337078651686
2017-12-05,0.06986033519553073
2017-12-06,0.07335211267605633
2017-12-07,0.07724719101123595
2017-12-08,0.07495821727019499
2017-12-11,0.07311797752808989
2017-12-12,0.07282913165266107
2017-12-13,0.06983240223463687
2017-12-14,0.06980446927374301
2017-12-15,0.0717877094972067
2017-12-18,0.07196629213483147
2017-12-19,0.07089385474860335
2017-12-20,0.07108938547486034
2017-12-21,0.07146067415730338
2017-12-22,0.07162921348314606
2017-12-27,0.07142857142857142
2017-12-28,0.07142857142857142
2017-12-29,0.07182072829131653
2018-01-02,0.07283707865168539
2018-01-03,0.07308988764044944
2018-01-04,0.07631284916201117
2018-01-05,0.07815126050420168
2018-01-08,0.08059154929577465
2018-01-09,0.08379888268156424
2018-01-10,0.08944134078212292
2018-01-11,0.09220670391061452
2018-01-12,0.08756302521008404
2018-01-15,0.0896358543417367
2018-01-16,0.09360335195530725
2018-01-17,0.09103641456582633
2018-01-18,0.09022346368715083
2018-01-19,0.09217877094972067
2018-01-22,0.09225352112676057
2018-01-23,0.0893854748603352
2018-01-24,0.08659217877094973
2018-01-25,0.08635097493036212
2018-01-26,0.08659217877094973
2018-01-29,0.08683473389355742
2018-01-30,0.08683473389355742
2018-01-31,0.08659217877094973
2018-02-01,0.08697478991596638
2018-02-02,0.08949579831932773
2018-02-05,0.09197183098591549
2018-02-06,0.08715083798882681
2018-02-07,0.0896358543417367
2018-02-08,0.0893854748603352
2018-02-09,0.08607242339832868
2018-02-12,0.08212290502793296
2018-02-13,0.08356545961002786
2018-02-14,0.08823529411764706
2018-02-15,0.08865546218487394
2018-02-16,0.08913649025069638
2018-02-19,0.0871866295264624
2018-02-20,0.08649025069637883
2018-02-21,0.08848314606741572
2018-02-22,0.08844011142061281
2018-02-23,0.08910614525139664
2018-02-26,0.09005602240896358
2018-02-27,0.08756983240223463
2018-02-28,0.08885793871866295
2018-03-01,0.08798882681564246
2018-03-02,0.08788300835654596
2018-03-05,0.08735955056179776
2018-03-06,0.08704735376044569
2018-03-07,0.08788732394366197
2018-03-08,0.08707865168539326
2018-03-09,0.08704225352112675
2018-03-12,0.08732394366197183
2018-03-13,0.08577464788732395
2018-03-14,0.08375350140056022
2018-03-15,0.08053221288515407
2018-03-16,0.0773109243697479
2018-03-19,0.07887323943661972
2018-03-20,0.0784313725490196
2018-03-21,0.07927170868347339
2018-03-22,0.08067226890756303
2018-03-23,0.08459383753501401
2018-03-26,0.08567415730337079
2018-03-27,0.08361344537815127
2018-03-28,0.08370786516853933
2018-03-29,0.08253521126760563
2018-04-03,0.08324022346368715
2018-04-04,0.07704225352112676
2018-04-05,0.07681564245810056
2018-04-06,0.07604456824512534
2018-04-09,0.07513966480446926
2018-04-10,0.0733983286908078
2018-04-11,0.07332402234636871
2018-04-12,0.07242339832869081
2018-04-13,0.07270194986072424
2018-04-16,0.07381615598885793
2018-04-17,0.07527932960893854
2018-04-18,0.07541899441340782
2018-04-19,0.07520891364902507
2018-04-20,0.07520891364902507
2018-04-23,0.07576601671309192
2018-04-24,0.07793296089385475
2018-04-25,0.07681564245810056
2018-04-26,0.07667597765363128
2018-04-27,0.07632311977715878
2018-04-30,0.07667597765363128
2018-05-02,0.07688022284122563
2018-05-03,0.07701949860724233
2018-05-04,0.07681564245810056
2018-05-07,0.07667597765363128
2018-05-08,0.07632311977715878
2018-05-09,0.0766016713091922
2018-05-10,0.07763888888888888
2018-05-11,0.08072625698324022
2018-05-14,0.0798611111111111
2018-05-15,0.07709497206703911
2018-05-16,0.07751396648044692
2018-05-17,0.07793296089385475
2018-05-18,0.0782122905027933
2018-05-21,0.07791666666666666
2018-05-22,0.07763888888888888
2018-05-23,0.07785515320334262
2018-05-24,0.07520891364902507
2018-05-25,0.07423398328690807
2018-05-28,0.07270194986072424
2018-05-30,0.0713091922005571
2018-05-31,0.07103064066852367
2018-06-01,0.0712290502793296
2018-06-04,0.07262569832402235
2018-06-05,0.07555865921787709
2018-06-06,0.0782122905027933
2018-06-07,0.0776536312849162
2018-06-08,0.07534818941504179
2018-06-11,0.07604456824512534
2018-06-12,0.07597765363128492
2018-06-13,0.0745125348189415
2018-06-14,0.0741573033707865
2018-06-19,0.0712290502793296
2018-06-20,0.07222222222222222
2018-06-21,0.0717877094972067
2018-06-22,0.07234636871508379
2018-06-25,0.07248603351955307
2018-06-26,0.07142857142857142
2018-06-27,0.0700280112044818
2018-06-28,0.06974789915966387
2018-06-29,0.06954102920723226
2018-07-02,0.06833333333333334
2018-07-03,0.06666666666666667
2018-07-04,0.06757320430466339
2018-07-05,0.0675
2018-07-06,0.0675
2018-07-09,0.06787709497206704
2018-07-10,0.06712898751733704
2018-07-11,0.06777777777777777
2018-07-12,0.06657420249653259
2018-07-13,0.06666666666666667
2018-07-16,0.06643550624133149
2018-07-17,0.06601941747572816
2018-07-18,0.06643550624133149
2018-07-19,0.06348723339511467
2018-07-20,0.0638002773925104
2018-07-23,0.06421149399671282
2018-07-24,0.06398005816368924
2018-07-25,0.06441335365009004
2018-07-26,0.06556016597510374
2018-07-27,0.0656418778562526
2018-07-30,0.06574202496532594
2018-07-31,0.06397774687065369
2018-08-01,0.06420612813370474
2018-08-02,0.06578581363004173
2018-08-03,0.06625
2018-08-06,0.06652777777777777
2018-08-07,0.06606397774687066
2018-08-08,0.06597222222222222
2018-08-09,0.06555555555555556
2018-08-10,0.06555555555555556
2018-08-13,0.06513888888888889
2018-08-14,0.06527777777777778
2018-08-15,0.06388888888888888
2018-08-16,0.06375
2018-08-17,0.0633824304457574
2018-08-20,0.06069444444444445
2018-08-23,0.06035911602209945
2018-08-24,0.060958675849811156
2018-08-27,0.06096716087016765
2018-08-28,0.061400597411218054
2018-08-29,0.06089965397923876
2018-08-30,0.05988106762550131
2018-08-31,0.05806398097713385
2018-09-03,0.05946743913988079
2018-09-04,0.06097221448855726
2018-09-05,0.05941499085923218
2018-09-06,0.05850234009360375
2018-09-07,0.05816866128583356
2018-09-10,0.056708160442600276
2018-09-11,0.05486476799647101
2018-09-12,0.054646324549237166
2018-09-13,0.054068965517241385
2018-09-14,0.05538674033149171
2018-09-17,0.05609418282548476
2018-09-18,0.057320441988950276
2018-09-19,0.05739972337482711
2018-09-20,0.057361111111111106
2018-09-21,0.05777777777777778
2018-09-24,0.05778120184899846
2018-09-25,0.056413793103448275
2018-09-26,0.05895316804407713
2018-09-27,0.059722222222222225
2018-09-28,0.05939226519337017
2018-10-02,0.059267835483515274
2018-10-03,0.06055555555555556
2018-10-04,0.06170798898071625
2018-10-05,0.05936639118457301
2018-10-08,0.059990070609002646
2018-10-09,0.06041379310344827
2018-10-10,0.060689655172413794
2018-10-11,0.06082758620689655
2018-10-12,0.061241379310344825
2018-10-15,0.06148555708390647
2018-10-16,0.06253443526170799
2018-10-17,0.061760660247592844
2018-10-18,0.062121212121212126
2018-10-19,0.06308539944903581
2018-10-22,0.06611570247933884
2018-10-23,0.06611570247933884
2018-10-24,0.06675862068965517
2018-10-25,0.06620689655172414
2018-10-26,0.06620689655172414
2018-10-29,0.06735537190082644
2018-10-30,0.0652892561983471
2018-10-31,0.06473829201101929
2018-11-01,0.06391184573002755
2018-11-02,0.0649655172413793
2018-11-05,0.06526049124352902
2018-11-06,0.06579310344827587
2018-11-07,0.06620689655172414
2018-11-08,0.06694214876033058
2018-11-09,0.06703296703296703
2018-11-12,0.06614303431169904
2018-11-13,0.06689655172413793
2018-11-14,0.06607142857142857
2018-11-15,0.06418732782369146
2018-11-16,0.0664819944598338
2018-11-19,0.06657458563535912
2018-11-21,0.06602475928473177
2018-11-22,0.067249589262343
2018-11-23,0.06602475928473177
2018-11-26,0.06602343211578222
2018-11-27,0.06537396121883657
2018-11-28,0.0638718716518777
2018-11-29,0.06327372764786796
2018-11-30,0.06382393397524071
2018-12-03,0.06492434662998625
2018-12-04,0.0664819944598338
2018-12-05,0.06570247933884298
2018-12-06,0.06464924346629987
2018-12-07,0.06523545706371191
2018-12-10,0.06341127922971114
2018-12-11,0.0635116598079561
2018-12-12,0.06367403314917128
2018-12-13,0.06327372764786796
2018-12-14,0.06344827586206897
2018-12-17,0.06291208791208791
2018-12-18,0.06282578875171467
2018-12-19,0.062173314993122425
2018-12-20,0.06207845836200964
2018-12-21,0.0624484181568088
2018-12-24,0.06336088154269973
2018-12-27,0.06401098901098902
2018-12-28,0.06327372764786796
2018-12-31,0.06332417582417582
2019-01-02,0.06332417582417582
2019-01-03,0.0624484181568088
2019-01-04,0.060110803324099724
2019-01-07,0.05851648351648352
2019-01-08,0.05592286501377411
2019-01-09,0.05755316816487612
2019-01-10,0.05925925925925926
2019-01-11,0.05994513031550069
2019-01-14,0.059972489683631364
2019-01-15,0.06038514442916093
2019-01-16,0.06038514442916093
2019-01-17,0.059944751381215466
2019-01-18,0.05931034482758621
2019-01-21,0.05940375210676097
2019-01-22,0.06005509641873279
2019-01-23,0.06077348066298342
2019-01-24,0.0611878453038674
2019-01-25,0.06366782006920416
2019-01-28,0.0648686030428769
2019-01-29,0.06357340720221606
2019-01-30,0.0636237897648686
2019-01-31,0.06208266651950775
2019-02-01,0.06366158113730928
2019-02-04,0.06352288488210818
2019-02-05,0.06301939058171745
2019-02-06,0.06324549237170597
2019-02-07,0.06782246879334258
2019-02-08,0.06768377253814147
2019-02-11,0.0696927374301676
2019-02-12,0.06925207756232687
2019-02-13,0.06897506925207755
2019-02-14,0.06894150417827298
2019-02-15,0.0685595567867036
2019-02-18,0.06642863073984887
2019-02-19,0.07022160664819944
2019-02-20,0.07136929460580912
2019-02-21,0.06998616874135546
2019-02-22,0.07128027681660899
2019-02-25,0.07192254495159059
2019-02-26,0.07186629526462396
2019-02-27,0.06897506925207755
2019-02-28,0.06620498614958448
2019-03-01,0.06634349030470914
2019-03-04,0.06805555555555555
2019-03-05,0.06861111111111111
2019-03-06,0.06824512534818941
2019-03-07,0.06842837273991656
2019-03-08,0.0695955369595537
2019-03-11,0.06345885634588563
2019-03-12,0.06290097629009764
2019-03-13,0.06239554317548746
2019-03-14,0.06218487394957983
2019-03-15,0.06111111111111111
2019-03-18,0.06070854354937073
2019-03-19,0.06105702364394993
2019-03-20,0.06166666666666666
2019-03-21,0.06128133704735376
2019-03-22,0.06150627615062762
2019-03-25,0.05988857938718663
2019-03-26,0.060361613351877605
2019-03-27,0.061196105702364396
2019-03-28,0.060510172925861166
2019-03-29,0.06063977746870654
2019-04-01,0.060917941585535464
2019-04-02,0.05933147632311978
2019-04-03,0.05674547983310153
2019-04-04,0.05742296918767507
2019-04-05,0.056843575418994416
2019-04-08,0.05618915159944367
2019-04-09,0.05644257703081232
2019-04-10,0.05730180806675939
2019-04-11,0.05682607608302998
2019-04-12,0.057282913165266104
2019-04-15,0.05742296918767507
2019-04-16,0.05813630041724617
2019-04-17,0.05854341736694677
2019-04-18,0.05813630041724617
2019-04-23,0.058055555555555555
2019-04-24,0.05938803894297636
2019-04-25,0.05958333333333333
2019-04-26,0.05930555555555556
2019-04-29,0.05926966292134832
2019-04-30,0.059326518675319614
2019-05-02,0.05869811999889248
2019-05-03,0.0584144645340751
2019-05-06,0.05813630041724617
2019-05-07,0.057162726008344926
2019-05-08,0.0576056338028169
2019-05-09,0.056179775280898875
2019-05-10,0.055632823365785816
2019-05-13,0.054798331015299025
2019-05-14,0.055632823365785816
2019-05-15,0.056179775280898875
2019-05-16,0.05491573033707865
2019-05-17,0.05444444444444445
2019-05-20,0.05535211267605633
2019-05-21,0.054775280898876406
2019-05-22,0.05270311503148318
2019-05-23,0.05295774647887324
2019-05-24,0.05337078651685393
2019-05-27,0.05337187969088786
2019-05-28,0.058228411017538
2019-05-30,0.057724719101123596
2019-05-31,0.05630252100840336
2019-06-03,0.05704225352112676
2019-06-06,0.056978465491718575
2019-06-07,0.05716292134831461
2019-06-10,0.05688202247191011
2019-06-11,0.05660112359550561
2019-06-13,0.056460674157303374
2019-06-14,0.056179775280898875
2019-06-17,0.05603328710124827
2019-06-18,0.05688202247191011
2019-06-19,0.056901408450704224
2019-06-20,0.056338028169014086
2019-06-21,0.056179775280898875
2019-06-24,0.055632823365785816
2019-06-25,0.05603932584269663
2019-06-26,0.056179775280898875
2019-06-27,0.055915492957746483
2019-06-28,0.05507649513212796
2019-07-01,0.054182562061148895
2019-07-02,0.05398728731229356
2019-07-03,0.05407303370786517
2019-07-04,0.054198282331359954
2019-07-05,0.05382475660639778
2019-07-08,0.05393258426966292
2019-07-09,0.05408450704225352
2019-07-10,0.05393258426966292
2019-07-11,0.05380281690140846
2019-07-12,0.05352112676056338
2019-07-15,0.05295774647887324
2019-07-16,0.05189449503196701
2019-07-17,0.05224719101123596
2019-07-18,0.05196629213483146
2019-07-19,0.05196629213483146
2019-07-22,0.051830985915492955
2019-07-23,0.05211267605633803
2019-07-24,0.0523943661971831
2019-07-25,0.05211267605633803
2019-07-26,0.05211267605633803
2019-07-29,0.05132127955493741
2019-07-30,0.051182197496522946
2019-07-31,0.05154929577464789
2019-08-01,0.05154929577464789
2019-08-02,0.05126050420168068
2019-08-05,0.05041436464088398
2019-08-06,0.049586776859504134
2019-08-07,0.04910096818810512
2019-08-08,0.046473029045643155
2019-08-09,0.045798319327731096
2019-08-14,0.04466870708908925
2019-08-15,0.04474611741381209
2019-08-16,0.04570484581497798
2019-08-19,0.046797148126737693
2019-08-20,0.048062315277739416
2019-08-21,0.04833987072537429
2019-08-22,0.0497429945282706
2019-08-23,0.0514195670804191
2019-08-26,0.051770438249217905
2019-08-27,0.05337078651685393
2019-08-28,0.051675977653631286
2019-08-29,0.051256983240223465
2019-08-30,0.048044692737430165
2019-09-02,0.04902234636871509
2019-09-03,0.049019607843137254
2019-09-04,0.049019607843137254
2019-09-05,0.048599439775910365
2019-09-06,0.05027932960893855
2019-09-09,0.05042016806722689
2019-09-10,0.050980392156862744
2019-09-11,0.05112044817927171
2019-09-12,0.05238095238095238
2019-09-13,0.05277008310249308
2019-09-16,0.05320334261838441
2019-09-17,0.05251396648044693
2019-09-18,0.05389972144846797
2019-09-19,0.05307262569832402
2019-09-20,0.05223463687150838
2019-09-23,0.052924791086350974
2019-09-24,0.05181564245810056
2019-09-25,0.05111731843575419
2019-09-26,0.05111420612813371
2019-09-27,0.051675977653631286
2019-09-30,0.05223463687150838
2019-10-02,0.05139664804469273
2019-10-03,0.05097765363128492
2019-10-04,0.05027932960893855
2019-10-07,0.05013927576601671
2019-10-08,0.05042016806722689
2019-10-09,0.05028011204481792
2019-10-10,0.049999999999999996
2019-10-11,0.05013966480446927
2019-10-14,0.049999999999999996
2019-10-15,0.049860724233983286
2019-10-16,0.04972144846796658
2019-10-17,0.049166666666666664
2019-10-18,0.048607242339832865
2019-10-21,0.0479108635097493
2019-10-22,0.04791666666666667
2019-10-23,0.04735376044568245
2019-10-24,0.04722222222222222
2019-10-25,0.04748603351955307
2019-10-28,0.04735376044568245
2019-10-29,0.04748603351955307
2019-10-30,0.04708333333333333
2019-10-31,0.04722222222222222
2019-11-01,0.04722222222222222
2019-11-04,0.048039215686274506
2019-11-05,0.048328690807799446
2019-11-06,0.04846368715083799
2019-11-07,0.04722222222222222
2019-11-08,0.04763888888888888
2019-11-12,0.04860335195530726
2019-11-13,0.04958217270194986
2019-11-14,0.05349162011173184
2019-11-15,0.05250696378830084
2019-11-18,0.051944444444444446
2019-11-19,0.05153203342618384
2019-11-20,0.052222222222222225
2019-11-21,0.05166666666666667
2019-11-22,0.05180555555555555
2019-11-25,0.05166666666666667
2019-11-26,0.050972222222222224
2019-11-27,0.05138888888888889
2019-11-28,0.05166666666666667
2019-11-29,0.05166666666666667
2019-12-02,0.05166666666666667
2019-12-03,0.052222222222222225
2019-12-04,0.052089136490250695
2019-12-05,0.051944444444444446
2019-12-06,0.05166666666666667
2019-12-09,0.05153203342618384
2019-12-10,0.051527777777777777
2019-12-11,0.05153203342618384
2019-12-12,0.05167130919220056
2019-12-13,0.052083333333333336
2019-12-16,0.052083333333333336
2019-12-17,0.051944444444444446
2019-12-18,0.05153203342618384
2019-12-19,0.05153203342618384
2019-12-20,0.050833333333333335
2019-12-23,0.05097493036211699
2019-12-24,0.050416666666666665
2019-12-27,0.05111111111111111
2019-12-30,0.05153203342618384
2019-12-31,0.05166666666666667
2020-01-02,0.052089136490250695
2020-01-03,0.05362116991643454
2020-01-06,0.05555555555555555
2020-01-07,0.058333333333333334
2020-01-08,0.06072423398328691
2020-01-09,0.06111111111111111
2020-01-10,0.06086350974930362
2020-01-13,0.06027777777777778
2020-01-14,0.059166666666666666
2020-01-15,0.05930555555555556
2020-01-16,0.06072423398328691
2020-01-17,0.06211699164345404
2020-01-20,0.06319444444444444
2020-01-21,0.06208333333333334
2020-01-22,0.06111111111111111
2020-01-23,0.06128133704735376
2020-01-24,0.06097222222222222
2020-01-27,0.05958333333333333
2020-01-28,0.05875
2020-01-29,0.05875
2020-01-30,0.05891364902506963
2020-01-31,0.05807799442896936
2020-02-03,0.05543175487465181
2020-02-04,0.05318559556786703
2020-02-05,0.05318559556786703
2020-02-06,0.05555555555555555
2020-02-07,0.054847645429362886
2020-02-10,0.05498614958448754
2020-02-11,0.055401662049861494
2020-02-12,0.05541666666666666
2020-02-13,0.05512465373961219
2020-02-14,0.05443213296398892
2020-02-17,0.05444444444444445
2020-02-18,0.054016620498614956
2020-02-19,0.05386740331491713
2020-02-20,0.05359116022099447
2020-02-21,0.05483425414364641
2020-02-24,0.05290858725761773
2020-02-25,0.05247933884297521
2020-02-26,0.05233516483516484
2020-02-27,0.0521978021978022
2020-02-28,0.050824175824175824
2020-03-02,0.04972451790633609
2020-03-03,0.05384615384615385
2020-03-04,0.05399449035812673
2020-03-05,0.054945054945054944
2020-03-06,0.05179063360881543
2020-03-09,0.04656593406593407
2020-03-10,0.035851648351648356
2020-03-11,0.033104395604395605
2020-03-12,0.029889807162534435
2020-03-13,0.032692307692307694
2020-03-16,0.035068493150684936
2020-03-17,0.03708791208791209
2020-03-18,0.036986301369863014
2020-03-19,0.033287671232876716
2020-03-20,0.03246575342465753
2020-03-23,0.029315068493150683
2020-03-24,0.03
2020-03-25,0.03219178082191781
2020-03-26,0.03315068493150685
2020-03-27,0.034520547945205475
2020-03-30,0.03273972602739726
2020-03-31,0.03205479452054794
2020-04-01,0.03123287671232877
2020-04-02,0.030136986301369864
2020-04-03,0.0326027397260274
2020-04-06,0.033013698630136985
2020-04-07,0.03547945205479452
2020-04-08,0.036301369863013695
2020-04-09,0.038356164383561646
2020-04-14,0.03766233766233766
2020-04-15,0.04124513618677043
2020-04-16,0.037176165803108806
2020-04-17,0.0390625
2020-04-20,0.03637532133676093
2020-04-21,0.03354755784061697
2020-04-22,0.03530166880616174
2020-04-23,0.035686777920410785
2020-04-24,0.03607188703465982
2020-04-27,0.036456996148908856
2020-04-28,0.038174807197943444
2020-04-29,0.037789203084832905
2020-04-30,0.03671467816888752
2020-05-04,0.03698453608247423
2020-05-05,0.03812580231065468
2020-05-06,0.04056482670089859
2020-05-07,0.0390745501285347
2020-05-08,0.039690721649484534
2020-05-11,0.03868795146654328
2020-05-12,0.0385930388415216
2020-05-13,0.03876765083440308
2020-05-14,0.03979328165374677
2020-05-15,0.03997309254611782
2020-05-18,0.03979460847240052
2020-05-19,0.040692151677748964
2020-05-20,0.04252577319587629
2020-05-21,0.043645699614890884
2020-05-22,0.04346153846153846
2020-05-27,0.045956354300385104
2020-05-28,0.04509043927648579
2020-05-29,0.04401041666666666
2020-06-01,0.04440104166666667
2020-06-02,0.04418604651162791
2020-06-03,0.04392764857881137
2020-06-04,0.04348958333333333
2020-06-05,0.043281653746770024
2020-06-08,0.04366925064599483
2020-06-09,0.04401041666666666
2020-06-10,0.04289405684754522
2020-06-11,0.04324675324675324
2020-06-15,0.04186046511627907
2020-06-16,0.04192708333333334
2020-06-17,0.0417312661498708
2020-06-18,0.04205729166666666
2020-06-19,0.04205729166666666
2020-06-22,0.04167741935483871
2020-06-23,0.041935483870967745
2020-06-24,0.042322580645161284
2020-06-25,0.04205729166666666
2020-06-26,0.042187499999999996
2020-06-29,0.04186046511627907
2020-06-30,0.0415483870967742
2020-07-01,0.04056847545219638
2020-07-02,0.03819354838709678
2020-07-03,0.03935483870967742
2020-07-06,0.041472868217054266
2020-07-07,0.04224806201550388
2020-07-08,0.043359375
2020-07-09,0.043225806451612905
2020-07-10,0.04348958333333333
2020-07-13,0.04186046511627907
2020-07-14,0.04036222509702458
2020-07-15,0.04018087855297158
2020-07-16,0.04064516129032258
2020-07-17,0.040697674418604654
2020-07-20,0.04064935064935065
2020-07-21,0.04018087855297158
2020-07-22,0.040129032258064516
2020-07-23,0.040129032258064516
2020-07-24,0.040051679586563305
2020-07-27,0.04103225806451613
2020-07-28,0.042193548387096776
2020-07-29,0.04211886304909561
2020-08-03,0.043139841688654354
2020-08-04,0.04472295514511873
2020-08-05,0.04275829899712354
2020-08-06,0.044121532364597094
2020-08-07,0.044708994708994705
2020-08-10,0.04411764705882353
2020-08-11,0.04529569892473119
2020-08-12,0.04478609625668449
2020-08-13,0.04407894736842105
2020-08-14,0.04329453244497446
2020-08-17,0.04417989417989418
2020-08-18,0.04384816753926701
2020-08-19,0.04390864922445374
2020-08-20,0.043772177471573984
2020-08-21,0.043521061084917885
2020-08-24,0.043727617169253136
2020-08-25,0.0439620292561469
2020-08-26,0.04396659057895829
2020-08-27,0.04362798405054114
2020-08-28,0.043544552408517685
2020-08-31,0.043542684828948734
2020-09-01,0.04366529321827464
2020-09-02,0.043936958888485665
2020-09-03,0.046112600536193024
2020-09-04,0.04652406417112299
2020-09-07,0.04479660270851136
2020-09-08,0.044708994708994705
2020-09-09,0.0431578947368421
2020-09-10,0.044546649145860706
2020-09-11,0.04520367936925098
2020-09-14,0.045877659574468085
2020-09-15,0.045744680851063826
2020-09-16,0.044270833333333336
2020-09-17,0.04348958333333333
2020-09-18,0.044533333333333334
2020-09-21,0.04383202099737533
2020-09-22,0.04383202099737533
2020-09-23,0.04392878368950102
2020-09-24,0.04547872340425532
2020-09-25,0.045526315789473686
2020-09-28,0.045228758169934644
2020-09-29,0.0457516339869281
2020-09-30,0.046911957950065704
2020-10-02,0.047877984084880636
2020-10-05,0.050397877984084884
2020-10-06,0.05437908496732027
2020-10-07,0.050887604768598056
2020-10-08,0.053315649867374006
2020-10-09,0.05305039787798409
2020-10-12,0.05208333333333333
2020-10-13,0.052562417871222074
2020-10-14,0.052562417871222074
2020-10-15,0.05319148936170213
2020-10-16,0.05663600525624179
2020-10-19,0.05526315789473684
2020-10-20,0.05539473684210527
2020-10-21,0.05502645502645503
2020-10-22,0.05477453580901857
2020-10-23,0.05570291777188329
2020-10-26,0.056100795755968165
2020-10-27,0.05637171165015374
2020-10-28,0.056578947368421055
2020-10-30,0.05815789473684211
2020-11-02,0.05822281167108753
2020-11-03,0.057124183006535954
2020-11-04,0.057124183006535954
2020-11-05,0.05793650793650793
2020-11-06,0.059151193633952256
2020-11-09,0.06310935441370223
2020-11-10,0.06455862977602109
2020-11-11,0.06724454951405306
2020-11-12,0.07427440633245382
2020-11-13,0.07182539682539682
2020-11-16,0.06896551724137931
2020-11-17,0.06833773087071239
2020-11-18,0.07063492063492063
2020-11-19,0.0687335092348285
2020-11-20,0.06772486772486773
2020-11-23,0.06405835543766578
2020-11-24,0.06375661375661376
2020-11-25,0.0649867374005305
2020-11-26,0.0643551352771211
2020-11-27,0.06485411140583554
2020-11-30,0.06382978723404255
2020-12-01,0.06455026455026455
2020-12-02,0.06349206349206349
2020-12-03,0.0623015873015873
2020-12-04,0.06352785145888594
2020-12-07,0.0626984126984127
2020-12-08,0.0619047619047619
2020-12-09,0.06220159151193634
2020-12-10,0.058355437665782495
2020-12-11,0.06037234042553191
2020-12-14,0.06042780748663102
2020-12-15,0.0625
2020-12-16,0.06409574468085107
2020-12-17,0.066
2020-12-18,0.06595744680851064
2020-12-21,0.06462765957446809
2020-12-22,0.06515957446808511
2020-12-23,0.06533333333333333
2020-12-24,0.06515957446808511
2020-12-29,0.06613756613756613
2020-12-30,0.06653333333333333
2020-12-31,0.06514315734173891
2021-01-04,0.06871657754010695
2021-01-05,0.06577540106951872
2021-01-06,0.06711229946524065
2021-01-07,0.06645652744943525
2021-01-08,0.06785714285714285
2021-01-11,0.06911764705882353
2021-01-12,0.0688
2021-01-13,0.06906666666666667
2021-01-14,0.07039999999999999
2021-01-15,0.06908326766482795
2021-01-18,0.06868925663251904
2021-01-19,0.06986666666666666
2021-01-20,0.07032085561497327
2021-01-21,0.07053333333333334
2021-01-22,0.0701058201058201
2021-01-25,0.0701058201058201
2021-01-26,0.06981382978723404
2021-01-27,0.0702127659574468
2021-01-28,0.07253333333333332
2021-01-29,0.07253333333333332
2021-02-01,0.07239999999999999
2021-02-02,0.07013333333333334
2021-02-03,0.07167553191489362
2021-02-04,0.07133333333333333
2021-02-05,0.06914893617021277
2021-02-08,0.06914893617021277
2021-02-09,0.06861702127659575
2021-02-10,0.06648936170212766
2021-02-11,0.06613333333333334
2021-02-12,0.06648936170212766
2021-02-15,0.06607119401024564
2021-02-16,0.06648936170212766
2021-02-17,0.06648936170212766
2021-02-18,0.06426666666666667
2021-02-19,0.06569148936170213
2021-02-22,0.06595744680851064
2021-02-23,0.06933333333333333
2021-02-24,0.07013333333333334
2021-02-25,0.06792264438488624
2021-02-26,0.066871617005623
2021-03-01,0.06861702127659575
2021-03-02,0.0674113009198423
2021-03-03,0.0671484888304862
2021-03-04,0.06666666666666667
2021-03-05,0.0672872340425532
2021-03-08,0.06552631578947368
2021-03-09,0.05731225296442688
2021-03-10,0.057236842105263155
2021-03-11,0.056373193166885674
2021-03-12,0.05611038107752957
2021-03-15,0.0557161629434954
2021-03-16,0.05398936170212766
2021-03-17,0.05386430399436658
2021-03-18,0.05789473684210526
2021-03-19,0.05921052631578947
2021-03-22,0.05952380952380952
2021-03-23,0.05804749340369393
2021-03-24,0.05789473684210526
2021-03-25,0.05781865965834428
2021-03-26,0.057971014492753624
2021-03-29,0.05810276679841898
2021-03-30,0.05947368421052632
2021-03-31,0.05918635170603675
2021-04-01,0.0580814717477004
2021-04-06,0.05751805646749836
2021-04-07,0.055183287347260544
2021-04-08,0.05728550781763237
2021-04-09,0.05762969964293216
2021-04-12,0.05789473684210526
2021-04-13,0.05740498034076015
2021-04-14,0.05789473684210526
2021-04-15,0.05729303547963206
2021-04-16,0.056578947368421055
2021-04-19,0.057048748353096174
2021-04-20,0.05847568988173456
2021-04-21,0.05868421052631579
2021-04-22,0.0582010582010582
2021-04-23,0.05883905013192613
2021-04-26,0.058344283837056504
2021-04-27,0.058311345646438
2021-04-28,0.05877659574468085
2021-04-29,0.058212877792378444
2021-04-30,0.059018567639257294
2021-05-04,0.05789473684210526
2021-05-05,0.05605263157894737
2021-05-06,0.05768725361366623
2021-05-07,0.05888594164456233
2021-05-10,0.060526315789473685
2021-05-11,0.06118421052631579
2021-05-14,0.05808823529411764
2021-05-17,0.057804878048780484
2021-05-18,0.05731707317073171
2021-05-19,0.055825242718446605
2021-05-20,0.055825242718446605
2021-05-21,0.05623471882640587
2021-05-24,0.05621951219512195
2021-05-25,0.056356968215158926
2021-05-26,0.05574572127139364
2021-05-27,0.05585365853658536
2021-05-28,0.05623471882640587
2021-05-31,0.055757575757575756
2021-06-01,0.05546116504854369
2021-06-02,0.05563636363636364
2021-06-03,0.055825242718446605
2021-06-04,0.05596107055961071
2021-06-07,0.05569847587612853
2021-06-08,0.05565006075334143
2021-06-09,0.05569847587612853
2021-06-10,0.05613608748481167
2021-06-11,0.056463414634146336
2021-06-15,0.056674757281553405
2021-06-16,0.05707317073170731
2021-06-17,0.057387057387057384
2021-06-18,0.05811965811965812
2021-06-21,0.05822168087697929
2021-06-22,0.05804878048780488
2021-06-23,0.057177615571776155
2021-06-24,0.05804878048780488
2021-06-25,0.05804878048780488
2021-06-28,0.05768292682926829
2021-06-29,0.05778588807785888
2021-06-30,0.05778588807785888
2021-07-01,0.058435207823960875
2021-07-02,0.058394160583941604
2021-07-05,0.05864317695152813
2021-07-06,0.06034063260340633
2021-07-07,0.06082725060827251
2021-07-08,0.06097560975609756
2021-07-09,0.06092796092796093
2021-07-12,0.05951219512195122
2021-07-13,0.05919610231425092
2021-07-14,0.058465286236297195
2021-07-15,0.05919610231425092
2021-07-16,0.059489051094890506
2021-07-19,0.059593448376718344
2021-07-22,0.06004872107186358
2021-07-23,0.060462287104622876
2021-07-26,0.059975669099756684
2021-07-27,0.06034063260340633
2021-07-28,0.05936739659367396
2021-07-29,0.05947892086505948
2021-07-30,0.0597367204418814
2021-08-02,0.05985401459854015
2021-08-03,0.05936739659367396
2021-08-04,0.05968331303288672
2021-08-05,0.05936739659367396
2021-08-06,0.059248625237237826
2021-08-09,0.05901391998442519
2021-08-10,0.05862463207570119
2021-08-11,0.058869319840420355
2021-08-12,0.059124087591240874
2021-08-13,0.05936739659367396
2021-08-16,0.05896656534954407
2021-08-17,0.05885214007782101
2021-08-18,0.058823529411764705
2021-08-19,0.05895939703379528
2021-08-20,0.059095330739299616
2021-08-23,0.05911689575477436
2021-08-24,0.05959765501471698
2021-08-25,0.059360175161172604
2021-08-26,0.059124087591240874
2021-08-27,0.05936739659367396
2021-08-30,0.05900243309002433
2021-08-31,0.058394160583941604
2021-09-01,0.058394160583941604
2021-09-02,0.05851581508515815
2021-09-03,0.05863461632037371
2021-09-06,0.05899956206510632
2021-09-07,0.05888077858880778
2021-09-08,0.05842259006815969
2021-09-09,0.05792163543441227
2021-09-10,0.058404107755578805
2021-09-13,0.05766423357664233
2021-09-14,0.057907542579075426
2021-09-15,0.05754677957028493
2021-09-16,0.057483836468815316
2021-09-17,0.057875155022736664
2021-09-20,0.05712896560106964
2021-09-21,0.05583941605839416
2021-09-22,0.055717761557177614
2021-09-23,0.055596107055961075
2021-09-24,0.057177615571776155
2021-09-27,0.05705596107055961
2021-09-28,0.05693202365244588
2021-09-29,0.05742071055075013
2021-09-30,0.05715330246161345
2021-10-04,0.05727516451377041
2021-10-05,0.05817066640704863
2021-10-06,0.05868143665820809
2021-10-07,0.058857936682020905
2021-10-08,0.05971095025712266
2021-10-11,0.05983864284495576
2021-10-12,0.05982406121305164
2021-10-13,0.06044063170208618
2021-10-14,0.060192518581698544
2021-10-15,0.06018958500865073
2021-10-18,0.0605492068906703
2021-10-20,0.06080620003899396
2021-10-21,0.06079730981041961
2021-10-22,0.06091469506103652
2021-10-25,0.06077469429596544
2021-10-26,0.0605261873383121
2021-10-27,0.0610098347853674
2021-10-28,0.061134838316046373
2021-10-29,0.061613918645225835
2021-11-01,0.06137140068326012
2021-11-02,0.06098750975800156
2021-11-03,0.059761927992974924
2021-11-04,0.05975755506231859
2021-11-05,0.05999707331349691
2021-11-08,0.05975026826651058
2021-11-09,0.05950203623771551
2021-11-10,0.05876758760272136
2021-11-11,0.058519457719691796
2021-11-12,0.05852516582130316
2021-11-15,0.05863422483360558
2021-11-16,0.05863279535813545
2021-11-17,0.05859042617849416
2021-11-18,0.058734646129849875
2021-11-19,0.058244382707023444
2021-11-22,0.05897548374518692
2021-11-23,0.059113781816405295
2021-11-24,0.05972446138062436
2021-11-25,0.05950352883913361
2021-11-26,0.05947873665697746
2021-11-29,0.05911233786853611
2021-11-30,0.05850167322113388
2021-12-01,0.058620942331647975
2021-12-02,0.05751618024178777
2021-12-03,0.05738986031063788
2021-12-06,0.05738845881462307
2021-12-07,0.05845531821613854
2021-12-08,0.05860948985323207
2021-12-09,0.059687340448809904
2021-12-10,0.06227562458788189
2021-12-13,0.0611422992433488
2021-12-14,0.060443988570591245
2021-12-15,0.06056461854058806
2021-12-16,0.06054983153474291
2021-12-17,0.06053800712786213
2021-12-20,0.06066005956158766
2021-12-21,0.0600253250864462
2021-12-22,0.05941510215014488
2021-12-23,0.05892665822538229
2021-12-24,0.059448396842413015
2021-12-29,0.060262965668371075
2021-12-30,0.06086427267194157
2021-12-31,0.06112528861344027
2022-01-04,0.061372016301183774
2022-01-05,0.0613630851321853
2022-01-06,0.06144858680370388
2022-01-07,0.061544425868042936
2022-01-10,0.06135934550031467
2022-01-11,0.06148632292423142
2022-01-12,0.061556695046439625
2022-01-13,0.061653771760154734
2022-01-14,0.06162546219096643
2022-01-17,0.06162546219096643
2022-01-18,0.06207729468599034
2022-01-19,0.062293261221237656
2022-01-20,0.06237181807214381
2022-01-21,0.06225117625769092
2022-01-24,0.06163476586011797
2022-01-25,0.06126091360764073
2022-01-26,0.06123137746492454
2022-01-27,0.0614472637894889
2022-01-28,0.0620242797957414
2022-01-31,0.06272120964052681
2022-02-01,0.06602133925554
2022-02-02,0.0638046854308622
2022-02-03,0.06293016316118785
2022-02-04,0.06338705797450085
2022-02-07,0.06480234683081658
2022-02-08,0.06489604614829948
2022-02-09,0.0651051051051051
2022-02-10,0.06580685448039003
2022-02-11,0.0645842836906677
2022-02-14,0.06514304980252385
2022-02-15,0.06465050203462475
2022-02-16,0.06465050203462475
2022-02-17,0.06452078869441703
2022-02-18,0.06452078869441703
2022-02-21,0.0648647347646096
2022-02-22,0.06487878860829582
2022-02-23,0.06486785731478362
2022-02-24,0.0649600615917621
2022-02-25,0.0649303715125524
2022-02-28,0.06521948402002312
2022-03-01,0.06506024096385542
2022-03-02,0.06487722676937892
2022-03-03,0.06413798073458406
2022-03-04,0.06327902581401469
2022-03-07,0.06465672935680401
2022-03-08,0.06452544902971061
2022-03-09,0.06380314922713921
2022-03-10,0.06428468242885348
2022-03-11,0.06500698223142486
2022-03-14,0.06501324343847821
2022-03-15,0.06450836442411843
2022-03-16,0.06355014202493861
2022-03-17,0.06361843371175678
2022-03-18,0.06415194261229598
2022-03-21,0.06499915741832976
2022-03-22,0.06494914927459391
2022-03-23,0.06478025285972305
2022-03-24,0.06405779650812764
2022-03-25,0.06478025285972305
2022-03-28,0.05671555523444838
2022-03-29,0.055990367248645395
2022-03-30,0.054786273329319686
2022-03-31,0.05394340758579169
2022-04-01,0.05394730504310967
2022-04-04,0.052983960310197004
2022-04-05,0.05479023168440826
2022-04-06,0.05454939550118009
2022-04-07,0.054919908466819226
2022-04-08,0.0554016620498615
2022-04-11,0.057814607824243594
2022-04-12,0.06133932236953319
2022-04-13,0.06061630602782072
2022-04-14,0.060382097915609986
2022-04-19,0.060024154589371985
2022-04-20,0.05783132530120482
2022-04-21,0.058542931483087604
2022-04-22,0.060952105618194086
2022-04-25,0.06170305255023184
2022-04-26,0.05976191623692708
2022-04-27,0.05820399113082039
2022-04-28,0.05918086927174988
2022-04-29,0.059070305718970005
2022-05-04,0.05823627287853577
2022-05-05,0.05788432781824321
2022-05-06,0.05895970483975982
2022-05-09,0.0585824493731919
2022-05-10,0.0585989415943745
2022-05-11,0.058719764154362905
2022-05-12,0.05785502494997951
2022-05-13,0.059070305718970005
2022-05-16,0.058710066305003014
2022-05-17,0.05810729355033153
2022-05-18,0.05884055175074756
2022-05-19,0.05860788191597125
2022-05-20,0.05812551251748589
2022-05-23,0.058010516667470695
2022-05-24,0.057875952541718914
2022-05-25,0.05691135333269027
2022-05-26,0.05750868055555555
2022-05-27,0.05762924382716049
2022-05-30,0.05750868055555555
2022-05-31,0.05654690137448758
2022-06-01,0.056553720004823345
2022-06-02,0.055477832987601915
2022-06-03,0.056557811972408466
2022-06-06,0.0563166272731658
2022-06-07,0.056435858476231816
2022-06-08,0.056435858476231816
2022-06-09,0.055109374623158
2022-06-10,0.055109374623158
2022-06-14,0.054176610978520286
2022-06-15,0.053650655864197525
2022-06-16,0.05291834422237759
2022-06-17,0.051582423409742804
2022-06-20,0.05250721974271462
2022-06-21,0.05304400241109102
2022-06-22,0.05293748794134671
2022-06-23,0.05209966472900939
2022-06-24,0.05223286448406475
2022-06-27,0.05235223160434258
2022-06-28,0.05221396874397067
2022-06-29,0.05233960443801254
2022-06-30,0.05231815222894616
2022-07-01,0.05267979844251031
2022-07-04,0.053282542131783885
2022-07-05,0.05219382835101253
2022-07-06,0.05243111636091893
2022-07-07,0.052681068569775294
2022-07-08,0.05303377287081455
2022-07-13,0.05411855458862667
2022-07-14,0.053274835474772804
2022-07-15,0.05350686912509038
2022-07-18,0.05302482525909858
2022-07-19,0.05302482525909858
2022-07-20,0.052904314292600625
2022-07-21,0.052904314292600625
2022-07-22,0.050094152865626955
2022-07-25,0.05232067510548523
2022-07-26,0.05063291139240506
2022-07-27,0.04962181432769668
2022-07-28,0.04554655870445344
2022-07-29,0.04983508679009076
2022-08-01,0.050519630484988455
2022-08-02,0.05145467660495311
2022-08-03,0.05141882313366491
2022-08-04,0.052797043365571526
2022-08-05,0.05250917112235356
2022-08-08,0.05090186121158406
2022-08-09,0.05090186121158406
2022-08-10,0.051292474712451276
2022-08-11,0.05115089514066496
2022-08-12,0.050749904470768055
2022-08-15,0.05180357611783523
2022-08-16,0.05204230227506028
2022-08-17,0.05167158777026384
2022-08-18,0.05228306695567254
2022-08-19,0.05228306695567254
2022-08-22,0.05233111322549953
2022-08-23,0.052292553065056695
2022-08-24,0.052246603970741906
2022-08-25,0.052208168205225565
2022-08-26,0.05193265354517429
2022-08-29,0.052051221247332226
2022-08-30,0.05196742269993844
2022-08-31,0.05197209169870425
2022-09-01,0.050300620177058185
2022-09-02,0.050837037737633595
2022-09-05,0.04827586206896552
2022-09-06,0.047615688487584656
2022-09-07,0.04710885552501116
2022-09-08,0.04701826794550102
2022-09-09,0.04698191020714219
2022-09-12,0.046944509482556775
2022-09-13,0.046782531402774205
2022-09-14,0.04558098221172951
2022-09-15,0.04589941837378243
2022-09-16,0.04610392642046781
2022-09-19,0.046071661845665766
2022-09-20,0.046152770331693904
2022-09-21,0.046463423154854785
2022-09-22,0.046543017383817
2022-09-23,0.04638995465643529
2022-09-26,0.04645976584278015
2022-09-27,0.04688624283360026
2022-09-28,0.04618991249448738
2022-09-29,0.04634564582657459
2022-09-30,0.046310232245814716
2022-10-04,0.044689374117211196
2022-10-05,0.045907026191166524
2022-10-06,0.04458304458304459
2022-10-07,0.045127187110475045
2022-10-11,0.04472313154133432
2022-10-12,0.044787804821885005
2022-10-13,0.04497354497354498
2022-10-14,0.04601085856262078
2022-10-17,0.046430377419206546
2022-10-18,0.046805093495468617
2022-10-19,0.04667645304830497
2022-10-20,0.04631858934672445
2022-10-21,0.04597463942583293
2022-10-24,0.045819014891179836
2022-10-25,0.045227626637354586
2022-10-26,0.044897491696254725
2022-10-27,0.045978589074938236
2022-10-28,0.045942857142857146
2022-10-31,0.04567774351947013
2022-11-01,0.04566001552440528
2022-11-02,0.04550950110637133
2022-11-03,0.045364396927075015
2022-11-04,0.045228764126868395
2022-11-07,0.04553112052087602
2022-11-08,0.04527563533774714
2022-11-09,0.0453625594033516
2022-11-10,0.0452139140708427
2022-11-11,0.04529355673613949
2022-11-14,0.04525554068461765
2022-11-15,0.04555860286951201
2022-11-16,0.049411818037580185
2022-11-17,0.048206404888536836
2022-11-18,0.048285688438574274
2022-11-21,0.04904065628601776
2022-11-22,0.04992883446671035
2022-11-23,0.0512646793134598
2022-11-24,0.049667005305339205
2022-11-25,0.049462462733760953
2022-11-28,0.0496199562442204
2022-11-29,0.04893559444344218
2022-11-30,0.04938661374706837
2022-12-01,0.05130228887134965
2022-12-02,0.05127684991096986
2022-12-05,0.04999549590127015
2022-12-06,0.04962751232247755
2022-12-07,0.04951497828092998
2022-12-08,0.049609647445271896
2022-12-09,0.04972214097689383
2022-12-12,0.05048914876869448
2022-12-13,0.05170747060542703
2022-12-14,0.051690039554117224
2022-12-15,0.052813736066163255
2022-12-16,0.05416095467110142
2022-12-19,0.053876891303371796
2022-12-20,0.05443810892111525
2022-12-21,0.05455035244466395
2022-12-22,0.05402012866204918
2022-12-23,0.055028803263622715
2022-12-28,0.0558120769265253
2022-12-29,0.05569473024961975
2022-12-30,0.0536216989141606
2023-01-03,0.053565450284566454
2023-01-04,0.05373347305522731
2023-01-05,0.054673407122018576
2023-01-06,0.05438772105438772
2023-01-09,0.05405405405405406
2023-01-10,0.05416166199564038
2023-01-11,0.054090002216803365
2023-01-12,0.055576467462303214
2023-01-13,0.056515295626976936
2023-01-16,0.05441033353976821
2023-01-17,0.05429504723227686
2023-01-18,0.05418469144521939
2023-01-19,0.05326086956521739
2023-01-20,0.0537882787750792
2023-01-23,0.05411826821541711
2023-01-24,0.053897089557163914
2023-01-25,0.05332230613532983
2023-01-26,0.05372134499108269
2023-01-27,0.05415633563878377
2023-01-30,0.054575895283859886
2023-01-31,0.05434546324072866
2023-02-01,0.05543237250554324
2023-02-02,0.05456047300234762
2023-02-03,0.05477784540474741
2023-02-06,0.0546602787456446
2023-02-07,0.05435727952687424
2023-02-08,0.05479213776308923
2023-02-09,0.05456877622453638
2023-02-10,0.05490315693152356
2023-02-13,0.05575844528498761
2023-02-14,0.05499282702256227
2023-02-15,0.05510869565217392
2023-02-16,0.05542875774372351
2023-02-17,0.054945054945054944
2023-02-20,0.054341919356591675
2023-02-21,0.05482456140350877
2023-02-22,0.05478618170750266
2023-02-23,0.055115884680610516
2023-02-24,0.056593406593406594
2023-02-27,0.05665938864628821
2023-02-28,0.05761245298606431
2023-03-01,0.058442982456140345
2023-03-02,0.05764192139737991
2023-03-03,0.058333333333333334
2023-03-06,0.057178885120445264
2023-03-07,0.05703296703296703
2023-03-08,0.05701754385964912
2023-03-09,0.056768558951965066
2023-03-10,0.05608451806443199
2023-03-13,0.054945054945054944
2023-03-14,0.05434428189465905
2023-03-15,0.05218818380743983
2023-03-16,0.05350109409190372
2023-03-17,0.053711790393013104
2023-03-20,0.05381721716062537
2023-03-21,0.054574708644981734
2023-03-22,0.05446244156973584
2023-03-23,0.054567589895212834
2023-03-24,0.05424148876038088
2023-03-27,0.05422993492407809
2023-03-28,0.05411255411255411
2023-03-29,0.05635964912280702
2023-03-30,0.05642701525054466
2023-03-31,0.05619565217391305
2023-04-03,0.0561076919731205
2023-04-04,0.05443722943722944
2023-04-05,0.055314533622559656
2023-04-06,0.05545527695017724
2023-04-11,0.0550755939524838
2023-04-12,0.05519480519480519
2023-04-13,0.0541036717062635
2023-04-14,0.05422993492407809
2023-04-17,0.04783440598364933
2023-04-18,0.04708423326133909
2023-04-19,0.04749690237593201
2023-04-20,0.04761388286334056
2023-04-25,0.047830802603036876
2023-04-26,0.04891540130151844
2023-04-27,0.04956521739130435
2023-04-28,0.04956521739130435
2023-05-02,0.0509761388286334
2023-05-03,0.0521909318255953
2023-05-04,0.05217391304347826
2023-05-05,0.05239651416122004
2023-05-08,0.053159041394335506
2023-05-09,0.05314533622559653
2023-05-10,0.052928416485900215
2023-05-11,0.05184381778741865
2023-05-12,0.052060737527114966
2023-05-15,0.0525
2023-05-16,0.05337690631808279
2023-05-17,0.05479302832244008
2023-05-18,0.05434782608695652
2023-05-19,0.05664488017429194
2023-05-22,0.057499999999999996
2023-05-23,0.058823529411764705
2023-05-24,0.058152173913043476
2023-05-25,0.058152173913043476
2023-05-26,0.058823529411764705
2023-05-30,0.06456521739130434
2023-05-31,0.06318082788671024
2023-06-01,0.06402465491796162
2023-06-02,0.06217391304347827
2023-06-05,0.06076086956521739
2023-06-06,0.06086956521739131
2023-06-07,0.06076086956521739
2023-06-08,0.060649381592912686
2023-06-09,0.06073752711496746
2023-06-13,0.0668112798264642
2023-06-14,0.07268817204301074
2023-06-15,0.06885661496154341
2023-06-16,0.04725609756097561
2023-06-19,0.046549178479732924
2023-06-20,0.0462893314663303
2023-06-21,0.04081905523493134
2023-06-22,0.03897058823529412
2023-06-23,0.038905775075987845
2023-06-26,0.040123456790123455
2023-06-27,0.04449970551665467
2023-06-30,0.04507943193334825
2023-07-03,0.04577922077922078
2023-07-04,0.043975716064757156
2023-07-05,0.044113842173350584
2023-07-06,0.044638242894056844
2023-07-07,0.04525357607282184
2023-07-10,0.04421012513498063
2023-07-11,0.04371794871794872
2023-07-12,0.044265463917525776
2023-07-13,0.0433075933075933
2023-07-14,0.04188144329896907
2023-07-17,0.0436936936936937
2023-07-18,0.04157160963244613
2023-07-19,0.040770660295065805
2023-07-20,0.04085969816953612
2023-07-21,0.04529639175257732
2023-07-24,0.043767816149945765
2023-07-25,0.04414621225498852
2023-07-26,0.04479695431472081
2023-07-27,0.04516129032258064
2023-07-28,0.043855123310287895
2023-07-31,0.044611133043821555
2023-08-01,0.04419408458879713
2023-08-02,0.04317789291882556
2023-08-03,0.04321543408360129
2023-08-04,0.0444618293239455
2023-08-07,0.04556233513628734
2023-08-08,0.04663744053726331
2023-08-09,0.0455272708352303
2023-08-10,0.045529047532325624
2023-08-11,0.04553141667750748
2023-08-14,0.04452278365321844
2023-08-15,0.04526315789473684
2023-08-16,0.04386355823221585
2023-08-17,0.04430140591814664
2023-08-18,0.04432855280312908
2023-08-21,0.04440810987573578
2023-08-22,0.04436918310820567
2023-08-23,0.04394736842105263
2023-08-24,0.04369645529058142
2023-08-25,0.04243107379767827
2023-08-28,0.04231812895722962
2023-08-29,0.0433954687358317
2023-08-30,0.0425614489003881
2023-08-31,0.0425614489003881
2023-09-01,0.04547136889969862
2023-09-04,0.049009894450389044
2023-09-05,0.04865220249835635
2023-09-06,0.04908073117024381
2023-09-08,0.046950444726810675
2023-09-11,0.04467001948537056
2023-09-12,0.044532803180914515
2023-09-13,0.04323116219667944
2023-09-14,0.042091836734693876
2023-09-15,0.04239773538712639
2023-09-18,0.043622438908846865
2023-09-19,0.04252577319587629
2023-09-20,0.042842120295480804
2023-09-21,0.04300066455572495
2023-09-22,0.04285714285714286
2023-09-25,0.041075669084140946
2023-09-26,0.03985623515820551
2023-09-28,0.040252057613168725
2023-09-29,0.04084415584415584
2023-10-03,0.041149575440888306
2023-10-04,0.042726456918605424
2023-10-05,0.041888804265041886
2023-10-06,0.04174820613176777
2023-10-09,0.04211095148343899
2023-10-10,0.04167594983159247
2023-10-11,0.04122049180220947
2023-10-12,0.041661242025777895
2023-10-13,0.041584904679601305
2023-10-16,0.04202614379084967
2023-10-17,0.04325032765399738
2023-10-18,0.043631613324624424
2023-10-19,0.04425901201602136
2023-10-20,0.04412550066755674
2023-10-23,0.0386632402702357
2023-10-24,0.039011627906976744
2023-10-25,0.04079959873258218
2023-10-26,0.0412615307903266
2023-10-27,0.04191315292636878
2023-10-30,0.04262194966793048
2023-10-31,0.04214876033057851
2023-11-01,0.04365482233502538
2023-11-02,0.04327957331432426
2023-11-03,0.042169496570627706
2023-11-06,0.04202626641651032
2023-11-07,0.042361561653245804
2023-11-08,0.04135525660189338
2023-11-09,0.04115784938095107
2023-11-10,0.041081417029210684
2023-11-13,0.04080389768574909
2023-11-14,0.04071005917159763
2023-11-15,0.04003178820515253
2023-11-16,0.03964497041420118
2023-11-17,0.03978369106891869
2023-11-20,0.04044261175092719
2023-11-21,0.04068128905771352
2023-11-22,0.04154797298137805
2023-11-23,0.041643876485505445
2023-11-24,0.04321295143212952
2023-11-27,0.044180225281602
2023-11-28,0.04455006337135615
2023-11-29,0.04410838059231254
2023-11-30,0.043101265822784805
2023-12-01,0.04438807863031072
2023-12-04,0.04364433312460864
2023-12-05,0.04351620947630923
2023-12-06,0.04495641344956414
2023-12-07,0.04403497813866333
2023-12-08,0.043586550435865505
2023-12-11,0.04476670870113493
2023-12-12,0.044268754988028736
2023-12-13,0.04538653366583541
2023-12-14,0.04693232131562303
2023-12-15,0.04623110568355992
2023-12-18,0.046997124434704406
2023-12-19,0.0471875
2023-12-20,0.046694966646452396
2023-12-21,0.046844169506809065
2023-12-22,0.04195308781367958
2023-12-27,0.042458100558659215
2023-12-28,0.04258639910813824
2023-12-29,0.043129421742138505
2024-01-02,0.04410268008594369
2024-01-03,0.04560242315458829
2024-01-04,0.044956140350877194
2024-01-05,0.04595336827248159
2024-01-08,0.04865478834319426
2024-01-09,0.051805251641137855
2024-01-10,0.04484800050473717
2024-01-11,0.045428437157328604
2024-01-12,0.04493160991003229
2024-01-15,0.04652498564043653
2024-01-16,0.05122905027932961
2024-01-17,0.05174679788067097
2024-01-18,0.04949610064579562
2024-01-19,0.05053113841040268
2024-01-22,0.04940988871545519
2024-01-23,0.045934145400959754
2024-01-24,0.04695644442468631
2024-01-25,0.048254504504504504
2024-01-26,0.04784688995215311
2024-01-29,0.04703247480403135
2024-01-30,0.04364857302742026
2024-01-31,0.029396984924623115
2024-02-01,0.03238255033557047
2024-02-02,0.03313758389261745
2024-02-05,0.02764088279408614
2024-02-06,0.02664298401420959
2024-02-07,0.025958818591593005
2024-02-08,0.02564997755626964
2024-02-09,0.02499796488752612
2024-02-12,0.024550898203592814
2024-02-13,0.023430951296622645
2024-02-14,0.024076517150395778
2024-02-15,0.023570910529438913
2024-02-16,0.023974873261319418
2024-02-19,0.02390790434159507
2024-02-20,0.0222007722007722
2024-02-21,0.02209772798008092
2024-02-22,0.022253345782757547
2024-02-23,0.021973233737939617
2024-02-26,0.022862694300518134
2024-02-27,0.02185508494976498
2024-02-28,0.019906021494822596
2024-02-29,0.021644352370056585
2024-03-04,0.02344592226139062
2024-03-05,0.022748973092130136
2024-03-06,0.02137464087460001
2024-03-07,0.021338780641106225
2024-03-08,0.02133212869547759
2024-03-11,0.022280625088476242
2024-03-12,0.023693155035105568
2024-03-13,0.024189346763589453
2024-03-14,0.024153074027603513
2024-03-15,0.02464889297289243
2024-03-18,0.024936699148315814
2024-03-19,0.02579989842559675
2024-03-20,0.025745257452574527
2024-03-21,0.028795830626500925
2024-03-22,0.02728825136612022
2024-03-25,0.027732337309471822
2024-03-26,0.029006396466167574
2024-03-27,0.03102808747099932
2024-03-28,0.03194521216645968
2024-04-02,0.03416411042944785
2024-04-03,0.03335607611250095
2024-04-04,0.03274960200136457
2024-04-05,0.03407496492283023
2024-04-08,0.03347755674264581
2024-04-12,0.03333333333333333
2024-04-15,0.03353579175704989
2024-04-16,0.031039017974572553
2024-04-17,0.031048818566140998
2024-04-18,0.03131060994807657
2024-04-19,0.030896431679721496
2024-04-22,0.03073803730738037
2024-04-23,0.029197080291970802
2024-04-24,0.029197546129729645
2024-04-25,0.028526645768025077
2024-04-26,0.024967067977820667
2024-04-29,0.023074087725764837
2024-04-30,0.023101835192515293
2024-05-02,0.023862435790010565
2024-05-03,0.02503617945007236
2024-05-06,0.025153595952294903
2024-05-07,0.02503697824596847
2024-05-08,0.024024450920463427
2024-05-09,0.023960029033917536
2024-05-10,0.023869699522606008
2024-05-13,0.02401733123844988
2024-05-14,0.022902796271637816
2024-05-15,0.021886296418008544
2024-05-16,0.021346469622331693
2024-05-17,0.022320517182715206
2024-05-20,0.020758128635120405
2024-05-21,0.022887323943661973
2024-05-22,0.02164804469273743
2024-05-23,0.021371666089366127
2024-05-24,0.020436524155971553
2024-05-27,0.020817395896095804
2024-05-28,0.022582617138336508
2024-05-29,0.023214948998542814
2024-05-30,0.024736704021588396
2024-05-31,0.022199798183652877
2024-06-03,0.022226113662998235
2024-06-04,0.021433355659745478
2024-06-05,0.021976847491366237
2024-06-06,0.022062952959109993
2024-06-07,0.022607974325500435
2024-06-10,0.02317883000193157
2024-06-11,0.02326354270521768
2024-06-13,0.023928215353938187
2024-06-14,0.024080267558528427
2024-06-19,0.02416918429003021
2024-06-20,0.024151830702049043
2024-06-21,0.024224021592442645
2024-06-24,0.023425401368278673
2024-06-25,0.023000673031057444
2024-06-26,0.02318573265616273
2024-06-27,0.023055840596464337
2024-06-28,0.02325854116175436
2024-07-01,0.023215476984656435
2024-07-02,0.023736702127659576
2024-07-03,0.023496640996231364
2024-07-04,0.024545305587416025
2024-07-05,0.02455795677799607
2024-07-08,0.024286875411231954
2024-07-09,0.02419011495142625
2024-07-10,0.023483254316355246
2024-07-11,0.023377441713925647
2024-07-12,0.023159434422233057
2024-07-15,0.02438261956861519
2024-07-16,0.02471637954472429
2024-07-17,0.024777927821896258
2024-07-18,0.022866415873718376
2024-07-19,0.023052959501557634
2024-07-22,0.023635446867515442
2024-07-23,0.023152941176470588
2024-07-24,0.0232991318074191
2024-07-25,0.022532121591977438
2024-07-26,0.022469445314948294
2024-07-29,0.02133374498301945
2024-07-30,0.020837180670975685
2024-07-31,0.0199329146016127
2024-08-01,0.021077100031916752
2024-08-02,0.022012290195359076
2024-08-05,0.022583842515338196
2024-08-06,0.02290627255326493
2024-08-07,0.023403649704291724
2024-08-08,0.02375757272630651
2024-08-09,0.02398888545847484
2024-08-12,0.024252909720037744
2024-08-13,0.023277760301981754
2024-08-14,0.023277760301981754
2024-08-15,0.02377184057479494
2024-08-16,0.023905385002516356
2024-08-19,0.023794614902943018
2024-08-20,0.024129282153855923
2024-08-21,0.02411550055529113
2024-08-22,0.02406226985295985
2024-08-23,0.02406731227178917
2024-08-26,0.02387543252595156
2024-08-27,0.023907641007895813
2024-08-28,0.024155652988947528
2024-08-29,0.02409328215212379
2024-09-02,0.024536480713697018
2024-09-03,0.024095627555835167
2024-09-04,0.023338679180525308
2024-09-05,0.023073517214714668
2024-09-06,0.023369436516146723
2024-09-09,0.022495546489782765
2024-09-10,0.02249923989054424
2024-09-11,0.022699386503067485
2024-09-12,0.022357306005051543
2024-09-13,0.023190528499938974
2024-09-17,0.02237736654370294
2024-09-18,0.022392658624834496
2024-09-19,0.022563452086204583
2024-09-20,0.023124561457030415
2024-09-23,0.022892095817156254
2024-09-24,0.023303522178631415
2024-09-25,0.022849731197459255
2024-09-26,0.022838647226087482
2024-09-27,0.022602053969148498
2024-09-30,0.022618469853024882
2024-10-02,0.022601542293323115
2024-10-03,0.022749627376792966
2024-10-04,0.02290523949718418
2024-10-07,0.023161015378914213
2024-10-08,0.02309098093450558
2024-10-09,0.023055555555555555
2024-10-10,0.023151149223047434
2024-10-11,0.023046153846153848
2024-10-14,0.022939988988805286
2024-10-15,0.02294279596206791
2024-10-16,0.02291444864593659
2024-10-17,0.022945463223011546
2024-10-18,0.022912205567451823
2024-10-21,0.02288608830978609
2024-10-22,0.02282494392540407
2024-10-23,0.023925629645864154
2024-10-24,0.024314187936515654
2024-10-25,0.024262693827911217
2024-10-28,0.02429534369691102
2024-10-29,0.023670362884870996
2024-10-30,0.023995674703698976
2024-10-31,0.024325788989764296
2024-11-01,0.025045537340619307
2024-11-04,0.024736960609508973
2024-11-05,0.025884590842874512
2024-11-06,0.025494650008966464
2024-11-07,0.02557955539163489
2024-11-08,0.025186197963515993
2024-11-11,0.02486892997841903
2024-11-12,0.025116913250965805
2024-11-13,0.025641637248354165
2024-11-14,0.02560346778131066
2024-11-15,0.026001008815122618
2024-11-18,0.026086487199630592
2024-11-19,0.026208416475563632
2024-11-20,0.026685844021538865
2024-11-21,0.026274148599499315
2024-11-22,0.026117203160004713
2024-11-25,0.025614662760083916
2024-11-26,0.025712715085383947
2024-11-27,0.02574680532455772
2024-11-28,0.026102690356835642
2024-11-29,0.026433811518013602
2024-12-02,0.026671280937492544
2024-12-03,0.02714637324453453
2024-12-04,0.027495146108284796
2024-12-05,0.02739896631172551
2024-12-06,0.02784059595978792
2024-12-09,0.028171429660354828
2024-12-10,0.02790443997691542
2024-12-11,0.028476414942046297
2024-12-12,0.028255520321370218
2024-12-13,0.02843093544239182
2024-12-16,0.028730227701646634
2024-12-17,0.02833974197953098
2024-12-18,0.028734339142341046
2024-12-19,0.028846091934040318
2024-12-20,0.029598977431183185
2024-12-23,0.029705975421534248
2024-12-24,0.02984241905243832
2024-12-27,0.029678286087052003
2024-12-30,0.029731478485926888
2024-12-31,0.02947693025304811
2025-01-02,0.029665238939427272
2025-01-03,0.030161510021404943
2025-01-06,0.03022900169774886
2025-01-07,0.029178838039597536
2025-01-08,0.028864989686441887
2025-01-09,0.030057788522449613
2025-01-10,0.02965885864974822
2025-01-13,0.030242000555135977
2025-01-14,0.030136209219423834
2025-01-15,0.03019292604501608
2025-01-16,0.030103872787894337
2025-01-17,0.0301381331100879
2025-01-20,0.0302182788439901
2025-01-21,0.03036346091990994
2025-01-22,0.030549309347895917
2025-01-23,0.03087291399229782
2025-01-24,0.031845906902086676
2025-01-27,0.0328875246656435
2025-01-28,0.032726897902386226
2025-01-29,0.032780761750196424
2025-01-30,0.03316961362148003
2025-01-31,0.03367720465890183
2025-02-03,0.03371703317081723
2025-02-04,0.03299798792756539
2025-02-05,0.03339567192091905
2025-02-06,0.033573397587788094
2025-02-07,0.03470808498141115
2025-02-10,0.033839369575209326
2025-02-11,0.03414559468580062
2025-02-12,0.034171515103211925
2025-02-13,0.034148607838582284
2025-02-14,0.03428571428571429
2025-02-17,0.034071719479487436
2025-02-18,0.0336873547958845
2025-02-19,0.03351046164065095
2025-02-20,0.033068082514630726
2025-02-21,0.03289473684210526
2025-02-24,0.03223722333601977
2025-02-25,0.03199872005119795
2025-02-26,0.03201152414869353
2025-02-27,0.032025406822746044
2025-02-28,0.03219041278295606
2025-03-03,0.03197335553705245
2025-03-04,0.031926605504587154
2025-03-05,0.031430978907806925
2025-03-06,0.031461391617833886
2025-03-07,0.031561571475734566
2025-03-10,0.031475409836065574
2025-03-11,0.031016559577913598
2025-03-12,0.03117858308847535
2025-03-13,0.030904537172363616
2025-03-14,0.030773786914058725
2025-03-17,0.03088845726609545
2025-03-18,0.031026237475796286
2025-03-19,0.030744336569579287
2025-03-20,0.030216059335698164
2025-03-21,0.029428848015488868
2025-03-24,0.031482090042721
2025-03-25,0.03238375900458415
2025-03-26,0.03186228196490588
2025-03-27,0.031104401468023634
2025-03-28,0.030720158960482108
2025-04-02,0.030584621791868393
2025-04-03,0.03058412095841079
2025-04-04,0.031259789077999374
2025-04-07,0.02906419674225487
2025-04-08,0.030325711041139732
2025-04-09,0.030127388535031847
2025-04-10,0.030962869729389556
2025-04-11,0.03128581897442643
2025-04-14,0.031158083653222993
2025-04-15,0.031037126136625678
2025-04-16,0.02741860102819754
2025-04-17,0.02742800149607281
2025-04-22,0.02802516036619543
2025-04-23,0.028044647576407674
2025-04-24,0.028276676402958178
2025-04-25,0.028913954558455933
2025-04-28,0.028917404662931502
2025-04-29,0.02979365941011674
2025-04-30,0.029833978279865184
2025-05-02,0.029628058707218644
2025-05-05,0.029248509540807745
2025-05-06,0.029886245478148797
2025-05-07,0.03050051975375499
2025-05-08,0.03044177854537999
2025-05-09,0.030436758142922054
2025-05-12,0.030470101213184563
2025-05-13,0.029963669051275326
2025-05-14,0.030311363323875355
2025-05-15,0.030285243281047057
2025-05-16,0.03021525245967138
2025-05-19,0.029970404225827
2025-05-20,0.0300774941472514
2025-05-21,0.03017526194896322
2025-05-22,0.029950857941067284
2025-05-23,0.02982445101617064
2025-05-26,0.030483182128326302
2025-05-27,0.030607093272750224
2025-05-28,0.030536227499621843
2025-05-29,0.03050717390347153
2025-05-30,0.030861087317982566
2025-06-02,0.030923862229297754
2025-06-03,0.030725462304409673
2025-06-04,0.030892919317570343
2025-06-05,0.03251808518136441
2025-06-10,0.032546733356195845
2025-06-11,0.03253014395075677
2025-06-13,0.03255639000220502
2025-06-16,0.030470213745307912
2025-06-17,0.029847553861709574
2025-06-18,0.03139768239787661
2025-06-19,0.0322693179836037
2025-06-20,0.032201650737927606
2025-06-23,0.032806239959742196
2025-06-24,0.034236620264203356
2025-06-25,0.03742104482137903
2025-06-26,0.03777497003272103
2025-06-27,0.037583266374640364
2025-06-30,0.03705414655093888
2025-07-01,0.03655085165766753
2025-07-02,0.03729390211986391
2025-07-03,0.03780940150324965
2025-07-04,0.03759545977612721
2025-07-07,0.0375013847166381
2025-07-08,0.037363798196365344
2025-07-09,0.03848386612832739
2025-07-10,0.04143736683180612
2025-07-11,0.045614586196515754
2025-07-14,0.046818931873543045
2025-07-16,0.04968034619357032
2025-07-17,0.04911334049296697
2025-07-18,0.04704437199030363
2025-07-21,0.0464207023256118
2025-07-22,0.04623306693502539
2025-07-24,0.047788477231924274
2025-07-25,0.048320850446967864
2025-07-28,0.047535602662516836
2025-07-29,0.04773425750343294
2025-07-30,0.04901320088877271
2025-07-31,0.04997713464428039
2025-08-01,0.04988653259253463
2025-08-04,0.05051964945013074
2025-08-05,0.04966952424579544
2025-08-06,0.048640167364016745
2025-08-07,0.0488551415621873
2025-08-08,0.048733834272321926
2025-08-11,0.048239895697522815
2025-08-12,0.048239895697522815
2025-08-13,0.047328592863200465
2025-08-14,0.04697776385844034
2025-08-15,0.0472517001474984
2025-08-18,0.04710650108807547
2025-08-19,0.043682773807274596
2025-08-20,0.044251818879908374
2025-08-21,0.0444331680913905
2025-08-22,0.04560646830024693
2025-08-25,0.04555512169725368
2025-08-26,0.04594110948430128
2025-08-27,0.04549981448573493
2025-08-28,0.044945576768999275
2025-08-29,0.04290645742184199
2025-09-01,0.042097281326195106
2025-09-02,0.04228439835806429
2025-09-03,0.04174110768231282
2025-09-04,0.04262109908584638
2025-09-08,0.04365608960951869
2025-09-09,0.0438745188760146
2025-09-10,0.043896696441042084
2025-09-11,0.04455853794791306
2025-09-12,0.04527899853509122
2025-09-15,0.04537265630212851
2025-09-16,0.04533297673174646
2025-09-17,0.04475835834765111
2025-09-18,0.04414627131228136
2025-09-19,0.042807073868956845
2025-09-22,0.043980908135463875
2025-09-23,0.04562466823004509
2025-09-24,0.0462048864353736
2025-09-25,0.0465907261310578
2025-09-26,0.04699399876207648
2025-09-29,0.04683399502052352
2025-09-30,0.04648029639609296
2025-10-02,0.046720429015417744
2025-10-03,0.04717622427060392
2025-10-06,0.04690367752022297
2025-10-07,0.046680956755469356
2025-10-08,0.04689698296076286
2025-10-09,0.046829532381403534
2025-10-10,0.046828001093792725
2025-10-13,0.046566730810055676
2025-10-14,0.046601515919900215
2025-10-15,0.04653896356839724
2025-10-16,0.04643244607899998
2025-10-17,0.046377521182694795
2025-10-20,0.046773577701412744
2025-10-21,0.046737899319059514
2025-10-22,0.04617067085882232
2025-10-23,0.046243368132808486
2025-10-24,0.04603591075061827
2025-10-27,0.044932258617732805
2025-10-28,0.04353707862082226
2025-10-29,0.04385542168674699
2025-10-30,0.04357871145359213
2025-10-31,0.04354858778151051
2025-11-03,0.043691441332103495
2025-11-04,0.04267607782230665
2025-11-05,0.04216483120197509
2025-11-06,0.04166463792108063
2025-11-07,0.04179728317659352
2025-11-10,0.04146490788668114
2025-11-11,0.0376073376094269
2025-11-12,0.04119764465991137
2025-11-13,0.0446964596794903
2025-11-14,0.044435804149193216
2025-11-17,0.04357758471496314
2025-11-18,0.04224376731301939
2025-11-19,0.04101637897755473
2025-11-20,0.04116061235437327
2025-11-21,0.041152405091189594
2025-11-24,0.04091456077015644
2025-11-25,0.04124074240238541
2025-11-26,0.041686253905925945
2025-11-27,0.04153628887104367
2025-11-28,0.04147455881438061
2025-12-01,0.04148086695011926
2025-12-02,0.04126518932220026
2025-12-03,0.04144505077018719
2025-12-04,0.04181468835962015
2025-12-05,0.04290898053229212
2025-12-08,0.044808426741669086
2025-12-09,0.04445822994210091
2025-12-10,0.04453158981227691
2025-12-11,0.044382467375959786
2025-12-12,0.0440750101579125
2025-12-15,0.04412372554422706
2025-12-16,0.043709603034203626
2025-12-17,0.04371261194903178
2025-12-18,0.043571340350491976
2025-12-19,0.04336626337640272
2025-12-22,0.04317079187566812
2025-12-23,0.042800890258517375
2025-12-24,0.043449774130142414
2025-12-29,0.04309574541205581
2025-12-30,0.04313895066304258
2025-12-31,0.04277201409123312
2026-01-02,0.044983157468947675
2026-01-05,0.046748534747418365
2026-01-06,0.046968792782672804
2026-01-07,0.04706444316441647
2026-01-08,0.047039330496931916
2026-01-09,0.046887902921046366
2026-01-12,0.04705915405902763
2026-01-13,0.04782838051696853
2026-01-14,0.04853173905398277
2026-01-15,0.04850615114235501
2026-01-16,0.049248059337389745
2026-01-19,0.05032173490171757
2026-01-20,0.050772876001353946
2026-01-21,0.05074460662358074
2026-01-22,0.048991638666413075
2026-01-23,0.04998028946331025
2026-01-26,0.050261216746187935
2026-01-27,0.05040093266606006
2026-01-28,0.05093402967086574
2026-01-29,0.05142082921942676
2026-01-30,0.051551970446903995
2026-02-02,0.05142035239122618
2026-02-03,0.05261039558417664
2026-02-04,0.053945002412174904
2026-02-05,0.053856285672471825
2026-02-06,0.05415373807154148
2026-02-09,0.05457336555340918
2026-02-10,0.05625577527259286
2026-02-11,0.05762057021049827
2026-02-12,0.057669700487235034
2026-02-13,0.06016704856234755
2026-02-16,0.06626291941836704
2026-02-17,0.0598880305722634
2026-02-18,0.06248600223964166
2026-02-19,0.06331141020579933
2026-02-20,0.06442339202192629
2026-02-23,0.06621703106505572
2026-02-24,0.06885675573621199
2026-02-25,0.06737646414239387
2026-02-26,0.06569477763424986
2026-02-27,0.0668164530008664
2026-03-02,0.06710111506801332
2026-03-03,0.06673678865474593
2026-03-04,0.06655237020479322
2026-03-05,0.06722992489890237
2026-03-06,0.06705118961788031
2026-03-09,0.06657175154177458
2026-03-10,0.06670247046186896
2026-03-11,0.0667144906743185
2026-03-12,0.06661946446961896
2026-03-13,0.06927797833935018
2026-03-16,0.07527864059930568
2026-03-17,0.08218843816087194
2026-03-18,0.08117901448676414
2026-03-23,0.07805409330186967
2026-03-24,0.07797724693764731
