"Date","Price","Open","High","Low","Vol.","Change %"
"03/26/2026","9.29","9.29","9.29","9.28","274.06K","0.00%"
"03/25/2026","9.29","9.33","9.33","9.28","103.18K","0.00%"
"03/12/2026","9.29","9.29","9.29","9.29","1.00K","0.00%"
"03/10/2026","9.29","9.29","9.29","9.29","0.50K","0.11%"
"03/03/2026","9.28","9.28","9.28","9.28","6.90K","0.22%"
"03/02/2026","9.26","9.27","9.27","9.26","2.40K","-0.11%"
"02/26/2026","9.27","9.28","9.28","9.27","0.40K","0.00%"
"02/24/2026","9.27","9.27","9.27","9.27","25.70K","0.00%"
"02/18/2026","9.27","9.27","9.27","9.27","1.00K","0.11%"
"02/12/2026","9.26","9.26","9.26","9.26","1.64K","-0.22%"
"02/10/2026","9.28","9.28","9.28","9.28","2.94K","0.00%"
"02/09/2026","9.28","9.28","9.28","9.28","74.46K","0.22%"
"01/29/2026","9.26","9.26","9.26","9.26","5.00K","0.54%"
"01/26/2026","9.21","9.20","9.21","9.20","105.00K","0.22%"
"01/22/2026","9.19","9.19","9.19","9.19","0.30K","0.11%"
"01/09/2026","9.18","9.18","9.18","9.18","0.50K","0.00%"
"01/08/2026","9.18","9.18","9.18","9.18","2.84K","0.11%"
"01/05/2026","9.17","9.17","9.17","9.17","1.20K","0.00%"
"12/30/2025","9.17","9.17","9.17","9.17","0.36K","0.11%"
"12/23/2025","9.16","9.16","9.16","9.16","0.20K","0.00%"
"12/22/2025","9.16","9.17","9.17","9.16","2.00K","0.00%"
"12/17/2025","9.16","9.16","9.16","9.16","1.20K","0.00%"
"12/12/2025","9.16","9.16","9.16","9.16","1.49K","0.00%"
"12/08/2025","9.16","9.15","9.16","9.15","20.35K","0.11%"
"12/05/2025","9.15","9.15","9.15","9.15","35.30K","0.66%"
"12/01/2025","9.09","9.09","9.09","9.09","11.75K","0.00%"
"11/25/2025","9.09","9.09","9.09","9.09","0.50K","0.11%"
"11/21/2025","9.08","9.08","9.08","9.08","5.90K","0.22%"
"11/20/2025","9.06","9.06","9.06","9.06","7.00K","0.11%"
"11/18/2025","9.05","9.05","9.05","9.05","0.50K","0.56%"
"11/11/2025","9.00","9.01","9.01","9.00","15.30K","0.00%"
"11/06/2025","9.00","9.00","9.00","9.00","4.00K","0.00%"
"11/03/2025","9.00","9.00","9.00","9.00","4.16K","0.00%"
"10/31/2025","9.00","9.00","9.00","9.00","4.00K","3.21%"
"10/30/2025","8.72","8.72","8.72","8.72","6.10K","0.11%"
"10/27/2025","8.71","8.71","8.71","8.71","6.30K","0.00%"
"10/24/2025","8.71","8.70","8.71","8.70","11.93K","1.52%"
"10/21/2025","8.58","8.58","8.58","8.58","61.40K","0.00%"
"10/20/2025","8.58","8.58","8.58","8.58","0.60K","0.00%"
"10/14/2025","8.58","8.58","8.58","8.58","15.30K","0.00%"
"10/10/2025","8.58","8.58","8.58","8.58","0.60K","0.00%"
"10/09/2025","8.58","8.58","8.58","8.58","0.20K","0.23%"
"10/08/2025","8.56","8.57","8.57","8.56","0.80K","0.00%"
"09/29/2025","8.56","8.56","8.56","8.56","0.20K","0.00%"
"09/25/2025","8.56","8.56","8.56","8.56","0.50K","0.00%"
"09/22/2025","8.56","8.56","8.56","8.56","9.35K","0.00%"
"09/11/2025","8.56","8.55","8.56","8.55","6.13K","0.12%"
"09/09/2025","8.55","8.55","8.55","8.55","1.20K","-0.12%"
"09/05/2025","8.56","8.57","8.57","8.56","2.70K","-0.12%"
"09/02/2025","8.57","8.57","8.57","8.57","19.28K","0.12%"
"08/27/2025","8.56","8.60","8.60","8.56","8.30K","0.00%"
"08/18/2025","8.56","8.56","8.56","8.56","0.40K","0.00%"
"08/13/2025","8.56","8.56","8.56","8.56","0.97K","0.00%"
"07/29/2025","8.56","8.56","8.56","8.56","1.10K","0.00%"
"07/24/2025","8.56","8.56","8.56","8.56","5.00K","0.00%"
"07/17/2025","8.56","8.56","8.56","8.56","11.58K","0.00%"
"07/15/2025","8.56","8.56","8.56","8.56","69.73K","0.12%"
"07/08/2025","8.55","8.55","8.55","8.55","2.10K","-0.12%"
"07/03/2025","8.56","8.56","8.56","8.56","2.30K","0.71%"
"06/26/2025","8.50","8.50","8.50","8.50","10.58K","0.00%"
"06/24/2025","8.50","8.50","8.51","8.50","9.75K","0.00%"
"06/23/2025","8.50","8.51","8.51","8.50","52.16K","0.00%"
"06/19/2025","8.50","8.50","8.50","8.50","12.00K","1.07%"
"06/17/2025","8.41","8.41","8.41","8.41","6.00K","1.94%"
"06/09/2025","8.25","8.25","8.25","8.25","4.20K","0.00%"
"06/06/2025","8.25","8.24","8.25","8.24","1.30K","0.12%"
"06/05/2025","8.24","8.24","8.24","8.24","27.88K","-0.12%"
"06/04/2025","8.25","8.25","8.25","8.25","1.00K","0.00%"
"05/28/2025","8.25","8.25","8.25","8.25","5.33K","0.00%"
"05/26/2025","8.25","8.25","8.25","8.25","1.05K","0.00%"
"05/21/2025","8.25","8.23","8.25","8.23","92.21K","0.12%"
"05/14/2025","8.24","8.24","8.24","8.24","4.81K","0.00%"
"05/02/2025","8.24","8.24","8.24","8.24","0.47K","0.12%"
"04/30/2025","8.23","8.23","8.23","8.23","25.45K","-0.24%"
"04/23/2025","8.25","8.24","8.25","8.24","16.82K","1.85%"
"04/16/2025","8.10","8.10","8.10","8.10","65.09K","0.00%"
"04/15/2025","8.10","8.10","8.10","8.10","1.24K","-1.82%"
"04/10/2025","8.25","8.25","8.25","8.25","0.50K","0.12%"
"04/07/2025","8.24","8.24","8.24","8.24","16.50K","0.00%"
"04/04/2025","8.24","8.24","8.24","8.24","17.66K","-0.12%"
"03/31/2025","8.25","7.93","8.25","7.93","22.54K","0.00%"
"03/25/2025","8.25","8.25","8.25","8.25","3.50K","0.00%"
"03/24/2025","8.25","8.25","8.25","8.25","5.13K","0.00%"
"03/19/2025","8.25","8.25","8.25","8.25","14.13K","3.25%"
"03/14/2025","7.99","8.00","8.00","7.99","78.67K","-0.13%"
"03/13/2025","8.00","8.00","8.00","8.00","0.60K","0.63%"
"03/11/2025","7.95","7.95","7.95","7.94","1.00K","0.13%"
"03/10/2025","7.94","7.94","7.94","7.94","0.30K","0.00%"
"03/05/2025","7.94","7.94","7.94","7.94","12.00K","-99.00%"
"02/27/2025","793.00","793.00","793.00","793.00","0.60K","0.25%"
"02/17/2025","791.00","790.00","791.00","790.00","260.69K","0.13%"
"02/11/2025","790.00","790.00","790.00","790.00","2.90K","0.00%"
"02/10/2025","790.00","790.00","790.00","790.00","0.30K","0.00%"
"02/06/2025","790.00","790.00","790.00","790.00","1.00K","-0.13%"
"01/31/2025","791.00","791.00","791.00","791.00","18.64K","0.13%"
"01/30/2025","790.00","791.00","791.00","790.00","2.50K","0.00%"
"01/28/2025","790.00","791.00","791.00","790.00","3.60K","0.00%"
"01/27/2025","790.00","790.00","790.00","790.00","0.70K","9,900.00%"
"01/23/2025","7.90","7.80","7.90","7.80","2.82K","-98.99%"
"01/22/2025","780.00","780.00","780.00","780.00","1.00K","-0.13%"
"01/13/2025","781.00","781.00","781.00","781.00","46.80K","0.13%"
"01/09/2025","780.00","780.00","780.00","780.00","0.98K","0.00%"
"01/08/2025","780.00","780.00","780.00","780.00","0.30K","0.00%"
"01/07/2025","780.00","780.00","780.00","780.00","0.60K","0.00%"
"01/06/2025","780.00","780.00","780.00","780.00","1.40K","9,900.00%"
"01/03/2025","7.80","7.80","7.80","7.80","1.31K","-98.97%"
"12/13/2024","758.00","758.00","758.00","758.00","21.77K","-1.56%"
"12/12/2024","770.00","755.00","770.00","755.00","27.69K","1.85%"
"12/04/2024","756.00","756.00","756.00","756.00","0.90K","0.13%"
"12/03/2024","755.00","755.00","755.00","755.00","20.86K","-0.13%"
"12/02/2024","756.00","756.00","756.00","756.00","1.20K","0.00%"
"11/22/2024","756.00","756.00","756.00","756.00","23.81K","0.00%"
"11/21/2024","756.00","756.00","756.00","756.00","12.42K","-0.13%"
"11/20/2024","757.00","757.00","757.00","757.00","5.00K","0.00%"
"11/18/2024","757.00","757.00","757.00","757.00","0.33K","0.00%"
"11/14/2024","757.00","757.00","757.00","757.00","2.88K","0.00%"
"11/07/2024","757.00","757.00","757.00","757.00","21.54K","0.00%"
"10/23/2024","757.00","757.00","757.00","757.00","8.86K","0.00%"
"10/15/2024","757.00","757.00","757.00","757.00","788.39K","0.00%"
"10/14/2024","757.00","757.00","757.00","757.00","0.20K","0.00%"
"10/07/2024","757.00","756.00","757.00","756.00","7.77K","0.13%"
"10/04/2024","756.00","756.00","756.00","756.00","0.60K","0.00%"
"10/03/2024","756.00","756.00","757.00","756.00","42.20K","0.00%"
"09/26/2024","756.00","756.00","756.00","756.00","90.09K","-0.26%"
"09/23/2024","758.00","757.00","758.00","757.00","38.38K","0.00%"
"09/20/2024","758.00","759.00","759.00","758.00","221.00K","-0.13%"
"09/09/2024","759.00","759.00","759.00","759.00","6.50K","-0.39%"
"08/20/2024","762.00","762.00","762.00","762.00","0.52K","0.00%"
"08/19/2024","762.00","761.00","762.00","761.00","115.48K","0.13%"
"08/12/2024","761.00","762.00","762.00","761.00","19.90K","-0.26%"
"08/05/2024","763.00","763.00","763.00","763.00","0.41K","0.00%"
"08/02/2024","763.00","763.00","763.00","763.00","2.15K","-0.13%"
"07/29/2024","764.00","764.00","764.00","764.00","12.58K","0.13%"
"07/22/2024","763.00","764.00","764.00","763.00","3.08K","0.00%"
"07/17/2024","763.00","763.00","763.00","763.00","8.03K","0.00%"
"07/15/2024","763.00","763.00","763.00","763.00","83.71K","-0.13%"
"07/09/2024","764.00","762.00","764.00","762.00","3.41K","0.26%"
"07/03/2024","762.00","762.00","762.00","762.00","57.75K","0.13%"
"07/02/2024","761.00","764.00","764.00","761.00","4.70K","-0.39%"
"06/28/2024","764.00","763.00","764.00","763.00","2.15K","0.00%"
"06/24/2024","764.00","764.00","764.00","764.00","3.24K","0.00%"
"06/20/2024","764.00","764.00","764.00","764.00","6.21K","0.00%"
"06/19/2024","764.00","764.00","764.00","764.00","376.91K","-0.13%"
"06/12/2024","765.00","764.00","765.00","764.00","33.60K","0.13%"
"06/11/2024","764.00","764.00","764.00","764.00","8.30K","0.00%"
"06/06/2024","764.00","764.00","764.00","764.00","958.73K","0.00%"
"06/03/2024","764.00","764.00","764.00","764.00","26.54K","-0.13%"
"05/30/2024","765.00","765.00","765.00","765.00","22.77K","0.13%"
"05/27/2024","764.00","764.00","764.00","764.00","0.20K","0.13%"
"05/21/2024","763.00","763.00","763.00","763.00","1.10K","0.00%"
"05/20/2024","763.00","763.00","763.00","763.00","1.10K","-0.13%"
"05/17/2024","764.00","764.00","764.00","764.00","77.93K","0.13%"
"05/16/2024","763.00","763.00","763.00","763.00","33.33K","0.39%"
"05/10/2024","760.00","760.00","760.00","760.00","0.20K","0.00%"
"05/09/2024","760.00","770.00","770.00","760.00","9.81K","-1.30%"
"05/08/2024","770.00","770.00","770.00","770.00","1.80K","-0.13%"
"05/07/2024","771.00","771.00","771.00","771.00","12.15K","0.13%"
"05/03/2024","770.00","770.00","770.00","770.00","4.00K","0.00%"
"05/02/2024","770.00","770.00","770.00","770.00","1.00K","0.00%"
"04/25/2024","770.00","770.00","770.00","770.00","0.20K","0.00%"
"04/23/2024","770.00","771.00","780.00","770.00","248.00K","0.00%"
"04/17/2024","770.00","770.00","770.00","770.00","2.30K","0.00%"
"04/15/2024","770.00","771.00","771.00","770.00","377.45K","-0.13%"
"04/11/2024","771.00","771.00","771.00","771.00","0.40K","-1.15%"
"04/09/2024","780.00","780.00","780.00","780.00","0.63K","0.00%"
"04/02/2024","780.00","780.00","780.00","780.00","4.00K","0.00%"
"03/28/2024","780.00","780.00","780.00","780.00","22.98K","-8.13%"
"03/25/2024","849.00","850.00","850.00","849.00","73.85K","-0.12%"
"03/20/2024","850.00","782.00","850.00","780.00","1.63M","8.83%"
"03/13/2024","781.00","781.00","781.00","781.00","85.68K","0.13%"
"03/07/2024","780.00","780.00","780.00","780.00","1.50K","0.00%"
"03/05/2024","780.00","780.00","780.00","780.00","6.40K","0.00%"
"02/21/2024","780.00","780.00","780.00","780.00","0.40K","0.65%"
"02/19/2024","775.00","775.00","775.00","775.00","5.00K","0.00%"
"02/16/2024","775.00","775.00","775.00","775.00","2.85K","0.39%"
"02/15/2024","772.00","772.00","772.00","772.00","0.30K","0.13%"
"02/13/2024","771.00","771.00","771.00","770.00","13.34K","0.00%"
"02/12/2024","771.00","772.00","772.00","771.00","3.60K","-0.13%"
"02/09/2024","772.00","772.00","772.00","772.00","0.40K","0.13%"
"02/07/2024","771.00","771.00","771.00","771.00","0.60K","0.13%"
"02/05/2024","770.00","770.00","770.00","770.00","5.00K","0.00%"
"02/02/2024","770.00","770.00","770.00","770.00","0.40K","0.52%"
"01/26/2024","766.00","766.00","766.00","766.00","0.20K","-0.13%"
"01/24/2024","767.00","766.00","767.00","766.00","29.99K","0.13%"
"01/22/2024","766.00","766.00","766.00","766.00","11.70K","0.13%"
"01/19/2024","765.00","765.00","765.00","765.00","5.00K","0.00%"
"01/18/2024","765.00","765.00","765.00","765.00","1.10K","0.53%"
"01/05/2024","761.00","761.00","761.00","761.00","1.30K","0.13%"
"01/04/2024","760.00","761.00","761.00","760.00","18.20K","-0.13%"
"12/19/2023","761.00","760.00","761.00","760.00","1.81K","0.53%"
"12/13/2023","757.00","757.00","757.00","757.00","361.62K","0.00%"
"12/11/2023","757.00","757.00","757.00","757.00","12.95K","0.13%"
"12/08/2023","756.00","756.00","756.00","756.00","2.10K","0.67%"
"11/29/2023","751.00","751.00","751.00","751.00","2.30K","0.00%"
"11/28/2023","751.00","751.00","751.00","751.00","0.50K","0.13%"
"11/23/2023","750.00","750.00","750.00","750.00","4.69K","0.00%"
"11/17/2023","750.00","720.00","750.00","720.00","6.10K","4.17%"
"11/16/2023","720.00","720.00","720.00","720.00","11.70K","0.14%"
"11/15/2023","719.00","719.00","719.00","719.00","0.20K","-11.23%"
"11/14/2023","810.00","810.00","810.00","810.00","1.00K","12.50%"
"11/13/2023","720.00","720.00","720.00","720.00","0.50K","0.00%"
"11/09/2023","720.00","720.00","720.00","720.00","12.11K","0.14%"
"11/08/2023","719.00","719.00","719.00","719.00","33.68K","0.00%"
"11/06/2023","719.00","719.00","719.00","719.00","115.86K","0.14%"
"11/03/2023","718.00","718.00","718.00","718.00","1.55K","-0.14%"
"11/01/2023","719.00","719.00","719.00","719.00","63.37K","0.14%"
"10/31/2023","718.00","718.00","718.00","718.00","3.42K","0.00%"
"10/25/2023","718.00","718.00","718.00","718.00","44.87K","0.00%"
"10/23/2023","718.00","718.00","718.00","718.00","0.30K","0.00%"
"10/19/2023","718.00","718.00","718.00","718.00","41.62K","0.00%"
"10/17/2023","718.00","718.00","718.00","718.00","42.61K","0.14%"
"10/13/2023","717.00","717.00","717.00","717.00","1.00K","0.00%"
"10/12/2023","717.00","718.00","718.00","717.00","24.00K","0.00%"
"10/09/2023","717.00","717.00","717.00","717.00","1.70K","0.28%"
"09/27/2023","715.00","720.00","720.00","715.00","2.40K","0.00%"
"09/26/2023","715.00","715.00","715.00","715.00","1.80K","0.28%"
"09/15/2023","713.00","713.00","713.00","713.00","0.15K","0.00%"
"09/14/2023","713.00","713.00","713.00","713.00","0.20K","-4.93%"
"09/12/2023","750.00","750.00","750.00","750.00","5.00K","5.04%"
"09/11/2023","714.00","714.00","714.00","714.00","118.96K","0.14%"
"09/07/2023","713.00","713.00","713.00","713.00","22.71K","0.14%"
"09/04/2023","712.00","712.00","712.00","712.00","0.70K","0.14%"
"08/28/2023","711.00","711.00","711.00","711.00","1.20K","0.14%"
"08/21/2023","710.00","710.00","710.00","710.00","22.00K","-0.14%"
"08/17/2023","711.00","711.00","711.00","711.00","1.70K","0.42%"
"08/10/2023","708.00","708.00","708.00","708.00","7.40K","0.00%"
"08/07/2023","708.00","709.00","709.00","708.00","197.37K","0.00%"
"08/03/2023","708.00","708.00","708.00","708.00","3.50K","0.00%"
"07/31/2023","708.00","708.00","708.00","708.00","65.80K","0.00%"
"07/27/2023","708.00","708.00","708.00","708.00","0.20K","0.00%"
"07/25/2023","708.00","708.00","708.00","708.00","0.60K","0.00%"
"07/18/2023","708.00","709.00","709.00","708.00","66.09K","-5.60%"
"07/13/2023","750.00","750.00","750.00","750.00","0.15K","0.00%"
"07/10/2023","750.00","709.00","750.00","708.00","30.50K","5.78%"
"07/06/2023","709.00","709.00","709.00","709.00","1.20K","0.14%"
"07/05/2023","708.00","709.00","709.00","708.00","12.94K","0.00%"
"06/28/2023","708.00","709.00","709.00","708.00","14.45K","-0.14%"
"06/27/2023","709.00","709.00","709.00","709.00","5.97K","0.00%"
"06/26/2023","709.00","709.00","709.00","709.00","4.74K","0.14%"
"06/22/2023","708.00","708.00","708.00","708.00","12.00K","0.00%"
"06/21/2023","708.00","709.00","709.00","708.00","29.83K","-0.14%"
"06/20/2023","709.00","709.00","709.00","709.00","88.02K","0.14%"
"06/15/2023","708.00","708.00","708.00","708.00","0.60K","0.00%"
"06/14/2023","708.00","708.00","708.00","708.00","0.30K","0.00%"
"06/13/2023","708.00","708.00","708.00","708.00","3.30K","0.00%"
"06/12/2023","708.00","708.00","708.00","708.00","0.50K","0.00%"
"06/09/2023","708.00","708.00","708.00","708.00","0.20K","0.00%"
"06/08/2023","708.00","708.00","708.00","708.00","9.00K","0.00%"
"06/06/2023","708.00","708.00","708.00","708.00","1.00K","0.00%"
"06/02/2023","708.00","709.00","709.00","708.00","6.10K","0.00%"
"05/30/2023","708.00","710.00","710.00","708.00","24.20K","0.00%"
"05/23/2023","708.00","710.00","710.00","708.00","8.00K","0.00%"
"05/19/2023","708.00","710.00","710.00","708.00","15.00K","0.00%"
"05/11/2023","708.00","708.00","708.00","708.00","1.57K","0.00%"
"05/10/2023","708.00","706.00","708.00","706.00","10.00K","0.28%"
"05/05/2023","706.00","707.00","707.00","706.00","28.06K","-0.14%"
"05/03/2023","707.00","707.00","707.00","707.00","1.00K","-0.14%"
"04/28/2023","708.00","708.00","708.00","708.00","4.00K","0.00%"
"04/14/2023","708.00","708.00","708.00","708.00","35.50K","0.00%"
"03/31/2023","708.00","708.00","708.00","708.00","10.82K","0.00%"
"03/30/2023","708.00","708.00","708.00","708.00","0.39K","0.00%"
"03/29/2023","708.00","708.00","708.00","708.00","1.00K","0.00%"
"03/22/2023","708.00","708.00","708.00","708.00","0.20K","0.00%"
"03/09/2023","708.00","708.00","708.00","708.00","1.40K","0.00%"
"03/08/2023","708.00","708.00","708.00","708.00","14.03K","-0.14%"
"03/02/2023","709.00","709.00","709.00","709.00","44.30K","0.00%"
"03/01/2023","709.00","709.00","709.00","709.00","18.62K","0.00%"
"02/22/2023","709.00","709.00","709.00","709.00","9.67K","0.28%"
"02/20/2023","707.00","707.00","707.00","707.00","0.50K","0.14%"
"02/16/2023","706.00","706.00","706.00","706.00","0.30K","0.00%"
"02/13/2023","706.00","706.00","706.00","706.00","3.13K","0.43%"
"02/09/2023","703.00","703.00","703.00","703.00","0.40K","-0.14%"
"02/07/2023","704.00","704.00","704.00","704.00","11.84K","0.00%"
"02/06/2023","704.00","704.00","704.00","704.00","20.12K","0.00%"
"02/01/2023","704.00","704.00","704.00","704.00","15.75K","0.00%"
"01/30/2023","704.00","703.00","704.00","703.00","44.48K","0.14%"
"01/25/2023","703.00","703.00","703.00","703.00","0.71K","0.14%"
"01/24/2023","702.00","702.00","702.00","702.00","10.76K","-0.14%"
"01/23/2023","703.00","703.00","703.00","703.00","27.10K","0.00%"
"01/18/2023","703.00","704.00","704.00","703.00","235.49K","0.00%"
"01/17/2023","703.00","704.00","704.00","703.00","24.43K","-0.14%"
"01/16/2023","704.00","703.00","704.00","703.00","24.88K","0.00%"
"01/12/2023","704.00","705.00","705.00","704.00","7.00K","0.00%"
"01/06/2023","704.00","704.00","704.00","704.00","0.20K","0.00%"
"01/04/2023","704.00","704.00","704.00","704.00","2.60K","0.00%"
"12/22/2022","704.00","704.00","704.00","704.00","0.40K","0.14%"
"12/06/2022","703.00","703.00","703.00","703.00","35.17K","0.00%"
"12/02/2022","703.00","703.00","703.00","703.00","20.39K","0.00%"
"12/01/2022","703.00","703.00","703.00","703.00","23.00K","0.14%"
"11/25/2022","702.00","702.00","702.00","702.00","1.50K","-0.14%"
"11/24/2022","703.00","703.00","703.00","703.00","82.99K","0.14%"
"11/10/2022","702.00","702.00","702.00","702.00","1.00K","0.00%"
"11/09/2022","702.00","702.00","702.00","702.00","1.20K","0.00%"
"10/27/2022","702.00","702.00","702.00","702.00","0.20K","0.00%"
"10/26/2022","702.00","702.00","702.00","702.00","0.50K","0.14%"
"10/21/2022","701.00","701.00","701.00","701.00","","0.00%"
"10/20/2022","701.00","701.00","701.00","701.00","2.20K","0.00%"
"10/13/2022","701.00","701.00","701.00","701.00","5.90K","0.00%"
"10/05/2022","701.00","701.00","701.00","701.00","0.40K","0.00%"
"10/04/2022","701.00","701.00","701.00","701.00","64.14K","0.00%"
"09/30/2022","701.00","701.00","701.00","701.00","12.60K","0.00%"
"09/28/2022","701.00","701.00","701.00","701.00","5.00K","-0.14%"
"09/26/2022","702.00","702.00","702.00","702.00","10.49K","0.00%"
"09/23/2022","702.00","702.00","702.00","702.00","9.94K","0.14%"
"09/22/2022","701.00","701.00","701.00","701.00","339.70K","0.00%"
"09/21/2022","701.00","701.00","701.00","701.00","2.00K","0.00%"
"09/19/2022","701.00","701.00","701.00","701.00","12.42K","0.00%"
"09/16/2022","701.00","701.00","701.00","701.00","5.68K","0.14%"
"09/15/2022","700.00","700.00","700.00","700.00","271.41K","0.00%"
"09/12/2022","700.00","700.00","700.00","700.00","6.24K","-6.79%"
"09/07/2022","751.00","751.00","751.00","751.00","3.31K","-0.13%"
"09/05/2022","752.00","752.00","752.00","752.00","50.24K","0.00%"
"09/02/2022","752.00","752.00","752.00","752.00","1.50K","0.00%"
"09/01/2022","752.00","752.00","752.00","752.00","6.69K","0.00%"
"08/31/2022","752.00","752.00","752.00","752.00","7.67K","0.00%"
"08/22/2022","752.00","752.00","752.00","752.00","0.14K","0.00%"
"08/16/2022","752.00","752.00","752.00","752.00","25.33K","0.00%"
"08/10/2022","752.00","750.00","753.00","750.00","25.88K","0.13%"
"08/08/2022","751.00","753.00","753.00","751.00","2.32K","-5.89%"
"08/04/2022","798.00","798.00","798.00","798.00","68.51K","-0.13%"
"08/03/2022","799.00","799.00","799.00","799.00","7.68K","-0.13%"
"08/02/2022","800.00","775.00","800.00","775.00","1.62K","6.24%"
"07/29/2022","753.00","754.00","754.00","753.00","25.00K","0.00%"
"07/27/2022","753.00","753.00","753.00","753.00","1.66K","0.13%"
"07/22/2022","752.00","774.00","774.00","752.00","20.40K","-2.97%"
"07/21/2022","775.00","750.00","775.00","750.00","5.32K","3.20%"
"07/19/2022","751.00","751.00","751.00","751.00","3.78K","7.29%"
"07/15/2022","700.00","700.00","700.00","700.00","0.60K","0.00%"
"07/14/2022","700.00","790.00","790.00","700.00","3.02K","-12.50%"
"07/11/2022","800.00","801.00","801.00","800.00","11.03K","0.00%"
"07/06/2022","800.00","800.00","800.00","800.00","8.45K","0.00%"
"07/05/2022","800.00","800.00","800.00","800.00","2.00K","1.14%"
"07/04/2022","791.00","791.00","791.00","791.00","27.71K","0.00%"
"06/28/2022","791.00","791.00","791.00","791.00","13.50K","0.76%"
"06/23/2022","785.00","785.00","785.00","785.00","2.00K","-0.63%"
"06/22/2022","790.00","790.00","790.00","790.00","40.76K","0.00%"
"06/17/2022","790.00","789.00","790.00","789.00","4.55K","0.25%"
"06/13/2022","788.00","788.00","788.00","788.00","13.14K","-1.38%"
"06/10/2022","799.00","799.00","799.00","799.00","8.95K","-0.13%"
"06/09/2022","800.00","799.00","800.00","799.00","10.00K","0.00%"
"06/08/2022","800.00","800.00","800.00","800.00","5.60K","6.52%"
"05/24/2022","751.00","751.00","751.00","751.00","194.74K","0.13%"
"05/17/2022","750.00","750.00","750.00","750.00","5.88K","0.13%"
"05/16/2022","749.00","749.00","749.00","749.00","35.40K","0.00%"
"05/12/2022","749.00","749.00","749.00","749.00","44.54K","-0.13%"
"05/10/2022","750.00","749.00","750.00","749.00","0.53K","0.00%"
"05/06/2022","750.00","750.00","750.00","750.00","1.99K","-0.13%"
"05/03/2022","751.00","751.00","751.00","751.00","127.12K","0.00%"
"04/29/2022","751.00","751.00","751.00","751.00","4.60K","-0.13%"
"04/26/2022","752.00","752.00","752.00","752.00","1.00K","-0.27%"
"04/25/2022","754.00","754.00","754.00","754.00","3.49K","0.00%"
"04/22/2022","754.00","754.00","754.00","754.00","5.29K","0.13%"
"04/20/2022","753.00","753.00","753.00","753.00","391.30K","0.13%"
"04/11/2022","752.00","752.00","752.00","752.00","16.04K","0.13%"
"04/06/2022","751.00","751.00","751.00","751.00","35.32K","0.00%"
"04/04/2022","751.00","799.00","800.00","750.00","15.73K","-6.13%"
"03/30/2022","800.00","800.00","800.00","800.00","1.20K","0.00%"
"03/28/2022","800.00","800.00","800.00","800.00","59.81K","0.00%"
"03/22/2022","800.00","800.00","801.00","800.00","26.26K","-0.12%"
"03/18/2022","801.00","801.00","801.00","801.00","2.26K","1.91%"
"03/17/2022","786.00","786.00","786.00","786.00","13.86K","0.13%"
"03/14/2022","785.00","785.00","785.00","785.00","5.00K","-0.63%"
"03/11/2022","790.00","790.00","790.00","790.00","5.00K","-2.23%"
"03/10/2022","808.00","808.00","808.00","808.00","8.24K","-0.25%"
"03/09/2022","810.00","822.00","822.00","810.00","8.42K","-1.70%"
"03/08/2022","824.00","824.00","824.00","824.00","1.19K","0.12%"
"03/07/2022","823.00","823.00","823.00","823.00","6.12K","-0.12%"
"03/02/2022","824.00","824.00","824.00","824.00","580.27K","0.00%"
"03/01/2022","824.00","824.00","824.00","824.00","0.40K","0.00%"
"02/25/2022","824.00","824.00","824.00","824.00","22.00K","0.00%"
"02/23/2022","824.00","824.00","824.00","824.00","6.65K","-0.12%"
"02/22/2022","825.00","825.00","825.00","825.00","3.00K","-2.83%"
"02/18/2022","849.00","849.00","849.00","849.00","4.64K","-0.12%"
"02/14/2022","850.00","850.00","850.00","850.00","8.55K","0.00%"
"02/10/2022","850.00","850.00","850.00","850.00","11.34K","0.00%"
"02/08/2022","850.00","850.00","850.00","850.00","0.20K","-4.60%"
"02/07/2022","891.00","891.00","891.00","891.00","1.12K","0.11%"
"02/04/2022","890.00","890.00","890.00","890.00","80.00K","0.00%"
"01/31/2022","890.00","890.00","890.00","890.00","10.40K","-0.11%"
"01/27/2022","891.00","891.00","891.00","891.00","0.60K","0.00%"
"01/25/2022","891.00","891.00","891.00","891.00","3.19K","0.11%"
"01/24/2022","890.00","890.00","890.00","890.00","1.00K","0.00%"
"01/20/2022","890.00","890.00","890.00","890.00","9.77K","3.49%"
"01/12/2022","860.00","860.00","860.00","860.00","2.00K","-3.37%"
"01/06/2022","890.00","890.00","890.00","890.00","0.77K","0.00%"
"01/04/2022","890.00","890.00","890.00","890.00","0.30K","0.00%"
"12/28/2021","890.00","890.00","890.00","890.00","7.80K","0.00%"
"12/22/2021","890.00","890.00","890.00","890.00","13.04K","0.00%"
"12/20/2021","890.00","889.00","890.00","889.00","37.75K","0.11%"
"12/17/2021","889.00","889.00","889.00","889.00","62.61K","-0.11%"
"12/08/2021","890.00","890.00","890.00","890.00","3.98K","0.00%"
"12/07/2021","890.00","890.00","890.00","890.00","1.00K","1.14%"
"12/06/2021","880.00","880.00","880.00","880.00","3.86K","0.00%"
"12/03/2021","880.00","880.00","880.00","880.00","0.56K","0.00%"
"12/02/2021","880.00","880.00","880.00","880.00","5.63K","0.00%"
"12/01/2021","880.00","880.00","880.00","880.00","0.45K","0.46%"
"11/29/2021","876.00","876.00","876.00","876.00","16.83K","-0.11%"
"11/24/2021","877.00","877.00","877.00","877.00","49.18K","0.11%"
"11/23/2021","876.00","876.00","876.00","876.00","5.83K","-1.57%"