Date,Price,Volume
2026-03-24,107.2,42706252
2026-03-23,107.5,38172491
2026-03-18,110.0,54514255
2026-03-17,111.15,163107120
2026-03-16,103.0,59953105
2026-03-13,95.95,13751652
2026-03-12,93.15,27483007
2026-03-11,93.0,19095773
2026-03-10,93.15,35346999
2026-03-09,93.05,39723760
2026-03-06,93.0,39988755
2026-03-05,93.1,24340536
2026-03-04,92.0,47625643
2026-03-03,92.0,40861167
2026-03-02,91.95,24371857
2026-02-27,91.0,79357077
2026-02-26,89.0,45494042
2026-02-25,91.0,120666192
2026-02-24,93.0,67621333
2026-02-23,88.95,16130440
2026-02-20,86.5,43988813
2026-02-19,85.0,53224266
2026-02-18,83.7,30204964
2026-02-17,80.55,93097465
2026-02-16,89.5,69281117
2026-02-13,81.4,72599148
2026-02-12,78.0,42524843
2026-02-11,77.85,34764678
2026-02-10,76.1,52082729
2026-02-09,74.3,46242328
2026-02-06,74.0,32432961
2026-02-05,73.6,22085676
2026-02-04,73.8,14650136
2026-02-03,73.2,35424300
2026-02-02,71.5,40187862
2026-01-30,71.45,30547736
2026-01-29,71.35,21025585
2026-01-28,71.0,32422694
2026-01-27,70.9,14514911
2026-01-26,71.0,25976221
2026-01-23,71.0,49190450
2026-01-22,69.55,23404922
2026-01-21,72.0,38111195
2026-01-20,72.0,49101768
2026-01-19,71.4,22281150
2026-01-16,69.85,54545539
2026-01-15,69.0,72434019
2026-01-14,69.0,18096993
2026-01-13,68.0,23658755
2026-01-12,67.0,17083795
2026-01-09,67.0,17890677
2026-01-08,67.0,22387484
2026-01-07,67.0,22074779
2026-01-06,66.9,19891008
2026-01-05,67.0,53391499
2026-01-02,64.5,9942573
2025-12-31,61.8,58757731
2025-12-30,62.85,36108391
2025-12-29,62.7,50570185
2025-12-24,63.0,33930253
2025-12-23,62.5,19909904
2025-12-22,63.0,18086878
2025-12-19,63.3,19278423
2025-12-18,63.5,10498869
2025-12-17,63.5,32216654
2025-12-16,63.5,14286395
2025-12-15,64.05,8666344
2025-12-12,64.0,37673235
2025-12-11,64.45,20328514
2025-12-10,64.5,10595152
2025-12-09,64.5,16244175
2025-12-08,65.0,41989261
2025-12-05,62.2,59460875
2025-12-04,60.5,27101569
2025-12-03,60.0,52661797
2025-12-02,59.7,40334187
2025-12-01,60.0,25019107
2025-11-28,60.0,15065500
2025-11-27,60.0,24556546
2025-11-26,60.3,36127521
2025-11-25,59.75,9838752
2025-11-24,59.5,13126467
2025-11-21,59.75,91504530
2025-11-20,59.85,13719221
2025-11-19,59.5,34542971
2025-11-18,61.0,12123124
2025-11-17,62.95,13244096
2025-11-14,64.0,25502538
2025-11-13,64.4,40768870
2025-11-12,59.4,86805685
2025-11-11,54.0,41916809
2025-11-10,59.6,21936994
2025-11-07,60.0,22459245
2025-11-06,59.9,41887497
2025-11-05,60.8,53667313
2025-11-04,61.55,38275830
2025-11-03,63.0,31806677
2025-10-31,63.0,21540757
2025-10-30,63.0,13281131
2025-10-29,63.7,17015666
2025-10-28,63.4,28141691
2025-10-27,65.5,18176902
2025-10-24,67.2,15058376
2025-10-23,67.55,12091551
2025-10-22,67.55,23982726
2025-10-21,68.5,14218340
2025-10-20,68.6,14775478
2025-10-17,68.2,5147712
2025-10-16,68.05,25048100
2025-10-15,68.1,20845558
2025-10-14,68.0,17900174
2025-10-13,68.0,21102619
2025-10-10,68.5,18220135
2025-10-09,69.2,5824417
2025-10-08,69.0,18573241
2025-10-07,68.6,6772822
2025-10-06,69.0,16236578
2025-10-03,69.4,29871161
2025-10-02,69.0,47090688
2025-09-30,69.0,49407394
2025-09-29,69.6,18746312
2025-09-26,69.85,38966579
2025-09-25,69.45,45527302
2025-09-24,68.8,68994605
2025-09-23,67.9,104431797
2025-09-22,65.7,58602490
2025-09-19,64.0,27929341
2025-09-18,66.0,24269881
2025-09-17,66.95,9823852
2025-09-16,67.8,18442953
2025-09-15,68.0,17109809
2025-09-12,68.0,15958045
2025-09-11,67.0,27912337
2025-09-10,66.0,29059036
2025-09-09,66.0,9958133
2025-09-08,65.75,26733629
2025-09-04,64.9,26351035
2025-09-03,64.25,18174911
2025-09-02,65.0,19201256
2025-09-01,64.4,16787192
2025-08-29,66.0,17349095
2025-08-28,69.0,6672810
2025-08-27,69.9,7692950
2025-08-26,70.6,8647972
2025-08-25,70.0,10177489
2025-08-22,70.0,10059997
2025-08-21,68.3,9097630
2025-08-20,68.0,18311774
2025-08-19,67.05,12784995
2025-08-18,72.3,13674904
2025-08-15,72.4,13810061
2025-08-14,72.0,15853787
2025-08-13,72.55,25399169
2025-08-12,74.0,27389790
2025-08-11,74.0,16048971
2025-08-08,74.65,28814577
2025-08-07,74.7,38329460
2025-08-06,74.4,60350698
2025-08-05,75.9,16143660
2025-08-04,76.9,23995500
2025-08-01,76.5,38605633
2025-07-31,76.5,15826781
2025-07-30,75.0,20575230
2025-07-29,73.0,25608944
2025-07-28,72.7,31032831
2025-07-25,74.0,16958037
2025-07-24,73.2,22504965
2025-07-22,70.75,26526536
2025-07-21,71.0,24603893
2025-07-18,72.0,50704817
2025-07-17,75.0,83356558
2025-07-16,76.0,66280491
2025-07-14,71.5,43882555
2025-07-11,69.7,55149602
2025-07-10,63.4,32527624
2025-07-09,59.0,23119721
2025-07-08,57.3,17133750
2025-07-07,57.55,24728011
2025-07-04,57.5,17514465
2025-07-03,58.0,16270272
2025-07-02,57.0,17387875
2025-07-01,56.05,18340901
2025-06-30,56.95,21819687
2025-06-27,58.0,30545302
2025-06-26,58.3,60300696
2025-06-25,58.0,60624836
2025-06-24,53.0,34211315
2025-06-23,50.85,46255345
2025-06-20,49.9,24853632
2025-06-19,49.95,37552571
2025-06-18,48.5,149923099
2025-06-17,46.05,96226537
2025-06-16,47.0,76847808
2025-06-13,50.2,34722936
2025-06-11,50.1,28666334
2025-06-10,50.3,49330444
2025-06-05,50.75,62816787
2025-06-04,48.8,12838605
2025-06-03,48.6,8391535
2025-06-02,48.95,14447460
2025-05-30,49.0,29928179
2025-05-29,48.5,27696352
2025-05-28,48.45,17591185
2025-05-27,48.5,27431968
2025-05-26,48.25,17941321
2025-05-23,47.4,11614640
2025-05-22,47.6,13104726
2025-05-21,47.95,20148753
2025-05-20,48.05,12656649
2025-05-19,48.0,13233245
2025-05-16,48.4,15245940
2025-05-15,48.5,24052442
2025-05-14,48.5,27351584
2025-05-13,48.0,20698825
2025-05-12,48.8,24316985
2025-05-09,48.9,21796892
2025-05-08,49.0,19987838
2025-05-07,49.0,38471894
2025-05-06,48.0,26184008
2025-05-05,46.95,14427369
2025-05-02,47.5,24481513
2025-04-30,47.8,20706376
2025-04-29,47.75,12693773
2025-04-28,46.4,6478414
2025-04-25,46.5,22935274
2025-04-24,45.5,12301252
2025-04-23,45.1,17096558
2025-04-22,45.0,23734020
2025-04-17,44.0,15577254
2025-04-16,44.0,13962750
2025-04-15,49.8,23120006
2025-04-14,50.0,55428192
2025-04-11,49.95,33348790
2025-04-10,49.2,30204574
2025-04-09,47.3,32325680
2025-04-08,47.0,17976879
2025-04-07,45.5,31672384
2025-04-04,47.9,22864438
2025-04-03,47.05,34934642
2025-04-02,47.0,28635846
2025-03-28,47.0,23195678
2025-03-27,47.8,41504490
2025-03-26,48.9,21491065
2025-03-25,49.45,20137006
2025-03-24,47.9,55062709
2025-03-21,45.6,22677318
2025-03-20,46.85,22905741
2025-03-19,47.5,21630923
2025-03-18,47.75,19563009
2025-03-17,47.55,25976111
2025-03-14,47.8,18558745
2025-03-13,48.0,28733235
2025-03-12,47.75,22810165
2025-03-11,47.5,22359726
2025-03-10,48.0,27643761
2025-03-07,47.8,42150286
2025-03-06,47.3,36511421
2025-03-05,47.0,21648652
2025-03-04,47.85,25654667
2025-03-03,48.0,32373481
2025-02-28,48.35,122228125
2025-02-27,48.0,33339981
2025-02-26,48.0,26786229
2025-02-25,48.0,18420202
2025-02-24,48.4,28192002
2025-02-21,49.4,20035303
2025-02-20,49.95,22979047
2025-02-19,50.45,22090943
2025-02-18,50.75,15846943
2025-02-17,51.45,12963450
2025-02-14,51.6,15881927
2025-02-13,51.45,16352646
2025-02-12,51.45,25549840
2025-02-11,51.3,20804338
2025-02-10,50.8,24873387
2025-02-07,52.0,16779525
2025-02-06,50.3,40537817
2025-02-05,50.0,44729144
2025-02-04,49.2,29523484
2025-02-03,50.0,54533399
2025-01-31,50.6,21220868
2025-01-30,50.65,19250463
2025-01-29,50.9,8931451
2025-01-28,50.8,33791950
2025-01-27,51.0,33209092
2025-01-24,49.6,9230227
2025-01-23,48.1,25154684
2025-01-22,47.55,16981467
2025-01-21,47.2,26702300
2025-01-20,47.0,19703791
2025-01-17,46.8,8401072
2025-01-16,46.95,7521769
2025-01-15,46.95,12794527
2025-01-14,46.75,13386700
2025-01-13,46.85,8935813
2025-01-10,46.0,18213557
2025-01-09,46.5,5904635
2025-01-08,44.5,13143630
2025-01-07,44.95,7674939
2025-01-06,46.65,5248721
2025-01-03,46.5,8513527
2025-01-02,45.85,14837350
2024-12-31,45.5,4227640
2024-12-30,45.95,19639384
2024-12-27,45.95,33262520
2024-12-24,46.0,15117074
2024-12-23,46.0,34645160
2024-12-20,45.85,60410012
2024-12-19,44.8,9711583
2024-12-18,44.7,15983409
2024-12-17,44.0,13944355
2024-12-16,44.3,12926289
2024-12-13,44.0,14165994
2024-12-12,43.75,4631575
2024-12-11,44.1,21217486
2024-12-10,44.0,12191430
2024-12-09,44.35,11839271
2024-12-06,43.95,4181793
2024-12-05,44.0,17265344
2024-12-04,44.75,9186560
2024-12-03,45.0,10630514
2024-12-02,44.7,17783987
2024-11-29,44.5,5067652
2024-11-28,44.0,14733835
2024-11-27,43.5,3727612
2024-11-26,43.5,3580272
2024-11-25,43.1,9629506
2024-11-22,44.3,10296233
2024-11-21,44.5,22321313
2024-11-20,44.9,14047267
2024-11-19,44.0,6993142
2024-11-18,43.5,9731766
2024-11-15,43.3,30323588
2024-11-14,43.0,16222893
2024-11-13,43.0,6530139
2024-11-12,42.0,13533694
2024-11-11,41.6,9689671
2024-11-08,42.0,3803926
2024-11-07,43.0,12320739
2024-11-06,42.65,20619868
2024-11-05,43.0,46355238
2024-11-04,40.65,15820308
2024-11-01,41.25,40713728
2024-10-31,39.95,11028219
2024-10-30,39.5,23075940
2024-10-29,39.0,22855216
2024-10-28,39.9,7067138
2024-10-25,39.9,18828887
2024-10-24,40.0,25033553
2024-10-23,39.3,16107751
2024-10-22,37.55,11825171
2024-10-21,37.5,14771336
2024-10-18,37.45,27915357
2024-10-17,37.5,20054095
2024-10-16,37.45,11593481
2024-10-15,37.5,30379017
2024-10-14,37.5,34086197
2024-10-11,37.45,19733057
2024-10-10,37.5,25552273
2024-10-09,37.35,11170522
2024-10-08,37.4,7075819
2024-10-07,37.5,9844028
2024-10-04,37.5,12909804
2024-10-03,37.7,19013141
2024-10-02,37.75,35172640
2024-09-30,37.75,21760344
2024-09-27,37.7,11745974
2024-09-26,37.75,14809370
2024-09-25,37.7,21050457
2024-09-24,37.6,18610657
2024-09-23,37.5,8935501
2024-09-20,37.9,14372672
2024-09-19,37.0,12059074
2024-09-18,36.7,16922976
2024-09-17,36.7,12831868
2024-09-13,38.0,28620582
2024-09-12,37.0,19274929
2024-09-11,37.0,18988612
2024-09-10,37.0,14882895
2024-09-09,37.0,173485170
2024-09-06,37.5,34618326
2024-09-05,37.0,56564439
2024-09-04,37.4,10894394
2024-09-03,38.3,7876579
2024-09-02,39.0,39982607
2024-08-29,38.35,13497842
2024-08-28,38.4,9240822
2024-08-27,38.0,11549707
2024-08-26,37.95,13301106
2024-08-23,37.9,8046126
2024-08-22,37.9,3735356
2024-08-21,38.0,7825196
2024-08-20,38.0,11661012
2024-08-19,38.0,14124210
2024-08-16,38.0,16710068
2024-08-15,37.85,9953454
2024-08-14,37.0,7425548
2024-08-13,37.0,4632865
2024-08-12,38.55,27098716
2024-08-09,38.85,31953888
2024-08-08,38.0,28125253
2024-08-07,37.0,35923303
2024-08-06,36.5,21884468
2024-08-05,36.0,36992856
2024-08-02,36.0,13758325
2024-08-01,35.0,19242126
2024-07-31,33.1,83889926
2024-07-30,33.85,44237163
2024-07-29,34.55,15353556
2024-07-26,35.85,16586404
2024-07-25,35.95,40593038
2024-07-24,36.9,60060941
2024-07-23,36.9,10130406
2024-07-22,37.5,10175381
2024-07-19,37.0,29886209
2024-07-18,37.2,17870543
2024-07-17,40.0,77751947
2024-07-16,40.0,57420560
2024-07-15,39.0,15701888
2024-07-12,37.05,4966661
2024-07-11,37.1,11856312
2024-07-10,37.05,36347218
2024-07-09,37.5,17539386
2024-07-08,37.65,12356665
2024-07-05,37.5,16431411
2024-07-04,37.45,24015965
2024-07-03,35.85,6835488
2024-07-02,35.7,9064664
2024-07-01,34.8,6810057
2024-06-28,35.7,7636544
2024-06-27,35.5,5282228
2024-06-26,35.7,6767712
2024-06-25,35.2,6593220
2024-06-24,35.85,12562214
2024-06-21,35.9,15752007
2024-06-20,35.95,12517560
2024-06-19,36.0,15268980
2024-06-14,36.0,28033338
2024-06-13,36.0,71220970
2024-06-11,35.0,74277519
2024-06-10,34.8,16079102
2024-06-07,33.25,43241262
2024-06-06,33.0,6735063
2024-06-05,32.9,6046477
2024-06-04,32.0,6122601
2024-06-03,33.0,7113118
2024-05-31,33.0,111130090
2024-05-30,33.0,39227332
2024-05-29,32.5,13658169
2024-05-28,31.4,13830927
2024-05-27,30.75,8818459
2024-05-24,30.0,24485336
2024-05-23,30.85,28942504
2024-05-22,31.0,35357512
2024-05-21,32.5,7698224
2024-05-20,31.8,15263475
2024-05-17,32.8,4857392
2024-05-16,32.5,10656311
2024-05-15,33.3,7307987
2024-05-14,34.4,15586140
2024-05-13,34.7,30450014
2024-05-10,34.0,35097764
2024-05-09,34.0,33948856
2024-05-08,33.8,11337471
2024-05-07,34.7,20724648
2024-05-06,34.8,26903826
2024-05-03,34.6,18978352
2024-05-02,32.75,15853932
2024-04-30,32.1,11882158
2024-04-29,31.3,18716472
2024-04-26,32.6,23935981
2024-04-25,36.4,48489386
2024-04-24,36.6,46155986
2024-04-23,36.0,21246812
2024-04-22,37.9,15165575
2024-04-19,35.5,24408133
2024-04-18,36.0,22007605
2024-04-17,35.4,47029903
2024-04-16,35.4,41360212
2024-04-15,38.65,14309762
2024-04-12,40.0,135810416
2024-04-08,41.55,16097304
2024-04-05,42.5,86218968
2024-04-04,43.2,161683671
2024-04-03,44.0,41877198
2024-04-02,44.55,62585245
2024-03-28,44.5,88355043
2024-03-27,44.0,53203397
2024-03-26,40.45,42438986
2024-03-25,39.5,8341322
2024-03-22,39.95,47658101
2024-03-21,39.45,21772131
2024-03-20,38.0,11138134
2024-03-19,38.1,7235570
2024-03-18,39.0,21488209
2024-03-15,39.7,10441791
2024-03-14,38.5,13290006
2024-03-13,39.0,13760323
2024-03-12,38.2,15482906
2024-03-11,36.2,14482965
2024-03-08,34.0,17933932
2024-03-07,33.95,17080193
2024-03-06,34.0,16635920
2024-03-05,35.5,13354580
2024-03-04,35.45,8037975
2024-02-29,35.0,22762462
2024-02-28,32.45,30925192
2024-02-27,34.5,24957322
2024-02-26,35.3,20624519
2024-02-23,35.3,20719703
2024-02-22,35.75,12539329
2024-02-21,35.5,15868142
2024-02-20,35.65,21009508
2024-02-19,35.7,15838526
2024-02-16,35.8,10698734
2024-02-15,35.75,6930704
2024-02-14,36.5,17871919
2024-02-13,35.5,16018107
2024-02-12,36.9,8573077
2024-02-09,36.85,11918266
2024-02-08,36.0,31746179
2024-02-07,36.8,11939995
2024-02-06,37.5,14319534
2024-02-05,38.7,16848504
2024-02-02,39.5,31581848
2024-02-01,38.6,74316882
2024-01-31,35.1,61175892
2024-01-30,39.0,27660203
2024-01-29,42.0,34541161
2024-01-26,43.0,14704687
2024-01-25,42.85,14950158
2024-01-24,42.25,14471311
2024-01-23,42.05,32026858
2024-01-22,44.0,25759077
2024-01-19,45.0,34762788
2024-01-18,44.3,36289934
2024-01-17,45.2,24377538
2024-01-16,45.85,21026984
2024-01-15,44.55,25020294
2024-01-12,43.0,26983605
2024-01-11,43.5,45620327
2024-01-10,42.65,55503003
2024-01-09,47.35,45563253
2024-01-08,43.05,15609369
2024-01-05,42.0,20096388
2024-01-04,41.0,29296158
2024-01-03,40.65,20812774
2024-01-02,39.0,11028077
2023-12-29,38.65,28878622
2023-12-28,38.2,27936475
2023-12-27,38.0,15458772
2023-12-22,37.9,26295298
2023-12-21,38.65,14396313
2023-12-20,38.5,24038384
2023-12-19,37.75,21963415
2023-12-18,37.1,17152925
2023-12-15,37.1,24703447
2023-12-14,37.1,37289741
2023-12-13,36.4,44781598
2023-12-12,35.5,22992025
2023-12-11,35.5,12686302
2023-12-08,35.0,18992138
2023-12-07,35.25,31620189
2023-12-06,36.1,38615087
2023-12-05,34.9,15474280
2023-12-04,34.85,16162502
2023-12-01,35.0,8850778
2023-11-30,34.05,15957319
2023-11-29,35.0,9419689
2023-11-28,35.15,10193794
2023-11-27,35.3,12914657
2023-11-24,34.7,22579369
2023-11-23,33.5,20713637
2023-11-22,33.4,14365042
2023-11-21,33.2,8780658
2023-11-20,33.15,15166036
2023-11-17,33.4,7383360
2023-11-16,33.5,10426334
2023-11-15,33.75,10423384
2023-11-14,34.4,3854620
2023-11-13,33.5,4368761
2023-11-10,33.05,10076671
2023-11-09,33.05,20531316
2023-11-08,33.2,5119290
2023-11-07,33.3,13093650
2023-11-06,33.6,9340253
2023-11-03,34.0,8163498
2023-11-02,34.0,13682844
2023-11-01,34.4,14071120
2023-10-31,33.15,29899416
2023-10-30,33.5,24421384
2023-10-27,33.3,6515500
2023-10-26,33.1,6879263
2023-10-25,33.35,16649368
2023-10-24,33.55,9373898
2023-10-23,33.25,16164012
2023-10-20,33.05,18022988
2023-10-19,33.15,4341108
2023-10-18,33.4,8279736
2023-10-17,33.0,15443287
2023-10-16,32.15,7703372
2023-10-13,32.0,12986474
2023-10-12,32.0,20481848
2023-10-11,31.6,32273450
2023-10-10,31.8,11266888
2023-10-09,31.95,7759039
2023-10-06,32.0,7830258
2023-10-05,31.9,6067315
2023-10-04,31.9,12036233
2023-10-03,31.5,17809967
2023-09-29,31.45,10927608
2023-09-28,31.3,21116930
2023-09-26,31.05,21575655
2023-09-25,32.0,9695022
2023-09-22,33.0,13942397
2023-09-21,33.0,9837700
2023-09-20,33.0,9719057
2023-09-19,33.0,14041841
2023-09-18,33.15,11903566
2023-09-15,33.25,9739212
2023-09-14,33.0,15834262
2023-09-13,33.85,29801688
2023-09-12,33.6,38323497
2023-09-11,34.8,43128984
2023-09-08,36.95,8812871
2023-09-06,37.0,10008188
2023-09-05,37.0,34359310
2023-09-04,37.1,75411494
2023-09-01,34.4,19740554
2023-08-31,32.9,8940693
2023-08-30,32.9,11235890
2023-08-29,33.5,14660688
2023-08-28,32.75,4616683
2023-08-25,32.75,12318137
2023-08-24,33.0,7288933
2023-08-23,33.4,7961127
2023-08-22,33.8,6550489
2023-08-21,33.95,6232294
2023-08-18,34.0,8835736
2023-08-17,34.0,7279380
2023-08-16,34.45,10751175
2023-08-15,34.4,11302105
2023-08-14,34.1,10725315
2023-08-11,35.0,18352845
2023-08-10,35.0,12486195
2023-08-09,35.0,6119522
2023-08-08,35.0,6999375
2023-08-07,34.2,5797466
2023-08-04,34.1,23863486
2023-08-03,33.6,12091023
2023-08-02,33.5,12074294
2023-08-01,33.5,24304434
2023-07-31,33.9,7622356
2023-07-28,34.0,12844389
2023-07-27,35.0,16434229
2023-07-26,35.3,26476378
2023-07-25,35.0,36306545
2023-07-24,34.7,13335231
2023-07-21,35.15,73351105
2023-07-20,32.3,13729914
2023-07-19,32.25,10013485
2023-07-18,32.8,8617782
2023-07-17,33.95,13883090
2023-07-14,32.5,36420537
2023-07-13,33.65,14255079
2023-07-12,34.35,40281178
2023-07-11,34.1,11641614
2023-07-10,34.8,47879295
2023-07-07,34.8,53049610
2023-07-06,34.55,13660213
2023-07-05,34.1,11860579
2023-07-04,33.9,52708886
2023-07-03,35.25,49970853
2023-06-30,34.25,74398931
2023-06-27,34.0,52436609
2023-06-26,32.5,28574335
2023-06-23,32.0,36441881
2023-06-22,31.8,20315178
2023-06-21,31.75,14860361
2023-06-20,32.0,18708603
2023-06-19,32.0,28270549
2023-06-16,31.0,39093893
2023-06-15,32.05,62669456
2023-06-14,33.8,119143503
2023-06-13,30.8,85699690
2023-06-09,28.0,21049940
2023-06-08,28.0,30823901
2023-06-07,27.95,8136853
2023-06-06,28.0,15877042
2023-06-05,27.95,28745497
2023-06-02,28.6,21919010
2023-06-01,29.5,37155517
2023-05-31,29.0,44535182
2023-05-30,29.7,66129791
2023-05-26,27.0,50013174
2023-05-25,26.75,39403247
2023-05-24,26.75,37547796
2023-05-23,27.0,58999343
2023-05-22,26.45,53434420
2023-05-19,26.0,57845859
2023-05-18,25.0,29058428
2023-05-17,25.15,31697181
2023-05-16,24.5,57386003
2023-05-15,24.15,18786501
2023-05-12,24.0,10412639
2023-05-11,23.9,16793683
2023-05-10,24.4,24481422
2023-05-09,24.5,42751024
2023-05-08,24.4,8666594
2023-05-05,24.05,33157778
2023-05-04,24.0,24904391
2023-05-03,24.0,15267928
2023-05-02,23.5,12142712
2023-04-28,22.8,15278965
2023-04-27,22.8,16870996
2023-04-26,22.55,13065284
2023-04-25,22.05,27553279
2023-04-20,21.95,18114437
2023-04-19,21.85,16484813
2023-04-18,21.8,12159667
2023-04-17,22.0,13368618
2023-04-14,25.0,18168543
2023-04-13,25.05,20614314
2023-04-12,25.5,11384956
2023-04-11,25.5,44457462
2023-04-06,25.5,19107453
2023-04-05,25.5,15857962
2023-04-04,25.15,14731582
2023-04-03,25.8,8159541
2023-03-31,25.85,5374721
2023-03-30,25.9,14038725
2023-03-29,25.7,27086843
2023-03-28,25.0,10204471
2023-03-27,25.0,11919987
2023-03-24,24.95,5083533
2023-03-23,25.1,7896749
2023-03-22,25.05,6085925
2023-03-21,25.1,11964640
2023-03-20,24.75,9861189
2023-03-17,24.6,9485067
2023-03-16,24.45,14721109
2023-03-15,23.85,18560024
2023-03-14,25.0,16510724
2023-03-13,25.0,14834841
2023-03-10,25.8,13220321
2023-03-09,26.0,18492661
2023-03-08,26.0,6261268
2023-03-07,25.95,13261284
2023-03-06,26.3,4773883
2023-03-03,26.6,17396863
2023-03-02,26.4,9276253
2023-03-01,26.65,12489527
2023-02-28,26.5,34247198
2023-02-27,25.95,7953025
2023-02-24,25.75,8129969
2023-02-23,25.35,11525976
2023-02-22,25.2,13000968
2023-02-21,25.0,15036826
2023-02-20,25.0,30271088
2023-02-17,25.0,16892718
2023-02-16,25.5,8441601
2023-02-15,25.35,4959458
2023-02-14,25.3,5051740
2023-02-13,25.65,12598110
2023-02-10,25.2,6872468
2023-02-09,25.1,5413581
2023-02-08,25.2,6116393
2023-02-07,25.0,14670122
2023-02-06,25.1,18016793
2023-02-03,25.2,7978833
2023-02-02,25.1,9263879
2023-02-01,25.5,7289726
2023-01-31,25.0,12516967
2023-01-30,25.1,36763207
2023-01-27,24.9,3913423
2023-01-26,24.7,5775660
2023-01-25,24.5,4766720
2023-01-24,24.5,10893348
2023-01-23,24.6,9917090
2023-01-20,24.45,6975413
2023-01-19,24.5,18554221
2023-01-18,24.55,16918676
2023-01-17,24.6,11322803
2023-01-16,24.6,13516792
2023-01-13,25.55,20310743
2023-01-12,25.1,11778677
2023-01-11,24.4,9011289
2023-01-10,24.35,25459183
2023-01-09,24.3,8292229
2023-01-06,24.45,5123807
2023-01-05,24.55,6245860
2023-01-04,24.1,3957762
2023-01-03,24.0,5429705
2022-12-30,24.0,4324121
2022-12-29,24.9,19642435
2022-12-28,24.9,5052690
2022-12-23,24.55,5999891
2022-12-22,24.1,2446884
2022-12-21,24.3,7619571
2022-12-20,24.25,4520667
2022-12-19,24.0,3776247
2022-12-16,24.1,14125780
2022-12-15,23.5,8691290
2022-12-14,23.0,9787240
2022-12-13,23.0,14186943
2022-12-12,22.45,5528596
2022-12-09,22.1,831387
2022-12-08,22.05,5001993
2022-12-07,22.0,12510061
2022-12-06,22.05,3600656
2022-12-05,22.2,11505328
2022-12-02,22.75,3426695
2022-12-01,22.75,9785563
2022-11-30,21.9,8039764
2022-11-29,21.7,9330852
2022-11-28,22.0,7122638
2022-11-25,21.9,6393290
2022-11-24,22.0,5268765
2022-11-23,22.7,11117790
2022-11-22,22.1,13550004
2022-11-21,21.7,11479261
2022-11-18,21.35,4904553
2022-11-17,21.3,5517403
2022-11-16,21.8,14013597
2022-11-15,20.1,4581273
2022-11-14,19.95,19323689
2022-11-11,19.95,5276843
2022-11-10,19.9,17169673
2022-11-09,19.95,13472579
2022-11-08,19.9,10731333
2022-11-07,20.0,15126250
2022-11-04,19.85,10137402
2022-11-03,19.9,7190550
2022-11-02,19.95,8368837
2022-11-01,20.0,9566765
2022-10-31,20.0,6914193
2022-10-28,20.1,7269543
2022-10-27,20.1,6130479
2022-10-26,19.6,6246194
2022-10-25,19.75,5284248
2022-10-24,20.0,2604355
2022-10-21,20.05,10767051
2022-10-20,20.2,3122665
2022-10-19,20.35,6323213
2022-10-18,20.4,13155012
2022-10-17,20.2,2458917
2022-10-14,20.0,5527745
2022-10-13,19.55,8530325
2022-10-12,19.45,11815536
2022-10-11,19.4,5042810
2022-10-07,19.55,7427382
2022-10-06,19.3,14400498
2022-10-05,19.0,6369132
2022-10-04,19.3,14387702
2022-09-30,20.0,21518853
2022-09-29,20.0,14171390
2022-09-28,19.9,11555622
2022-09-27,20.2,35273904
2022-09-26,20.0,8868232
2022-09-23,19.95,20832081
2022-09-22,20.0,24391157
2022-09-21,19.95,6300657
2022-09-20,19.8,11093625
2022-09-19,19.75,9252081
2022-09-16,19.75,11969523
2022-09-15,19.65,8565001
2022-09-14,19.5,18250335
2022-09-13,20.0,26736348
2022-09-12,20.05,5915292
2022-09-09,20.05,14018716
2022-09-08,20.05,8264101
2022-09-07,20.05,10186963
2022-09-06,20.25,12496849
2022-09-05,21.0,9493318
2022-09-02,21.5,12395423
2022-09-01,21.25,7452644
2022-08-31,21.9,6035660
2022-08-30,21.95,6896895
2022-08-29,21.95,12450376
2022-08-26,21.9,6780399
2022-08-25,22.0,5541140
2022-08-24,22.0,11859784
2022-08-23,22.0,25197019
2022-08-22,22.0,6404916
2022-08-19,21.95,7069887
2022-08-18,21.95,5748982
2022-08-17,21.7,16658891
2022-08-16,21.8,6248076
2022-08-15,21.7,8335006
2022-08-12,21.25,9710565
2022-08-11,21.4,5756650
2022-08-10,21.45,5394533
2022-08-09,21.25,4445297
2022-08-08,21.25,10232994
2022-08-05,21.9,10170736
2022-08-04,22.0,6573789
2022-08-03,21.4,8365410
2022-08-02,21.4,9293445
2022-08-01,21.0,20445680
2022-07-29,20.7,22697162
2022-07-28,18.9,16934539
2022-07-27,20.6,9277174
2022-07-26,21.0,11387519
2022-07-25,21.7,12269607
2022-07-22,20.75,16043794
2022-07-21,21.95,9488224
2022-07-20,21.95,4504293
2022-07-19,22.0,3777098
2022-07-18,22.0,10675813
2022-07-15,22.2,5616951
2022-07-14,22.1,6588641
2022-07-13,22.45,3495863
2022-07-08,22.0,8357583
2022-07-07,21.85,3895339
2022-07-06,21.75,7215240
2022-07-05,21.65,11743083
2022-07-04,22.1,8582952
2022-07-01,21.85,5421925
2022-06-30,21.7,14073222
2022-06-29,21.7,12681476
2022-06-28,21.65,16088472
2022-06-27,21.7,11859940
2022-06-24,21.65,8242565
2022-06-23,21.6,9375781
2022-06-22,21.95,14528080
2022-06-21,22.0,12807488
2022-06-20,22.0,7831867
2022-06-17,21.4,33199949
2022-06-16,21.95,17335356
2022-06-15,22.25,12843361
2022-06-14,22.7,8212450
2022-06-10,22.85,14741322
2022-06-09,22.85,12575713
2022-06-08,23.4,4576719
2022-06-07,23.4,7923288
2022-06-06,23.35,8917078
2022-06-03,23.45,9761574
2022-06-02,23.0,26916359
2022-06-01,23.45,5643656
2022-05-31,23.45,11978966
2022-05-30,23.85,4467478
2022-05-27,23.9,5048753
2022-05-26,23.85,7180044
2022-05-25,23.6,15340115
2022-05-24,24.0,24987105
2022-05-23,24.05,8579430
2022-05-20,24.1,6979896
2022-05-19,24.3,4127015
2022-05-18,24.4,3460535
2022-05-17,24.1,7503789
2022-05-16,24.35,4798212
2022-05-13,24.5,10275026
2022-05-12,24.0,24481463
2022-05-11,24.3,16207162
2022-05-10,24.25,4488264
2022-05-09,24.3,21199621
2022-05-06,24.45,24048332
2022-05-05,24.0,29352526
2022-05-04,24.15,15848244
2022-04-29,24.5,8165463
2022-04-28,24.55,2541249
2022-04-27,24.15,9288624
2022-04-26,24.8,19444809
2022-04-25,25.55,35842261
2022-04-22,25.3,39898563
2022-04-21,24.3,10823356
2022-04-20,24.0,23653793
2022-04-19,24.85,13042824
2022-04-14,25.0,31090064
2022-04-13,25.1,43914626
2022-04-12,25.4,27207626
2022-04-11,24.0,31124905
2022-04-08,23.0,11950392
2022-04-07,22.8,23296015
2022-04-06,22.65,10002323
2022-04-05,22.75,12070787
2022-04-04,22.0,12579608
2022-04-01,22.4,24185843
2022-03-31,22.4,15246778
2022-03-30,22.75,15835968
2022-03-29,23.25,11714413
2022-03-28,23.55,13099987
2022-03-25,26.9,22047571
2022-03-24,26.6,20175419
2022-03-23,26.9,12607338
2022-03-22,26.95,28215996
2022-03-21,27.0,19926227
2022-03-18,26.65,8663932
2022-03-17,26.45,8725177
2022-03-16,26.4,10031080
2022-03-15,26.8,9641078
2022-03-14,27.0,28462276
2022-03-11,27.0,29947252
2022-03-10,26.7,14314438
2022-03-09,26.5,22292460
2022-03-08,26.8,14268216
2022-03-07,26.85,10633765
2022-03-04,26.45,13012994
2022-03-03,26.7,11864728
2022-03-02,26.95,17510882
2022-03-01,27.0,23084510
2022-02-28,27.1,15492888
2022-02-25,26.95,5406853
2022-02-24,27.0,4720029
2022-02-23,26.95,11225796
2022-02-22,26.95,51634460
2022-02-21,26.95,46325168
2022-02-18,26.8,10622823
2022-02-17,26.8,11798728
2022-02-16,26.85,17293310
2022-02-15,26.85,5673120
2022-02-14,27.05,20004584
2022-02-11,26.9,16587028
2022-02-10,27.4,11646685
2022-02-09,27.1,15839163
2022-02-08,27.0,24324646
2022-02-07,26.95,9716650
2022-02-04,26.35,5997853
2022-02-03,26.15,12845268
2022-02-02,26.5,30054928
2022-02-01,27.35,12717306
2022-01-31,26.05,17507742
2022-01-28,25.75,26721550
2022-01-27,25.5,7835684
2022-01-26,25.4,12123391
2022-01-25,25.4,17318113
2022-01-24,25.6,4779737
2022-01-21,25.8,8101439
2022-01-20,25.85,9497024
2022-01-19,25.8,6273009
2022-01-18,25.7,4281326
2022-01-17,25.5,20918370
2022-01-14,25.5,10537810
2022-01-13,25.5,4478039
2022-01-12,25.45,3887883
2022-01-11,25.4,10910728
2022-01-10,25.35,12129510
2022-01-07,25.4,11980841
2022-01-06,25.35,10267378
2022-01-05,25.3,10882448
2022-01-04,25.3,11035397
2021-12-31,25.15,70247457
2021-12-30,25.0,8997821
2021-12-29,24.75,7941012
2021-12-24,24.4,5911744
2021-12-23,24.2,5934276
2021-12-22,24.4,3848734
2021-12-21,24.65,6780170
2021-12-20,24.85,3678715
2021-12-17,24.8,21936934
2021-12-16,24.8,9622353
2021-12-15,24.8,3294566
2021-12-14,24.75,3219856
2021-12-13,25.05,9726639
2021-12-10,25.5,13267098
2021-12-09,24.55,18700825
2021-12-08,24.0,11916300
2021-12-07,24.0,11281150
2021-12-06,23.5,10250287
2021-12-03,23.5,8034276
2021-12-02,23.55,14563056
2021-12-01,24.0,18339499
2021-11-30,23.95,38967176
2021-11-29,24.2,12777540
2021-11-26,24.35,13154982
2021-11-25,24.45,22886054
2021-11-24,24.45,37408414
2021-11-23,24.2,13433903
2021-11-22,24.2,11742306
2021-11-19,23.9,7547912
2021-11-18,24.1,4634643
2021-11-17,24.1,7562476
2021-11-16,24.05,6465361
2021-11-15,24.05,16156059
2021-11-12,24.0,9674047
2021-11-11,24.0,12521490
2021-11-10,24.1,11417946
2021-11-09,24.4,17477615
2021-11-08,24.5,32621871
2021-11-05,24.6,1684157
2021-11-04,24.5,5307061
2021-11-03,24.5,5762991
2021-11-02,25.0,29899207
2021-11-01,25.15,13488725
2021-10-29,25.25,9001376
2021-10-28,25.05,5540313
2021-10-27,25.0,5722579
2021-10-26,24.8,7818395
2021-10-25,24.9,7287848
2021-10-22,25.0,8979956
2021-10-21,24.95,6162540
2021-10-20,24.95,11938499
2021-10-18,24.85,7040936
2021-10-15,24.7,5110721
2021-10-14,24.7,9799587
2021-10-13,24.8,4154860
2021-10-12,24.55,6698136
2021-10-11,24.55,12225611
2021-10-08,24.5,3922467
2021-10-07,24.15,11657130
2021-10-06,24.05,11628399
2021-10-05,23.9,9218659
2021-10-04,23.5,9378782
2021-09-30,23.45,10514219
2021-09-29,23.5,12114820
2021-09-28,23.3,5750087
2021-09-27,23.45,4821847
2021-09-24,23.5,12020170
2021-09-23,22.85,9201337
2021-09-22,22.9,11757422
2021-09-21,22.95,14199218
2021-09-20,23.5,5659863
2021-09-17,23.8,9951441
2021-09-16,23.65,8491361
2021-09-15,23.65,9711718
2021-09-14,23.8,8321201
2021-09-13,23.7,4187119
2021-09-10,24.0,10217034
2021-09-09,23.8,9135924
2021-09-08,24.0,7407679
2021-09-07,24.2,14304122
2021-09-06,24.25,7447427
2021-09-03,24.1,7006963
2021-09-02,24.05,13711144
2021-09-01,24.0,16591605
2021-08-31,24.0,10139262
2021-08-30,24.25,9078860
2021-08-27,24.4,16357479
2021-08-26,24.3,3928476
2021-08-25,24.4,5800701
2021-08-24,24.5,6844995
2021-08-23,24.3,5589198
2021-08-20,24.3,8887398
2021-08-19,24.25,5811157
2021-08-18,24.2,8514779
2021-08-17,24.2,3547503
2021-08-16,24.25,5377801
2021-08-13,24.4,7678599
2021-08-12,24.3,11074450
2021-08-11,24.2,3312629
2021-08-10,24.1,6904371
2021-08-09,24.25,4293661
2021-08-06,24.35,6010780
2021-08-05,24.4,11936499
2021-08-04,24.5,1666063
2021-08-03,24.4,7190832
2021-08-02,24.6,7837871
2021-07-30,24.55,2731015
2021-07-29,24.45,6014703
2021-07-28,24.4,10977286
2021-07-27,24.8,7060005
2021-07-26,24.65,8063059
2021-07-23,24.85,24294696
2021-07-22,24.65,10005396
2021-07-19,24.45,3640976
2021-07-16,24.45,6632505
2021-07-15,24.3,3555678
2021-07-14,24.0,17648167
2021-07-13,24.3,6467755
2021-07-12,24.4,35318861
2021-07-09,24.95,9870808
2021-07-08,25.0,23658433
2021-07-07,25.0,27728523
2021-07-06,24.8,11453687
2021-07-05,24.1,13713571
2021-07-02,24.0,17912959
2021-07-01,23.9,9822533
2021-06-30,23.75,11156097
2021-06-29,23.75,11149083
2021-06-28,23.65,8811667
2021-06-25,23.8,8974021
2021-06-24,23.8,13895191
2021-06-23,23.5,33681963
2021-06-22,23.8,10471001
2021-06-21,23.9,16144873
2021-06-18,23.8,44970484
2021-06-17,23.5,16265308
2021-06-16,23.4,9805389
2021-06-15,23.35,25903188
2021-06-11,23.15,25720484
2021-06-10,23.1,27323705
2021-06-09,22.95,20759306
2021-06-08,22.9,15251129
2021-06-07,22.95,15943969
2021-06-04,23.0,3344288
2021-06-03,23.0,27505951
2021-06-02,22.95,5276248
2021-06-01,22.85,20475242
2021-05-31,23.0,20927180
2021-05-28,23.0,20242032
2021-05-27,22.9,5848771
2021-05-26,22.8,22099056
2021-05-25,23.05,28188074
2021-05-24,23.05,7211519
2021-05-21,23.0,3208479
2021-05-20,23.0,27566288
2021-05-19,23.0,9638615
2021-05-18,23.5,18545383
2021-05-17,23.7,52676150
2021-05-14,23.7,32028318
2021-05-11,23.25,26421735
2021-05-10,23.0,44000748
2021-05-07,22.2,25512627
2021-05-06,21.95,29432277
2021-05-05,21.3,25025933
2021-05-04,22.0,58003865
2021-04-30,22.25,15614942
2021-04-29,22.15,9831267
2021-04-28,22.1,16580249
2021-04-27,22.1,14778247
2021-04-26,22.2,14247521
2021-04-23,22.3,5034975
2021-04-22,22.0,28750433
2021-04-21,22.3,12467259
2021-04-20,22.25,26177765
2021-04-19,21.65,18167731
2021-04-16,21.5,6140030
2021-04-15,21.8,5723884
2021-04-14,22.0,19617711
2021-04-13,21.9,10944200
2021-04-12,22.0,4535996
2021-04-09,21.95,7332058
2021-04-08,21.8,17584133
2021-04-07,21.0,55030501
2021-04-06,21.9,16586858
2021-04-01,22.1,6717730
2021-03-31,22.55,22137440
2021-03-30,22.6,24907735
2021-03-29,22.05,12689130
2021-03-26,22.0,21013589
2021-03-25,22.0,12085228
2021-03-24,22.0,16674931
2021-03-23,22.0,22534634
2021-03-22,22.5,25002755
2021-03-19,22.5,66099533
2021-03-18,22.0,32840707
2021-03-17,20.5,28448895
2021-03-16,20.3,15186178
2021-03-15,21.2,7671783
2021-03-12,21.35,10470232
2021-03-11,21.45,11495379
2021-03-10,21.75,12132503
2021-03-09,21.75,35766490
2021-03-08,24.9,66496008
2021-03-05,25.3,46851288
2021-03-04,25.3,38647711
2021-03-03,25.55,41382080
2021-03-02,25.65,48101970
2021-03-01,25.8,20619706
2021-02-26,25.45,26612902
2021-02-25,25.85,24565646
2021-02-24,26.3,154621114
2021-02-23,26.0,52673009
2021-02-22,24.8,21749034
2021-02-19,24.7,17575227
2021-02-18,24.1,37737353
2021-02-17,25.0,13978034
2021-02-16,25.0,25992467
2021-02-15,25.15,21506398
2021-02-12,25.0,55601870
2021-02-11,24.8,37104685
2021-02-10,25.0,43741847
2021-02-09,25.8,25075154
2021-02-08,26.0,14166272
2021-02-05,26.0,52779654
2021-02-04,26.75,29539683
2021-02-03,26.95,31504267
2021-02-02,26.3,38576459
2021-02-01,27.15,31523081
2021-01-29,27.2,44956083
2021-01-28,27.2,35226308
2021-01-27,26.4,47161593
2021-01-26,26.25,19064914
2021-01-25,26.5,15871012
2021-01-22,26.5,25712332
2021-01-21,26.45,26790148
2021-01-20,26.3,13825138
2021-01-19,26.2,28524941
2021-01-18,26.15,31380944
2021-01-15,26.3,36265546
2021-01-14,26.4,42813568
2021-01-13,25.9,45772768
2021-01-12,25.8,16544171
2021-01-11,25.85,13360081
2021-01-08,25.65,23692399
2021-01-07,25.3,12977161
2021-01-06,25.1,12531411
2021-01-05,24.6,31707817
2021-01-04,25.7,8773419
2020-12-31,24.8,44036896
2020-12-30,24.95,27541446
2020-12-29,25.0,29903993
2020-12-24,24.5,84434319
2020-12-23,24.5,43182176
2020-12-22,24.5,59024334
2020-12-21,24.3,12249139
2020-12-18,24.8,20221086
2020-12-17,24.75,15765820
2020-12-16,24.1,19335784
2020-12-15,23.5,23416590
2020-12-14,22.6,38633514
2020-12-11,22.7,47773785
2020-12-10,22.0,65042096
2020-12-09,23.45,29719495
2020-12-08,23.4,33857329
2020-12-07,23.7,14747359
2020-12-04,23.95,14929751
2020-12-03,23.55,31201182
2020-12-02,24.0,44016720
2020-12-01,24.4,9387334
2020-11-30,24.0,47021980
2020-11-27,24.45,15376630
2020-11-26,24.5,40574802
2020-11-25,24.5,59220315
2020-11-24,24.1,71933841
2020-11-23,24.15,79740780
2020-11-20,25.6,44327247
2020-11-19,26.05,20328741
2020-11-18,26.7,57303612
2020-11-17,25.9,46335315
2020-11-16,26.0,94033702
2020-11-13,27.15,163516277
2020-11-12,28.15,161383290
2020-11-11,25.6,60813350
2020-11-10,24.5,67914245
2020-11-09,23.95,70223185
2020-11-06,22.3,29511202
2020-11-05,21.9,35991832
2020-11-04,21.85,21865005
2020-11-03,21.85,41102524
2020-11-02,21.95,47034686
2020-10-30,22.1,75230907
2020-10-28,21.5,46662869
2020-10-27,21.45,18857889
2020-10-26,21.15,47786629
2020-10-23,21.0,19555044
2020-10-22,20.65,39584053
2020-10-21,20.8,39607462
2020-10-20,21.05,27159351
2020-10-19,21.0,43004482
2020-10-16,21.55,73928278
2020-10-15,20.0,67233052
2020-10-14,20.0,53046483
2020-10-13,20.0,14829898
2020-10-12,19.95,47217351
2020-10-09,20.0,49974421
2020-10-08,20.1,74231671
2020-10-07,19.55,120622656
2020-10-06,20.8,135699401
2020-10-05,19.0,204685230
2020-10-02,18.05,132330501
2020-09-30,17.85,24871132
2020-09-29,17.5,90881534
2020-09-28,17.3,89511661
2020-09-25,17.3,50747803
2020-09-24,17.1,44543315
2020-09-23,17.0,28453633
2020-09-22,16.7,45884184
2020-09-21,16.7,11660062
2020-09-18,16.7,16001915
2020-09-17,16.7,25075012
2020-09-16,17.0,17986821
2020-09-15,17.2,18777986
2020-09-14,17.25,13235581
2020-09-11,17.2,17725275
2020-09-10,16.95,33163999
2020-09-09,16.4,35836453
2020-09-08,16.9,26044738
2020-09-07,17.3,30820907
2020-09-04,17.4,78598483
2020-09-03,17.2,25490830
2020-09-02,16.95,13048135
2020-09-01,16.85,7227149
2020-08-31,16.75,23895804
2020-08-28,16.85,4751963
2020-08-27,16.85,7443969
2020-08-26,16.95,10204160
2020-08-25,16.95,10434455
2020-08-24,16.85,45456691
2020-08-21,16.8,19077759
2020-08-20,16.9,9647937
2020-08-19,16.9,35942914
2020-08-18,16.75,35835574
2020-08-17,16.7,18600812
2020-08-14,16.7,58053034
2020-08-13,16.75,25659743
2020-08-12,16.75,15209013
2020-08-11,16.85,15307622
2020-08-10,16.8,7193330
2020-08-07,16.9,11337465
2020-08-06,16.7,6047987
2020-08-05,16.5,30793410
2020-08-04,16.95,6976051
2020-08-03,16.35,8203412
2020-07-29,16.3,5176792
2020-07-28,16.35,6632552
2020-07-27,15.9,7213714
2020-07-24,15.5,34572651
2020-07-23,15.55,17936679
2020-07-22,15.55,8661015
2020-07-21,15.55,17865392
2020-07-20,15.65,14190797
2020-07-17,15.75,8284222
2020-07-16,15.75,4464820
2020-07-15,15.55,15953234
2020-07-14,15.6,10644850
2020-07-13,16.2,8664173
2020-07-10,16.7,13241337
2020-07-09,16.75,23080402
2020-07-08,16.65,16776367
2020-07-07,16.35,7993495
2020-07-06,16.05,7996377
2020-07-03,15.25,27229510
2020-07-02,14.8,15538982
2020-07-01,15.7,5716517
2020-06-30,16.1,9806498
2020-06-29,16.2,10247855
2020-06-26,16.2,3987084
2020-06-25,16.15,18953884
2020-06-24,16.4,21345619
2020-06-23,16.25,8060066
2020-06-22,16.15,10426574
2020-06-19,16.15,12658657
2020-06-18,16.15,8414558
2020-06-17,16.15,6711927
2020-06-16,16.1,22631605
2020-06-15,16.2,24136028
2020-06-11,16.65,12386306
2020-06-10,16.6,16438691
2020-06-09,16.9,9953429
2020-06-08,16.9,19273434
2020-06-05,16.75,22274394
2020-06-04,16.7,25210511
2020-06-03,17.0,21795026
2020-06-02,17.1,34897571
2020-06-01,17.05,21580581
2020-05-29,16.9,33489796
2020-05-28,17.45,27415869
2020-05-27,17.9,67266796
2020-05-22,16.95,44955472
2020-05-21,17.0,57420769
2020-05-20,16.5,75074197
2020-05-19,15.85,39746368
2020-05-18,15.5,54927183
2020-05-15,15.45,18696342
2020-05-14,15.4,27280382
2020-05-13,15.1,7407881
2020-05-12,15.05,9172306
2020-05-11,15.05,12265601
2020-05-08,15.4,14714121
2020-05-07,15.2,75900409
2020-05-06,15.8,63388556
2020-05-05,14.85,40312069
2020-05-04,14.35,22850851
2020-04-30,14.3,25546850
2020-04-29,14.7,21721284
2020-04-28,14.85,27046686
2020-04-27,14.2,5910208
2020-04-24,14.05,10952003
2020-04-23,13.9,19376842
2020-04-22,13.75,30956054
2020-04-21,13.05,52200331
2020-04-20,14.15,26030034
2020-04-17,15.0,29899370
2020-04-16,14.35,84563274
2020-04-15,15.9,72101441
2020-04-14,14.5,35589583
2020-04-09,14.0,28280126
2020-04-08,13.25,30293949
2020-04-07,12.95,28579578
2020-04-06,12.05,32527529
2020-04-03,11.9,27753101
2020-04-02,11.0,100830641
2020-04-01,11.4,38672478
2020-03-31,11.7,29650351
2020-03-30,11.95,48194047
2020-03-27,12.6,42866498
2020-03-26,12.1,40604191
2020-03-25,11.75,44703514
2020-03-24,10.95,77914364
2020-03-23,10.7,120456307
2020-03-20,11.85,95396051
2020-03-19,12.15,118447125
2020-03-18,13.5,147007838
2020-03-17,13.5,173936141
2020-03-16,12.8,133172941
2020-03-13,11.9,161144377
2020-03-12,10.85,433157412
2020-03-11,12.05,412407439
2020-03-10,13.05,30085909
2020-03-09,16.95,53514893
2020-03-06,18.8,85835085
2020-03-05,20.0,62749423
2020-03-04,19.6,49366230
2020-03-03,19.6,54550478
2020-03-02,18.05,44186887
2020-02-28,18.5,45556062
2020-02-27,19.0,45573480
2020-02-26,19.05,31009031
2020-02-25,19.05,43318951
2020-02-24,19.1,56152768
2020-02-21,19.85,112476440
2020-02-20,19.4,36714958
2020-02-19,19.5,39999715
2020-02-18,19.5,48985036
2020-02-17,19.6,22451922
2020-02-14,19.65,21712171
2020-02-13,19.9,25409638
2020-02-12,19.95,20712775
2020-02-11,20.0,30240597
2020-02-10,19.85,18571034
2020-02-07,19.8,58627893
2020-02-06,20.0,34293190
2020-02-05,19.2,98133626
2020-02-04,19.2,68478251
2020-02-03,19.9,47521193
2020-01-31,20.85,47420967
2020-01-30,21.15,23955952
2020-01-29,21.15,46571457
2020-01-28,21.15,34289364
2020-01-27,21.45,45448299
2020-01-24,21.95,11036167
2020-01-23,22.0,15232894
2020-01-22,22.0,25730021
2020-01-21,22.35,57809636
2020-01-20,22.75,34996670
2020-01-17,22.3,38284887
2020-01-16,21.8,71833489
2020-01-15,21.35,31554525
2020-01-14,21.3,69716501
2020-01-13,21.7,39504781
2020-01-10,21.85,29177613
2020-01-09,22.0,80783404
2020-01-08,21.8,86064543
2020-01-07,21.0,73214429
2020-01-06,20.0,97112159
2020-01-03,19.25,63540004
2020-01-02,18.7,30910561
2019-12-31,18.6,29786039
2019-12-30,18.5,34676698
2019-12-27,18.4,8691167
2019-12-24,18.15,32157535
2019-12-23,18.3,12086702
2019-12-20,18.3,23845916
2019-12-19,18.5,27372853
2019-12-18,18.5,31014752
2019-12-17,18.7,46635127
2019-12-16,18.75,25592137
2019-12-13,18.75,13740786
2019-12-12,18.55,10849587
2019-12-11,18.5,19853596
2019-12-10,18.55,11231579
2019-12-09,18.5,24233130
2019-12-06,18.6,18919284
2019-12-05,18.7,25908677
2019-12-04,18.7,15859641
2019-12-03,18.8,18366551
2019-12-02,18.6,21778753
2019-11-29,18.6,27184407
2019-11-28,18.6,10373799
2019-11-27,18.5,22505294
2019-11-26,18.35,24110994
2019-11-25,18.6,42338418
2019-11-22,18.65,26118819
2019-11-21,18.6,18306997
2019-11-20,18.8,24094055
2019-11-19,18.5,21007319
2019-11-18,18.7,29544488
2019-11-15,18.85,71034520
2019-11-14,19.15,167922889
2019-11-13,17.8,336611682
2019-11-12,17.4,86545989
2019-11-08,17.15,127296172
2019-11-07,17.0,52940842
2019-11-06,17.35,26457816
2019-11-05,17.35,50428941
2019-11-04,17.15,45530854
2019-11-01,17.0,76548357
2019-10-31,17.0,103685102
2019-10-30,16.95,14502344
2019-10-29,17.0,43063706
2019-10-28,17.0,22005286
2019-10-25,17.0,74490714
2019-10-24,17.0,24064630
2019-10-23,17.0,26811833
2019-10-22,17.25,357226496
2019-10-21,17.2,12427977
2019-10-18,17.45,21005325
2019-10-17,17.7,11945430
2019-10-16,17.85,14881329
2019-10-15,17.9,11368704
2019-10-14,17.9,8339439
2019-10-11,17.95,7565491
2019-10-10,17.95,17507831
2019-10-09,17.95,15491573
2019-10-08,18.0,60916021
2019-10-07,18.0,6866512
2019-10-04,18.0,6291678
2019-10-03,18.25,7885421
2019-10-02,18.4,9405176
2019-09-30,18.7,4732174
2019-09-27,18.5,3713551
2019-09-26,18.35,6033400
2019-09-25,18.3,16560332
2019-09-24,18.55,6481127
2019-09-23,19.0,4504945
2019-09-20,18.7,14549676
2019-09-19,19.0,6850694
2019-09-18,19.35,13935469
2019-09-17,18.8,19988090
2019-09-16,19.1,15754773
2019-09-13,19.05,22523986
2019-09-12,18.7,5627803
2019-09-11,18.25,11303263
2019-09-10,18.2,40299822
2019-09-09,18.0,6711034
2019-09-06,18.0,31359002
2019-09-05,17.35,8964734
2019-09-04,17.5,27503369
2019-09-03,17.5,14244222
2019-09-02,17.55,16149775
2019-08-30,17.2,9260708
2019-08-29,18.35,19091549
2019-08-28,18.5,7567465
2019-08-27,19.0,11881334
2019-08-26,18.7,18650746
2019-08-23,18.6,17051190
2019-08-22,18.0,54306464
2019-08-21,17.5,34561722
2019-08-20,17.4,34106092
2019-08-19,17.0,26717641
2019-08-16,16.6,19349624
2019-08-15,16.25,18326667
2019-08-14,16.2,34718937
2019-08-09,16.35,34996779
2019-08-08,16.8,39044925
2019-08-07,17.75,8340731
2019-08-06,18.0,10936548
2019-08-05,18.25,19414060
2019-08-02,18.3,16947453
2019-08-01,18.3,11591995
2019-07-31,18.3,39135634
2019-07-30,18.4,14972846
2019-07-29,18.45,11259403
2019-07-26,18.5,12145980
2019-07-25,18.5,10251918
2019-07-24,18.6,22885807
2019-07-23,18.5,12570630
2019-07-22,18.4,16014062
2019-07-19,18.5,15891376
2019-07-18,18.5,21268958
2019-07-17,18.6,13283936
2019-07-16,18.75,10972490
2019-07-15,18.8,7777039
2019-07-12,19.0,17363357
2019-07-11,19.1,21129920
2019-07-10,19.2,45129381
2019-07-09,19.2,48521958
2019-07-08,19.2,14707083
2019-07-05,19.35,23113919
2019-07-04,19.5,12003533
2019-07-03,19.25,28192148
2019-07-02,19.45,22339462
2019-07-01,19.6,8545313
2019-06-28,19.8,18247778
2019-06-27,19.85,23337937
2019-06-26,20.0,8994818
2019-06-25,19.95,22195779
2019-06-24,20.0,355214203
2019-06-21,20.0,29647644
2019-06-20,20.0,19872521
2019-06-19,20.2,5077255
2019-06-18,20.25,409965614
2019-06-17,20.2,15637665
2019-06-14,20.0,6461329
2019-06-13,20.1,33988774
2019-06-11,20.15,28157649
2019-06-10,20.25,70250691
2019-06-07,20.35,30379230
2019-06-06,20.4,36024046
2019-06-03,20.25,8843607
2019-05-31,20.1,11212331
2019-05-30,20.55,39114067
2019-05-28,20.95,52096280
2019-05-27,19.2,8731234
2019-05-24,19.0,31693102
2019-05-23,18.8,33493590
2019-05-22,19.0,29465005
2019-05-21,19.5,19481185
2019-05-20,19.65,12696393
2019-05-17,19.6,17592458
2019-05-16,19.55,16411424
2019-05-15,20.0,12779530
2019-05-14,20.0,27019941
2019-05-13,19.7,11145370
2019-05-10,20.0,16638322
2019-05-09,20.0,28612023
2019-05-08,20.45,32215715
2019-05-07,20.55,22110161
2019-05-06,20.9,10485910
2019-05-03,21.0,16983117
2019-05-02,21.2,6735727
2019-04-30,21.3,25115418
2019-04-29,21.1,14041140
2019-04-26,21.35,11260725
2019-04-25,21.45,19609580
2019-04-24,21.35,25772269
2019-04-23,20.9,24681783
2019-04-18,20.9,27421194
2019-04-17,20.9,16309614
2019-04-16,20.9,6097626
2019-04-15,20.5,5580341
2019-04-12,20.45,29317637
2019-04-11,20.45,45367505
2019-04-10,20.6,11672261
2019-04-09,20.15,23352135
2019-04-08,20.2,26640919
2019-04-05,20.35,33004967
2019-04-04,20.5,31939793
2019-04-03,20.4,35702384
2019-04-02,21.3,31987504
2019-04-01,21.9,7718967
2019-03-29,21.8,25753965
2019-03-28,21.8,9516336
2019-03-27,22.0,27925522
2019-03-26,21.7,6332116
2019-03-25,21.5,28643560
2019-03-22,22.05,21050150
2019-03-21,22.0,30752160
2019-03-20,22.2,22451904
2019-03-19,21.95,22153865
2019-03-18,21.9,27576849
2019-03-15,22.0,39600019
2019-03-14,22.2,80784438
2019-03-13,22.4,14588557
2019-03-12,22.55,46460559
2019-03-11,22.75,21300036
2019-03-08,24.95,46687346
2019-03-07,24.6,34809317
2019-03-06,24.5,45371111
2019-03-05,24.7,24403097
2019-03-04,24.5,28868418
2019-03-01,23.95,64507920
2019-02-28,23.9,22113139
2019-02-27,24.9,9755604
2019-02-26,25.8,14541075
2019-02-25,26.0,12952178
2019-02-22,25.75,4348641
2019-02-21,25.3,15665985
2019-02-20,25.8,16799958
2019-02-19,25.35,37342076
2019-02-18,24.0,15682657
2019-02-15,24.75,37511828
2019-02-14,24.75,40288012
2019-02-13,24.9,44085915
2019-02-12,25.0,63177801
2019-02-11,24.95,46510154
2019-02-08,24.4,147028394
2019-02-07,24.45,63434591
2019-02-06,22.8,55737450
2019-02-05,22.75,20743903
2019-02-04,22.9,10910309
2019-02-01,22.95,7383144
2019-01-31,22.5,27599931
2019-01-30,23.0,56367469
2019-01-29,22.95,14894326
2019-01-28,23.45,17568015
2019-01-25,23.0,35708155
2019-01-24,22.15,36473132
2019-01-23,22.0,31004680
2019-01-22,21.8,10894702
2019-01-21,21.5,26107648
2019-01-18,21.5,49699742
2019-01-17,21.7,19831603
2019-01-16,21.95,16231311
2019-01-15,21.95,21131980
2019-01-14,21.8,12317356
2019-01-11,21.85,18978224
2019-01-10,21.6,23998316
2019-01-09,21.0,25816028
2019-01-08,20.3,32840318
2019-01-07,21.3,19746394
2019-01-04,21.7,26313353
2019-01-03,22.7,7413028
2019-01-02,23.05,17964034
2018-12-31,23.05,36429503
2018-12-28,23.0,39606872
2018-12-27,23.3,27934160
2018-12-24,23.0,9494386
2018-12-21,22.7,24936630
2018-12-20,22.55,37289117
2018-12-19,22.6,51895789
2018-12-18,22.9,102386253
2018-12-17,22.9,4893457
2018-12-14,23.0,11203481
2018-12-13,23.0,17645447
2018-12-12,23.05,55340501
2018-12-11,23.15,58298758
2018-12-10,23.05,8922806
2018-12-07,23.55,11055892
2018-12-06,23.5,6757186
2018-12-05,23.85,1714291
2018-12-04,24.0,5429810
2018-12-03,23.6,19235671
2018-11-30,23.2,20082025
2018-11-29,23.0,22286204
2018-11-28,23.25,5511017
2018-11-27,23.6,3618691
2018-11-26,23.95,14477224
2018-11-23,24.0,13803066
2018-11-22,24.15,605542199
2018-11-21,24.0,23990494
2018-11-19,24.1,4782795
2018-11-16,24.0,9810373
2018-11-15,23.3,9244962
2018-11-14,24.05,20721430
2018-11-13,24.25,6321361
2018-11-12,24.0,11738654
2018-11-09,24.4,10057464
2018-11-08,24.3,2156475
2018-11-07,24.0,288272177
2018-11-06,23.85,10125490
2018-11-05,23.7,6987071
2018-11-02,23.55,4105695
2018-11-01,23.2,24365493
2018-10-31,23.5,29564439
2018-10-30,23.7,10873229
2018-10-29,24.45,28425863
2018-10-26,24.0,14092950
2018-10-25,24.0,24497367
2018-10-24,24.2,5466337
2018-10-23,24.0,13278598
2018-10-22,24.0,5820250
2018-10-19,22.9,8545234
2018-10-18,22.55,37169688
2018-10-17,22.45,87053446
2018-10-16,22.7,17265345
2018-10-15,22.35,4334602
2018-10-12,22.2,13628854
2018-10-11,22.05,6139102
2018-10-10,22.0,6918716
2018-10-09,21.9,6616769
2018-10-08,21.75,5777270
2018-10-05,21.55,12348896
2018-10-04,22.4,4391666
2018-10-03,21.8,6714593
2018-10-02,21.5,15568015
2018-09-28,21.5,11351512
2018-09-27,21.5,11428347
2018-09-26,21.4,12344615
2018-09-25,20.45,43282426
2018-09-24,21.0,5812105
2018-09-21,20.8,82467991
2018-09-20,20.65,20725855
2018-09-19,20.75,24169907
2018-09-18,20.75,16431397
2018-09-17,20.25,10326366
2018-09-14,20.05,51812165
2018-09-13,19.6,25863588
2018-09-12,19.7,16947596
2018-09-11,19.9,11689826
2018-09-10,20.5,6639714
2018-09-07,20.9,19678048
2018-09-06,21.0,9909093
2018-09-05,21.45,2379421
2018-09-04,21.9,7805058
2018-09-03,21.35,5877744
2018-08-31,21.0,47765889
2018-08-30,21.65,5465849
2018-08-29,22.0,8301538
2018-08-28,22.2,7422519
2018-08-27,22.0,10469523
2018-08-24,21.95,13336180
2018-08-23,21.85,25992519
2018-08-20,21.85,36664571
2018-08-17,22.85,15871230
2018-08-16,22.95,17353868
2018-08-15,23.0,22391608
2018-08-14,23.5,5720203
2018-08-13,23.45,12423185
2018-08-10,23.6,11826639
2018-08-09,23.6,19916455
2018-08-08,23.75,7856854
2018-08-07,23.75,6490539
2018-08-06,23.95,11474512
2018-08-03,23.85,4619908
2018-08-02,23.65,5479530
2018-08-01,23.05,94859165
2018-07-31,23.0,9442732
2018-07-30,23.7,8376785
2018-07-27,23.7,31290317
2018-07-26,23.7,30288679
2018-07-25,23.25,20395987
2018-07-24,23.1,42715866
2018-07-23,23.05,11293315
2018-07-20,23.0,64927161
2018-07-19,22.95,26513650
2018-07-18,23.95,15145318
2018-07-17,23.8,15424268
2018-07-16,23.95,16614440
2018-07-13,24.0,4186092
2018-07-12,24.0,40843109
2018-07-11,24.4,41052975
2018-07-10,24.2,39933066
2018-07-09,24.3,13923994
2018-07-06,24.3,17274620
2018-07-05,24.3,38302703
2018-07-04,24.3,6965814
2018-07-03,24.0,16485957
2018-07-02,24.6,8779476
2018-06-29,25.0,50452575
2018-06-28,24.9,26227383
2018-06-27,25.0,31535625
2018-06-26,25.5,20228778
2018-06-25,25.95,16189539
2018-06-22,25.9,4164696
2018-06-21,25.7,8324301
2018-06-20,26.0,44844747
2018-06-19,25.5,35795220
2018-06-14,26.4,8483477
2018-06-13,26.75,7597788
2018-06-12,27.2,1279198
2018-06-11,27.3,3791653
2018-06-08,27.05,8465051
2018-06-07,27.8,14947996
2018-06-06,28.0,110595132
2018-06-05,27.05,19962414
2018-06-04,26.0,15127123
2018-06-01,25.5,55516522
2018-05-31,25.5,127192453
2018-05-30,25.6,35695122
2018-05-28,26.1,9139905
2018-05-25,26.65,22211619
2018-05-24,27.0,20366501
2018-05-23,27.95,20083475
2018-05-22,27.95,26463426
2018-05-21,28.05,10094339
2018-05-18,28.0,7579750
2018-05-17,27.9,170606250
2018-05-16,27.75,33821221
2018-05-15,27.6,11727720
2018-05-14,28.75,5536709
2018-05-11,28.9,22164554
2018-05-10,27.95,79349983
2018-05-09,27.5,13775477
2018-05-08,27.4,32535290
2018-05-07,27.45,10663421
2018-05-04,27.5,11806974
2018-05-03,27.65,17657438
2018-05-02,27.6,30065965
2018-04-30,27.45,23614631
2018-04-27,27.4,32175056
2018-04-26,27.45,17017927
2018-04-25,27.5,7139417
2018-04-24,27.9,24566615
2018-04-23,27.2,76674068
2018-04-20,27.0,30193638
2018-04-19,27.0,70721099
2018-04-18,27.0,9121047
2018-04-17,26.95,65233309
2018-04-16,26.5,11076938
2018-04-13,26.1,14276437
2018-04-12,26.0,28067223
2018-04-11,26.25,100626979
2018-04-10,26.35,43984447
2018-04-09,26.9,22492504
2018-04-06,27.3,31445969
2018-04-05,27.5,16515152
2018-04-04,27.35,61227034
2018-04-03,29.8,88197712
2018-03-29,29.3,45342361
2018-03-28,29.8,13255508
2018-03-27,29.85,59852189
2018-03-26,30.5,58418406
2018-03-23,30.2,24671987
2018-03-22,28.8,67273381
2018-03-21,28.3,29588021
2018-03-20,28.0,24140022
2018-03-19,28.0,128971511
2018-03-16,27.6,87424429
2018-03-15,28.75,66945604
2018-03-14,29.9,36344385
2018-03-13,30.45,70262625
2018-03-12,31.0,78964435
2018-03-09,30.9,6493824
2018-03-08,31.0,16626343
2018-03-07,31.2,64604587
2018-03-06,31.25,37851358
2018-03-05,31.1,11939439
2018-03-02,31.55,44328394
2018-03-01,31.5,40035456
2018-02-28,31.9,25574617
2018-02-27,31.35,15356776
2018-02-26,32.15,8965085
2018-02-23,31.9,29340944
2018-02-22,31.75,22996062
2018-02-21,31.5,11822518
2018-02-20,31.05,5566712
2018-02-19,31.3,15649251
2018-02-16,32.0,27479664
2018-02-15,31.65,27630944
2018-02-14,31.5,15711899
2018-02-13,30.0,16162394
2018-02-12,29.4,19347235
2018-02-09,30.9,9768474
2018-02-08,32.0,14948696
2018-02-07,32.0,22733616
2018-02-06,31.2,17831001
2018-02-05,32.65,12576585
2018-02-02,31.95,19042073
2018-02-01,31.05,10655575
2018-01-31,31.0,48522640
2018-01-30,31.0,15571720
2018-01-29,31.0,32839892
2018-01-26,31.0,15106209
2018-01-25,31.0,54862124
2018-01-24,31.0,17633663
2018-01-23,32.0,43302889
2018-01-22,32.75,19369903
2018-01-19,33.0,33033906
2018-01-18,32.3,16130660
2018-01-17,32.5,29765072
2018-01-16,33.51,25145100
2018-01-15,32.0,23954504
2018-01-12,31.26,49214762
2018-01-11,33.01,129432070
2018-01-10,32.02,63495945
2018-01-09,30.0,41904581
2018-01-08,28.61,17459290
2018-01-05,27.9,47381113
2018-01-04,27.32,11022250
2018-01-03,26.02,13610391
2018-01-02,25.93,24777162
2017-12-29,25.64,21121605
2017-12-28,25.5,10192440
2017-12-27,25.5,10174253
2017-12-22,25.5,10143562
2017-12-21,25.44,5255567
2017-12-20,25.45,5515060
2017-12-19,25.38,62512010
2017-12-18,25.62,35298683
2017-12-15,25.7,127920454
2017-12-14,24.99,29433918
2017-12-13,25.0,17337770
2017-12-12,26.0,35177300
2017-12-11,26.03,35322035
2017-12-08,26.91,10792627
2017-12-07,27.5,112742572
2017-12-06,26.04,71175913
2017-12-05,25.01,42820631
2017-12-04,24.85,55624481
2017-11-30,24.93,39671031
2017-11-29,24.79,26754394
2017-11-28,24.76,62736517
2017-11-27,24.73,25603411
2017-11-24,24.99,19364884
2017-11-23,25.0,90289874
2017-11-22,24.55,11900372
2017-11-21,24.24,27346667
2017-11-20,24.98,12775141
2017-11-17,24.12,71759715
2017-11-16,24.04,18632419
2017-11-15,23.95,24690242
2017-11-14,23.68,10572539
2017-11-13,24.84,5115105
2017-11-10,25.0,32954861
2017-11-09,25.1,3505828
2017-11-08,25.58,6899958
2017-11-07,25.8,5289176
2017-11-06,25.69,7688074
2017-11-03,25.92,8834561
2017-11-02,25.8,17170796
2017-11-01,25.87,16688725
2017-10-31,25.49,10224177
2017-10-30,26.0,15596468
2017-10-27,25.71,9918804
2017-10-26,25.65,4621363
2017-10-25,25.6,43455744
2017-10-24,25.3,12120126
2017-10-23,25.1,13669092
2017-10-20,25.99,24028383
2017-10-19,26.25,14036545
2017-10-18,26.31,13611865
2017-10-17,26.45,21985819
2017-10-16,26.3,12674397
2017-10-13,25.5,9151366
2017-10-12,25.26,22928800
2017-10-11,25.25,10499769
2017-10-10,25.25,9200008
2017-10-09,25.25,23668782
2017-10-06,25.01,46187183
2017-10-05,24.68,7805521
2017-10-04,24.4,17346129
2017-10-03,24.01,26866813
2017-09-29,23.4,22542168
2017-09-28,23.3,8705627
2017-09-27,22.51,4362507
2017-09-26,22.12,16646939
2017-09-25,22.01,1150679
2017-09-22,22.05,7581822
2017-09-21,22.0,25485015
2017-09-20,22.08,1556393
2017-09-19,22.0,10563881
2017-09-18,22.01,8127402
2017-09-15,22.1,12638481
2017-09-14,22.2,20215521
2017-09-13,22.75,12221986
2017-09-12,22.86,39301103
2017-09-11,23.08,19830286
2017-09-08,23.08,21792006
2017-09-07,23.75,18460319
2017-09-06,23.76,9291362
2017-09-05,23.1,17843583
2017-08-31,23.0,10303904
2017-08-30,22.8,5638391
2017-08-29,22.8,18197957
2017-08-28,22.8,9735083
2017-08-25,23.1,2554246
2017-08-24,23.1,17508564
2017-08-23,23.5,57242090
2017-08-22,23.05,7208686
2017-08-21,24.0,22736282
2017-08-18,24.53,61847345
2017-08-17,23.01,25969710
2017-08-16,22.5,12655749
2017-08-15,23.26,40146234
2017-08-14,23.5,10517386
2017-08-11,23.75,49365399
2017-08-10,24.0,58840157
2017-08-09,24.5,11673683
2017-08-08,24.5,16911778
2017-08-07,25.1,29570036
2017-08-04,25.2,80333981
2017-08-03,25.4,18121694
2017-08-02,25.0,25604565
2017-08-01,24.65,27758549
2017-07-31,24.61,45783426
2017-07-28,25.9,46197370
2017-07-27,25.71,63036007
2017-07-26,25.6,33286595
2017-07-25,24.0,9020939
2017-07-24,23.25,14553489
2017-07-21,22.95,39426382
2017-07-20,22.05,11154243
2017-07-19,21.98,33113255
2017-07-18,21.53,6273578
2017-07-17,21.95,7943028
2017-07-14,21.93,16049841
2017-07-13,22.1,17351977
2017-07-12,22.02,26419094
2017-07-11,22.02,18278724
2017-07-10,21.31,15664623
2017-07-07,20.6,73314897
2017-07-06,20.4,1701639
2017-07-05,20.2,28501251
2017-07-04,20.2,13265809
2017-07-03,20.51,8888145
2017-06-30,20.89,13549492
2017-06-29,20.9,20026140
2017-06-28,20.58,13442699
2017-06-23,20.33,30502478
2017-06-22,20.43,57524148
2017-06-21,21.2,87934416
2017-06-20,22.08,47679772
2017-06-19,22.5,14616594
2017-06-16,22.89,73668401
2017-06-15,22.9,70936958
2017-06-14,21.89,61129471
2017-06-13,20.85,62303844
2017-06-12,20.64,14296836
2017-06-09,20.7,21031629
2017-06-08,20.46,23105584
2017-06-07,19.99,17124778
2017-06-06,20.15,51317037
2017-06-05,20.18,54883738
2017-06-02,19.99,50883193
2017-06-01,19.5,35109666
2017-05-31,18.95,26567711
2017-05-30,19.5,68682544
2017-05-26,19.13,44331930
2017-05-25,18.22,22966011
2017-05-24,18.01,94788971
2017-05-23,17.71,12787208
2017-05-22,17.7,29857681
2017-05-19,17.89,31540271
2017-05-18,17.97,63207938
2017-05-17,17.1,11106776
2017-05-16,17.21,28461688
2017-05-15,17.1,225346038
2017-05-12,18.13,106350344
2017-05-11,18.18,46962717
2017-05-10,17.32,50010042
2017-05-09,16.4,52295401
2017-05-08,16.21,30371644
2017-05-05,16.18,58539270
2017-05-04,15.93,42053566
2017-05-03,15.7,41879331
2017-05-02,15.45,34301619
2017-04-28,14.9,30843771
2017-04-27,14.8,30169139
2017-04-26,14.62,7602233
2017-04-25,14.61,9037369
2017-04-24,14.8,26571424
2017-04-21,14.5,2401099
2017-04-20,14.51,3730103
2017-04-19,14.6,33580365
2017-04-18,14.5,10850809
2017-04-13,14.42,30931219
2017-04-12,14.3,9094104
2017-04-11,14.25,5236258
2017-04-10,14.44,5346799
2017-04-07,14.45,2519148
2017-04-06,14.5,15297967
2017-04-05,14.5,24344311
2017-04-04,14.3,5039875
2017-04-03,14.2,3837524
2017-03-31,14.05,69127067
2017-03-30,14.0,44680696
2017-03-29,13.78,3459814
2017-03-28,13.7,12676267
2017-03-27,13.5,52911200
2017-03-24,13.49,6511027
2017-03-23,13.6,8492189
2017-03-22,13.8,4170602
2017-03-21,13.65,2887572
2017-03-20,14.0,23036284
2017-03-17,14.13,41430885
2017-03-16,14.55,20875881
2017-03-15,14.15,4064954
2017-03-14,13.76,7537435
2017-03-13,13.3,7239443
2017-03-10,14.78,87187748
2017-03-09,14.65,45000922
2017-03-08,14.59,24033791
2017-03-07,14.69,42653303
2017-03-06,14.5,24029664
2017-03-03,14.35,132559713
2017-03-02,13.9,33736178
2017-03-01,14.0,81713308
2017-02-28,14.7,107253911
2017-02-27,14.8,69113031
2017-02-24,14.73,28409737
2017-02-23,14.8,7230257
2017-02-22,14.8,42033169
2017-02-21,14.7,8862920
2017-02-20,14.99,16093035
2017-02-17,15.0,59528135
2017-02-16,14.99,12776707
2017-02-15,15.01,48467690
2017-02-14,15.14,9617255
2017-02-13,15.74,2356033
2017-02-10,15.45,13763860
2017-02-09,15.01,12502275
2017-02-08,15.0,23851437
2017-02-07,15.0,18675690
2017-02-06,15.33,12179889
2017-02-03,15.56,3329979
2017-02-02,15.6,18674005
2017-02-01,15.39,4068003
2017-01-31,15.7,11515023
2017-01-30,15.9,4796149
2017-01-27,16.0,52468063
2017-01-26,15.5,7190861
2017-01-25,15.35,12031500
2017-01-24,15.4,11164237
2017-01-23,15.95,16047118
2017-01-20,16.0,6970762
2017-01-19,15.84,10073728
2017-01-18,15.8,17334429
2017-01-17,15.83,9592314
2017-01-16,15.9,3599057
2017-01-13,15.57,2551913
2017-01-12,15.5,4622082
2017-01-11,15.19,4785891
2017-01-10,15.1,12896124
2017-01-09,15.49,8851535
2017-01-06,14.77,20814786
2017-01-05,14.5,8601136
2017-01-04,14.55,3551777
2017-01-03,14.4,2751524
2016-12-30,14.75,8447662
2016-12-29,14.89,11756657
2016-12-28,14.69,7588879
2016-12-23,14.45,3878602
2016-12-22,14.4,5159843
2016-12-21,14.4,20540438
2016-12-20,14.38,25629136
2016-12-19,14.4,18815787
2016-12-16,14.39,12818342
2016-12-15,14.73,20747253
2016-12-14,14.5,21188751
2016-12-13,14.34,4822835
2016-12-09,14.5,2194023
2016-12-08,14.5,2360873
2016-12-07,14.25,2163110
2016-12-06,14.3,10425092
2016-12-05,14.35,29521638
2016-12-02,14.03,10069055
2016-12-01,13.8,5879746
2016-11-30,13.8,18595691
2016-11-29,13.52,6202399
2016-11-28,13.5,14778318
2016-11-25,13.8,20032268
2016-11-24,14.0,4693629
2016-11-23,14.16,3147802
2016-11-22,14.2,5879598
2016-11-21,14.15,5845658
2016-11-18,14.18,2037980
2016-11-17,14.12,3810186
2016-11-16,14.18,19322502
2016-11-15,14.38,5300886
2016-11-14,14.5,6772687
2016-11-11,15.13,22391586
2016-11-10,14.7,9702508
2016-11-09,14.21,7126184
2016-11-08,14.62,14121414
2016-11-07,14.79,11724368
2016-11-04,14.8,24207165
2016-11-03,15.1,4219563
2016-11-02,14.81,12755174
2016-11-01,14.81,5114863
2016-10-31,14.7,2094285
2016-10-28,14.9,2511257
2016-10-27,14.95,4987303
2016-10-26,15.0,3887960
2016-10-25,14.9,19239683
2016-10-24,15.0,20788984
2016-10-21,14.75,6065215
2016-10-20,14.75,10516309
2016-10-19,14.69,2096375
2016-10-18,14.75,4642506
2016-10-17,14.7,3485329
2016-10-14,15.0,2986017
2016-10-13,15.06,3199785
2016-10-12,15.1,7637203
2016-10-11,15.04,18953135
2016-10-10,14.55,27817872
2016-10-07,14.23,7243634
2016-10-06,14.95,18580095
2016-10-05,15.0,20877933
2016-10-04,15.57,13497068
2016-09-30,15.21,15760737
2016-09-29,15.7,14999510
2016-09-28,15.78,6319419
2016-09-27,15.6,8359841
2016-09-26,15.45,11648455
2016-09-23,15.6,19495993
2016-09-22,15.79,24115858
2016-09-21,15.0,51227459
2016-09-20,14.6,12191708
2016-09-19,14.53,21001568
2016-09-16,14.5,13668222
2016-09-15,14.53,7251217
2016-09-14,14.59,8558636
2016-09-09,14.6,16614662
2016-09-08,14.68,6234334
2016-09-07,14.6,23135162
2016-09-06,14.6,4806720
2016-09-05,14.95,3473288
2016-09-02,14.8,15768202
2016-09-01,14.9,11963021
2016-08-31,14.9,24334083
2016-08-30,14.95,19327232
2016-08-29,15.3,7839943
2016-08-26,15.3,27329196
2016-08-25,15.3,8815398
2016-08-24,15.59,30389818
2016-08-23,15.76,5666672
2016-08-22,15.77,10153427
2016-08-19,15.8,9909225
2016-08-18,15.3,14085798
2016-08-17,15.0,3635391
2016-08-16,15.25,67053176
2016-08-15,15.0,45786194
2016-08-12,15.3,8226761
2016-08-11,15.6,39294638
2016-08-10,16.0,8448956
2016-08-09,16.0,16213964
2016-08-08,16.01,7527540
2016-08-05,16.03,5251146
2016-08-04,16.35,8188880
2016-08-03,16.45,2674473
2016-08-02,16.8,46799425
2016-08-01,16.71,15512358
2016-07-29,16.91,52897285
2016-07-28,16.31,21852146
2016-07-27,16.8,16233090
2016-07-26,16.39,28192411
2016-07-25,15.65,27138715
2016-07-22,15.37,46589077
2016-07-21,15.3,21657028
2016-07-20,15.5,6253321
2016-07-19,16.14,9953210
2016-07-18,16.41,17663437
2016-07-15,16.38,12070943
2016-07-14,16.15,25837935
2016-07-13,16.3,22474697
2016-07-12,16.41,12884526
2016-07-11,15.87,9375486
2016-07-08,15.45,8740619
2016-07-04,15.12,12514351
2016-07-01,15.6,4308491
2016-06-30,15.77,21513697
2016-06-29,16.0,21269528
2016-06-28,15.65,25237860
2016-06-27,15.96,17586269
2016-06-24,17.0,41483380
2016-06-23,17.7,96774007
2016-06-22,17.32,59997091
2016-06-21,16.69,83744967
2016-06-20,15.96,16973908
2016-06-17,16.65,63921257
2016-06-16,16.59,74635168
2016-06-15,15.77,36206586
2016-06-14,14.95,6603434
2016-06-13,15.0,11046272
2016-06-10,15.0,27272604
2016-06-09,14.8,11562264
2016-06-08,14.7,13391931
2016-06-07,14.8,8715530
2016-06-06,14.8,5428630
2016-06-03,14.95,33994129
2016-06-02,13.91,4402332
2016-06-01,13.6,56728977
2016-05-31,14.98,15859264
2016-05-27,16.58,10771781
2016-05-26,17.1,28186342
2016-05-25,16.51,48230555
2016-05-24,15.0,17299041
2016-05-23,15.17,35369375
2016-05-20,15.95,111956294
2016-05-19,15.67,38762087
2016-05-18,15.02,45084903
2016-05-17,14.44,33948104
2016-05-16,15.03,16519643
2016-05-13,14.7,25526779
2016-05-12,14.0,13604895
2016-05-11,13.8,12541065
2016-05-10,13.8,27658084
2016-05-09,13.75,8020525
2016-05-06,13.15,14222263
2016-05-05,13.0,15962608
2016-05-04,12.99,22500786
2016-05-03,12.97,19737082
2016-04-29,12.7,26501490
2016-04-28,12.28,10764736
2016-04-27,12.3,6264115
2016-04-26,12.2,24809632
2016-04-25,12.06,6923532
2016-04-22,12.15,30520819
2016-04-21,12.13,21555690
2016-04-20,11.8,15979777
2016-04-19,11.52,29713738
2016-04-18,11.3,12
2016-04-15,11.45,16895688
2016-04-14,11.2,10610426
2016-04-13,11.0,22991596
2016-04-12,10.9,17929986
2016-04-11,10.5,8515811
2016-04-08,10.96,12204389
2016-04-07,11.0,12584161
2016-04-06,11.01,5706946
2016-04-05,11.0,4791732
2016-04-04,10.88,5765879
2016-04-01,10.98,12262680
2016-03-31,10.75,15121453
2016-03-30,10.96,26332828
2016-03-29,11.31,7842077
